polity_name,source,layer_year,entity_area_name,truhart_id,SUM_IAC_all,SUM_Inter_state,SUM_Intra_state,SUM_HYDE_pop,mean_elevation,mean_open_terrain,inner_asia_border_dist,landform,warm_water_coast
Fatimids,Euratlas 1000,1000,Egypt (Fatimid Caliphs),8.113,,,,5542092.969,311.3145427,0.081818182,1268.357068,Peninsula,1
Fatimids,Euratlas 1100,1100,Egypt (Fatimid Caliphs),8.113,2,3,0,4316573.016,311.3145427,0.020400453,1297.012617,Peninsula,1
Ayyubids,Euratlas 1200,1200,Egypt (Banu Aiyub Sultans),8.114,10,11,0,4802558.429,387.7686971,0.145914905,734.4983991,Peninsula,1
Egypt,Euratlas 1300,1300,Egypt (Mamluk),8.115,1,1,0,5310074.808,296.5755075,0.05731661,1166.357319,Peninsula,1
Egypt,Euratlas 1400,1400,Egypt (Mamluk),8.115,1,1,0,4708644.89,296.5755075,0.086669568,899.843801,Peninsula,1
Egypt,Euratlas 1500,1500,Egypt (Mamluk),8.115,0,1,0,4509366.91,296.5755075,0.039317281,1169.472393,Peninsula,1
Ghaznavids,Geacron 1000,1000,Zabulistan,10.111,9,7,2,3388609.781,1238.106817,0.59902357,0,Continent,1
Ghaznavids,Geacron 1100,1100,Zabulistan,10.111,4,2,2,7075029.604,1238.106817,0.581273281,0,Continent,1
Afghanistan,Geacron 1800,1800,Kabul,10.112,,,,11652442.89,1263.120107,0.667383975,0,Continent,1
,,1600,Badakhshan,10.1151,,,,2323.847409,1201.778533,0.655172414,0,Continent,0
,,1700,Badakhshan,10.1151,,,,142277.5773,1201.778533,0.43877551,0,Continent,0
,,1800,Badakhshan,10.1151,,,,2632.425349,1201.778533,0.655172414,0,Continent,0
Hirat,GADM 1st Order: Hirat,1100,Harat,10.122,,,,125973.0754,1460.094324,0.852864583,0,Continent,0
Hirat,GADM 1st Order: Hirat,1200,Harat,10.122,2,2,0,265266.3759,1460.094324,0.714412025,0,Continent,0
Hirat,GADM 1st Order: Hirat,1300,Harat,10.122,3,3,0,580943.601,1460.094324,0.831088083,0,Continent,0
Hirat,GADM 1st Order: Hirat,1400,Harat,10.122,,,,247569.8108,1460.094324,0.802439024,0,Continent,0
Hirat,GADM 1st Order: Hirat,1500,Harat,10.122,4,4,0,217757.0717,1460.094324,0.714412025,0,Continent,0
Ghor,GADM 1st Order: Ghor,1100,Gur,10.126,,,,114241.6604,953.6691471,0.998843931,53.89558404,Continent,0
Ghurid,Geacron 1200,1200,Gur,10.126,14,13,1,23524214.16,953.6691471,0.52447815,0,Continent,1
Ghur,GADM 1st Order: Ghur,1500,Gur,10.126,,,,46359.73424,953.6691471,0.998035363,53.89558404,Continent,0
Khiva,Geacron 1600,1000,Khwarizm,10.141,1,0,1,133379.5454,399.1495256,0.770189003,0,Continent,0
Khiva,Geacron 1600,1100,Khwarizm,10.141,,,,141892.3502,399.1495256,0.770189003,0,Continent,0
Khwarezm,Euratlas 1200,1200,Khwarizm,10.141,3,3,0,2399597.051,399.1495256,0.731647221,0,Continent,0
Khiva,Geacron 1600,1400,Khwarizm,10.141,,,,135907.2281,399.1495256,0.758139535,0,Continent,0
Khiva,Geacron 1600,1600,Khwarizm,10.141,,,,167900.4525,399.1495256,0.758139535,0,Continent,0
Khiva,Geacron 1700,1700,Khwarizm,10.141,1,1,0,87668.0616,399.1495256,0.720311486,0,Continent,0
Khiva,Geacron 1800,1800,Khwarizm,10.141,,,,187498.4278,399.1495256,0.760442879,0,Continent,0
Timur Empire,Euratlas 1400,1400,Samarqand,10.142,2,2,0,17073203.17,999.0473786,0.55898507,0,Continent,1
Timurid,Geacron 1500,1500,Samarqand,10.142,16,12,4,4851723.013,999.0473786,0.624552067,0,Continent,1
Buxoro,GADM 1st Order: Buxoro,1100,Bukhara,10.143,,,,46812.20034,777.4686165,0.632520325,0,Continent,0
Buxoro,GADM 1st Order: Buxoro,1200,Bukhara,10.143,2,2,0,50190.4136,777.4686165,0.632520325,0,Continent,0
Bukhara,Geacron 1600,1600,Bukhara,10.143,,,,1397869.208,777.4686165,0.727571476,0,Continent,0
Bukhara,Geacron 1700,1700,Bukhara,10.143,1,1,0,1480430.504,777.4686165,0.613992437,0,Continent,0
Bukhara,Geacron 1800,1800,Bukhara,10.143,,,,1067845.529,777.4686165,0.804727934,0,Continent,0
,,1700,Khuqand,10.153,,,,375206.5299,2546.711712,0.422043011,0,Continent,0
Kokand,Geacron 1800,1800,Khuqand,10.153,,,,1324257.489,2546.711712,0.26641967,0,Continent,0
Kara-Khanid,Geacron 1000,1000,Qarakhanids,10.172,2,2,0,1615478.68,1257.074184,0.588840399,0,Continent,0
,,1100,Qarakhanids,10.172,1,1,0,1565800.438,1443.295282,0.539818809,0,Continent,0
Kara-Khitan,Geacron 1200,1200,Qara Khytai,10.1722,3,3,0,1122085.933,1273.435072,0.50748314,0,Continent,0
Zunghar,Geacron 1700,1700,Dsungaria,10.174,1,1,0,1320774.76,1526.986019,0.400037781,0,Continent,0
,,1800,Dsungaria,10.174,,,,100896.8617,1526.986019,0.548780488,0,Continent,0
,,1000,Guzz,10.1763,,,,3626.539558,64.48559036,0.855978261,0,Continent,0
,,1100,Guzz,10.1763,,,,3705.376995,64.48559036,0.855978261,0,Continent,0
White Horde,Geacron 1300,1300,Aq Ordu,10.1766,,,,811111.315,288.4621361,0.839585239,0,Continent,0
Kazakh,Geacron 1600,1600,Kicik Guz,10.1771,,,,1626724.192,352.6120424,0.907497372,0,Continent,0
Kazakh,Geacron 1700,1700,Kicik Guz,10.1771,0,0,1,2013768.369,352.6120424,0.914391186,0,Continent,0
Kazakh,Geacron 1800,1800,Kicik Guz,10.1771,,,,166046.7693,352.6120424,0.932100211,0,Continent,0
Chagatai,Geacron 1300,1300,Ulus Cagatay,10.178,4,4,0,5272049.26,1959.678749,0.62952324,0,Continent,0
Chagatai,Geacron 1400,1400,Ulus Cagatay,10.178,,,,599278.8398,1959.678749,0.255960081,0,Continent,0
,,1400,Mogholistan,10.191,,,,787994.79,1502.786193,0.480922157,0,Continent,0
,,1500,Mogholistan,10.191,1,1,0,1766470.189,1502.786193,0.438299558,0,Continent,0
,,1000,Ladakh,10.246,,,,108164.4357,4883.581702,0.276363636,0,Continent,0
,,1100,Ladakh,10.246,,,,111769.9248,4883.581702,0.276363636,0,Continent,0
,,1200,Ladakh,10.246,,,,117937.8446,4883.581702,0.275,0,Continent,0
,,1300,Ladakh,10.246,,,,140886.6213,4883.581702,0.293918919,0,Continent,0
,,1400,Ladakh,10.246,,,,145155.9419,4883.581702,0.293918919,0,Continent,0
Ladakh,Geacron 1500,1500,Ladakh,10.246,,,,208492.3101,4883.581702,0.194977843,0,Continent,0
Ladakh,Geacron 1600,1600,Ladakh,10.246,,,,323484.9988,4883.581702,0.178004535,0,Continent,0
Ladakh,Geacron 1700,1700,Ladakh,10.246,,,,238232.2674,4883.581702,0.190812721,0,Continent,0
Ladakh,Geacron 1800,1800,Ladakh,10.246,,,,89776.45478,4883.581702,0.1937046,0,Continent,0
Northern Song,Geacron 1000,1000,China (Song),10.313,,,,28770095.02,605.790524,0.081046233,0,Continent,1
Northern Song,Geacron 1100,1100,China (Song),10.313,4,4,0,70899621.88,605.790524,0.081046233,0,Continent,1
Southern Song,Geacron 1200,1200,China (Song),10.313,8,8,0,52507820.72,605.790524,0.044744101,0,Continent,1
Jin,Geacron 1200,1200,China (Jin),10.314,4,3,1,40730975.8,550.7478822,0.196558053,0,Continent,1
Yuan,Geacron 1300,1300,China (Yuan),10.315,2,5,1,78701711.37,1681.573706,0.314448571,0,Continent,1
Ming,Geacron 1400,1400,China (Ming),10.316,2,2,0,65628829.33,980.4885133,0.212365681,0,Continent,1
Ming,Geacron 1500,1500,China (Ming),10.316,1,1,1,82666494.97,980.4885133,0.17650655,0,Continent,1
Ming,Geacron 1600,1600,China (Ming),10.316,21,14,10,88652882.46,980.4885133,0.169866048,0,Continent,1
Qing,Geacron 1700,1700,China (Da Qing),10.317,,,,95217975.73,1024.371273,0.330102342,0,Continent,1
Qing,Geacron 1800,1800,China (Da Qing),10.317,,,,276286334,1024.371273,0.35265304,0,Continent,1
Khitan,Geacron 1000,1000,Qidan,10.322,1,1,0,5150054.307,882.3453671,0.546561443,0,Continent,1
Khitan,Geacron 1100,1100,Qidan,10.322,,,,14709952.42,882.3453671,0.511087074,0,Continent,1
Dali,Geacron 1000,1000,Nanzhao,10.432,,,,918183.5047,1815.885403,0.065076889,367.1134592,Continent,0
Dali,Geacron 1100,1100,Nanzhao,10.432,,,,2091393.414,1815.885403,0.065076889,367.1134592,Continent,0
Dali,Geacron 1200,1200,Nanzhao,10.432,,,,2455618.439,1815.885403,0.060737034,367.1134592,Continent,0
Xi-Xia,Geacron 1000,1000,Xi Xia,10.456,1,1,0,339812.8544,1304.498084,0.929041697,0,Continent,0
Xi-Xia,Geacron 1100,1100,Xi Xia,10.456,,,,1073299.076,1304.498084,0.672816146,0,Continent,0
Xi-Xia,Geacron 1200,1200,Xi Xia,10.456,2,2,0,1226684.522,1304.498084,0.672816146,0,Continent,0
Goryeo,Geacron 1000,1000,Koryo,10.479,,,,2134754.399,337.6537968,0,0.688499935,Peninsula,1
Goryeo,Geacron 1200,1200,Koryo,10.479,,,,3415606.623,337.6537968,0,0.688499935,Peninsula,1
Goryeo,Geacron 1300,1300,Koryo,10.479,,,,2955343.842,337.6537968,0.001492092,0,Peninsula,1
Joseon,Geacron 1400,1400,Choson,10.48,,,,3416878.439,450.0112568,0.001492092,0,Peninsula,1
Joseon,Geacron 1500,1500,Choson,10.48,0,16,0,3918842.63,450.0112568,0.001492092,0,Peninsula,1
Joseon,Geacron 1600,1600,Choson,10.48,1,1,0,4876009.907,450.0112568,0.001492092,0,Peninsula,1
Joseon,Geacron 1700,1700,Choson,10.48,,,,6051037.16,450.0112568,0.00150015,0,Peninsula,1
Joseon,Geacron 1800,1800,Choson,10.48,,,,11948891.53,450.0112568,0.00150015,0,Peninsula,1
Japan,Geacron 1000,1000,Japan,10.491,,,,3959705.855,403.7570694,0.003899326,712.7425616,Island,1
Japan,Geacron 1100,1100,Japan,10.491,0,0,16,4091695.921,403.7570694,0.003899326,712.7425616,Island,1
Japan,Geacron 1200,1200,Japan,10.491,2,2,1,5651168.721,403.7570694,0.002694097,667.8563664,Island,1
Japan,Geacron 1300,1300,Japan,10.491,0,0,9,6445864.92,403.7570694,0.002694097,667.8563664,Island,1
Japan,Geacron 1400,1400,Japan,10.491,,,,8211854.936,403.7570694,0.002694097,667.8563664,Island,1
Japan,Geacron 1500,1500,Japan,10.491,0,0,28,11009237.17,403.7570694,0.002422374,488.9720577,Island,1
Japan,Geacron 1600,1600,Japan,10.491,0,1,8,15216019.11,403.7570694,0.002422374,488.9720577,Island,1
Japan,Geacron 1700,1700,Japan,10.491,,,,23898099.82,403.7570694,0.002422374,488.9720577,Island,1
Japan,Geacron 1800,1800,Japan,10.491,,,,25707974.27,403.7570694,0.002851711,488.9720577,Island,1
,,1300,Mongol Empire,10.521,2,2,0,19134.80624,1091.936574,0.979508197,0,Continent,0
Mongol,Geacron 1400,1400,Mongol Empire,10.521,2,2,0,2075769.691,1091.936574,0.560909305,0,Continent,0
Mongol,Geacron 1500,1500,Mongol Empire,10.521,,,,4186263.88,1091.936574,0.567601738,0,Continent,0
,,1300,Aq Ordu,10.533,,,,18061.47299,79.09295113,0.001883239,10.05879353,Continent,0
,,1400,Sibir,10.536,,,,0,96.70555772,0,98.30673856,Continent,0
Sibir,Geacron 1500,1500,Sibir,10.536,1,1,0,824081.6739,96.70555772,0.118980687,0,Continent,0
Buwayhids,Euratlas 1000,1000,Buyids,10.6123,5,3,2,3450176.026,1229.820209,0.553051933,89.25147954,Continent,1
Seljuks,Euratlas 1100,1100,Salguqi,10.6124,4,1,3,5199697.502,862.3337524,0.620418666,0,Continent,1
Ilkhanate,Geacron 1300,1300,Il-Khani,10.613,6,6,0,5823351.784,985.6334891,0.505773825,0,Continent,1
Persia,Euratlas 1600,1600,Iran,10.615,5,5,0,4753249.342,1132.033595,0.537552327,0,Continent,1
Persia,Euratlas 1700,1700,Iran,10.615,32,28,15,5898882.479,1132.033595,0.546,0,Continent,1
Persia,Euratlas 1800,1800,Iran,10.615,,,,5863509.166,1132.033595,0.506499011,0,Continent,1
Fars,"GADM 1st Order: Fars, Bushehr",1100,Fars,10.621,,,,246033.0072,1242.834913,0.851051402,643.3900872,Continent,1
Fars,"GADM 1st Order: Fars, Bushehr",1200,Fars,10.621,,,,570799.705,1242.834913,0.576030928,556.5964233,Continent,1
Fars,"GADM 1st Order: Fars, Bushehr",1300,Fars,10.621,,,,288701.6984,1242.834913,0.717082721,643.3900872,Continent,1
Fars,"GADM 1st Order: Fars, Bushehr",1400,Fars,10.621,,,,448776.8681,1242.834913,0.576030928,556.5964232,Continent,1
Kerman,Geacron 1200,1100,Kirman,10.622,,,,178760.6842,1337.507004,0.45004029,556.5964232,Continent,1
Kerman,Geacron 1200,1300,Kirman,10.622,,,,131718.3599,1337.507004,0.45004029,556.5964232,Continent,1
,,1100,Kilikian Armenia,10.6803,1,2,0,64930.53216,852.5986874,0,820.0853772,Peninsula,1
New Armenia,Euratlas 1200,1200,Kilikian Armenia,10.6803,,,,339914.1813,852.5986874,0.268983269,710.4758422,Peninsula,1
,,1000,Tabriz,10.706,,,,377861.0165,1122.747945,0.792696026,362.3134465,Continent,0
,,1100,Tabriz,10.706,,,,138518.2077,1122.747945,0.656976744,109.6111962,Continent,0
,,1400,Tabriz,10.706,,,,304455.3096,1122.747945,0.529685681,109.6111962,Continent,0
White Sheep,Euratlas 1500,1500,Tabriz,10.706,2,6,0,3910709.24,1122.747945,0.510882259,0,Continent,1
Iberia,Euratlas 1000,1000,Iberia,10.731,,,,86934.5376,1464.055522,0.250929368,45.89547657,Continent,0
Georgia,Euratlas 1100,1100,Iberia,10.731,,,,282978.8533,1464.055522,0.154237288,24.47750815,Continent,1
Georgia,Euratlas 1200,1200,Iberia,10.731,1,2,0,804190.8368,1464.055522,0.271070615,24.47750815,Continent,1
(Georgia),Euratlas 1300,1300,Iberia,10.731,1,1,0,553594.3486,1464.055522,0.146942017,24.47750815,Continent,1
Georgia,Euratlas 1400,1400,Iberia,10.731,,,,338995.6962,1464.055522,0.338407494,28.08133237,Continent,1
(Roman Empire),Euratlas 1000,1000,Byzantine Empire I,10.771,11,20,3,8138089.072,738.8872449,0.251454898,0,Peninsula,1
Roman Empire,Euratlas 1100,1100,Byzantine Empire I,10.771,6,9,1,5270082.397,738.8872449,0.063683487,0,Continent,1
Roman Empire,Euratlas 1200,1200,Byzantine Empire I,10.771,2,15,0,4271181.324,738.8872449,0.054649137,0,Peninsula,1
R7m,Euratlas 1100,1100,Rum,10.782,1,1,0,230124.7478,1243.819603,0.561170213,492.1191862,Peninsula,0
R7m,Euratlas 1200,1200,Rum,10.782,2,3,0,1499542.742,1243.819603,0.477509681,354.3054636,Peninsula,1
(R5m),Euratlas 1300,1300,Rum,10.782,,,,1305599.782,1243.819603,0.472660996,378.4230316,Peninsula,0
Danishmends,Euratlas 1100,1100,Danismand,10.784,1,1,0,811432.6446,1211.264315,0.400669643,343.3112164,Peninsula,0
Roman Empire,Euratlas 1300,1300,Byzantine Empire II,10.811,3,10,0,1915997.834,456.5401735,0.055754679,74.59473559,Continent,1
Roman Empire,Euratlas 1400,1400,Byzantine Empire II,10.811,0,2,0,116420.8375,456.5401735,0.055555556,87.20900887,Island,1
Osman,Euratlas 1300,1300,Ottoman Enpire,10.812,,,,158329.5769,667.4505944,0.024896266,350.9157996,Peninsula,0
Ottoman Sultanate,Euratlas 1400,1400,Ottoman Enpire,10.812,2,18,1,5246537.702,667.4505944,0.232087366,0,Peninsula,1
Ottoman Empire,Euratlas 1500,1500,Ottoman Enpire,10.812,0,3,2,6817790.125,667.4505944,0.181422464,0,Peninsula,1
Ottoman Empire,Euratlas 1600,1600,Ottoman Empire,10.812,2,24,7,25576016.39,667.4505944,0.26339241,0,Peninsula,1
Ottoman Empire,Euratlas 1700,1700,Ottoman Enpire,10.812,0,47,5,21451629.03,667.4505944,0.262509557,0,Peninsula,1
Ottoman Empire,Euratlas 1800,1800,Ottoman Enpire,10.812,,,,18245615.35,667.4505944,0.295072709,0,Peninsula,1
Oman,Geacron 1700,1700,Uman,10.826,,,,63267.36639,467.9995164,0.133171913,1072.827679,Continent,1
Oman,Geacron 1800,1800,Uman,10.826,,,,137126.589,467.9995164,0.047425474,875.54997,Continent,1
,,1000,Tihama,10.852,,,,280303.2462,975.0507087,0.596938776,2624.828189,Continent,1
,,1100,Tihama,10.852,0,1,0,772246.8822,975.0507087,0.704103672,2380.891882,Continent,1
,,1200,Tihama,10.852,,,,615015.0093,975.0507087,0.767741935,2441.277906,Continent,1
Yemen,Geacron 1300,1300,Tihama,10.852,,,,723633.5443,975.0507087,0.470214844,2244.525803,Continent,1
Yemen,Geacron 1400,1400,Tihama,10.852,,,,1244610.055,975.0507087,0.507391304,2244.525803,Continent,1
,,1500,Tihama,10.852,,,,307884.0052,975.0507087,0.636363636,2624.709566,Continent,1
,,1000,San'a,10.853,,,,353011.7102,1274.707004,0.945525292,2528.697612,Continent,0
,,1300,San'a,10.853,,,,400229.8434,1274.707004,0.943521595,2528.697612,Continent,0
,,1400,San'a,10.853,,,,372941.4236,1274.707004,0.943521595,2528.697612,Continent,0
Yemen,Geacron 1500,1500,San'a,10.853,,,,1465902.526,1274.707004,0.550608988,2244.525803,Continent,1
Yemen,Geacron 1700,1700,San'a,10.853,,,,1662467.53,1274.707004,0.640350877,2411.900349,Continent,1
Yemen,Geacron 1800,1800,San'a,10.853,,,,2121865.369,1274.707004,0.613238157,2411.900349,Continent,1
,,1000,Abyan,10.871,,,,874516.7034,946.2980484,0.610507246,2690.762294,Continent,1
,,1100,Abyan,10.871,,,,777348.1328,946.2980484,0.610507246,2690.762294,Continent,1
,,1300,Abyan,10.871,,,,108985.389,946.2980484,0.56684492,2702.000693,Continent,1
,,1400,Abyan,10.871,,,,112011.9466,946.2980484,0.575757576,2702.000693,Continent,1
,,1500,Abyan,10.871,0,1,0,122939.9302,946.2980484,0.575757576,2702.000693,Continent,1
,,1700,Abyan,10.871,,,,122939.9302,946.2980484,0.575757576,2702.000693,Continent,1
Mosul,Euratlas 1000,1000,al-Mausil,10.912,1,1,0,960932.722,431.8189713,0.612040134,546.9821148,Continent,0
Mosul,Euratlas 1100,1100,al-Mausil,10.912,1,1,0,286217.7223,431.8189713,0.715898401,590.2540168,Continent,0
Mosul,Euratlas 1200,1200,al-Mausil,10.912,,,,100568.8361,431.8189713,0.850877193,686.4511959,Continent,0
,,1300,al-Mausil,10.912,,,,74201.99644,431.8189713,0.979079498,684.800918,Continent,0
,,1000,Bagdad,10.914,1,9,0,3115977.779,431.2927707,0.163154976,245.9014464,Continent,1
,,1100,Bagdad,10.914,,,,805858.5112,431.2927707,0.437091859,326.9441919,Continent,0
Baghdad,Euratlas 1200,1200,Bagdad,10.914,1,1,0,1425039.327,431.2927707,0.614196762,654.038577,Continent,1
Jalayrids,Euratlas 1400,1400,Bagdad,10.914,1,1,0,1063315.945,431.2927707,0.531999207,661.9360776,Continent,1
,,1500,Bagdad,10.914,0,2,0,310912.3729,431.2927707,0.549327354,684.8085216,Continent,1
,,1600,Bagdad,10.914,0,3,0,199052.7793,431.2927707,0.495601173,885.0967293,Continent,0
,,1700,Bagdad,10.914,0,1,0,159242.2527,431.2927707,0.495601173,885.0967293,Continent,0
(Baghdad),Euratlas 1800,1800,Bagdad,10.914,,,,852993.0806,431.2927707,0.57305852,677.5890987,Continent,1
,,1100,al-Hilla,10.918,,,,93318.92972,36.8166129,0.596774194,968.4346226,Continent,0
Sinjar,Euratlas 1200,1200,Singar,10.92,,,,55798.01621,365.1565451,0.791666667,713.4198862,Continent,0
,,1300,Singar,10.92,,,,62477.38097,365.1565451,0.751824818,715.148254,Continent,0
Aleppo,Euratlas 1100,1100,Halab,10.952,3,3,0,333495.683,446.1532075,0.750623441,846.1967442,Continent,0
,,1200,Halab,10.952,1,1,0,242770.5267,446.1532075,0.837735849,856.3090795,Continent,0
,,1300,Halab,10.952,,,,355176.9984,446.1532075,0.703703704,856.3090795,Continent,0
,,1400,Halab,10.952,1,1,0,486279.2597,446.1532075,0.682170543,819.755209,Continent,1
,,1500,Halab,10.952,0,1,0,517353.6872,446.1532075,0.677799607,818.3871028,Continent,1
Antioch,Euratlas 1100,1100,Antiochia,10.953,2,2,0,186895.3971,421.4288162,0.468965517,878.1618845,Continent,1
,,1200,Antiochia,10.953,1,1,0,158757.0275,421.4288162,0.31547619,872.0250564,Continent,1
Jerusalem,Euratlas 1100,1100,Jerusalem,10.973,,,,38844.31689,298.935225,0.630136986,1347.976818,Continent,0
,,1300,Jerusalem,10.973,,,,87624.91971,298.935225,0.5,1367.436456,Continent,1
,,1400,Jerusalem,10.973,,,,142795.543,298.935225,0.474683544,1339.453306,Continent,1
,,1500,Jerusalem,10.973,,,,172047.8885,298.935225,0.474683544,1339.453306,Continent,1
Malwa,Geacron 1000,1000,Ujjain,11.111,,,,7021618.278,393.5143968,0.016080402,903.5828314,Continent,1
Malwa,Geacron 1100,1100,Ujjain,11.111,,,,6432678.199,393.5143968,0.015270019,903.5828838,Continent,1
Malwa,Geacron 1200,1200,Ujjain,11.111,,,,4501929.471,393.5143968,0.001098298,903.5828838,Continent,1
,,1300,Ujjain,11.111,,,,3868386.93,393.5143968,0.000681663,901.5323198,Continent,1
,,1500,Ujjain,11.111,,,,724948.2892,393.5143968,0,1195.370705,Continent,0
Malwa,Geacron 1400,1400,Dhar,11.119,,,,3547727.3,402.8186687,0.001459854,1042.55766,Continent,1
Malwa,Geacron 1500,1500,Dhar,11.119,2,2,0,3071853.871,402.8186687,0,1158.267017,Continent,0
,,1800,Dhar,11.119,,,,61490.12036,402.8186687,0,1331.662696,Continent,0
,,1000,Dabhala-mandala,11.181,,,,509987.5785,239.7877586,0,926.3956834,Continent,0
,,1100,Dabhala-mandala,11.181,,,,526987.0525,239.7877586,0,926.3956834,Continent,0
Chandela,Geacron 1000,1000,Jejaka-bhukti,11.182,,,,3051736.949,280.7866699,0,821.6719428,Continent,0
Chandela,Geacron 1100,1100,Jejaka-bhukti,11.182,1,1,0,5474805.524,280.7866699,0,726.0654103,Continent,0
Chandela,Geacron 1200,1200,Jejaka-bhukti,11.182,1,1,0,6494104.163,280.7866699,0,726.0654103,Continent,0
,,1300,Jejaka-bhukti,11.182,,,,989547.6656,280.7866699,0,985.3999488,Continent,0
,,1400,Jejaka-bhukti,11.182,,,,309128.2109,280.7866699,0,996.0750316,Continent,0
,,1500,Jejaka-bhukti,11.182,,,,309736.6804,280.7866699,0,996.0750316,Continent,0
,,1100,Rewa,11.232,,,,61976.44922,168.4127908,0.038461538,1411.351068,Continent,0
,,1200,Rewa,11.232,,,,63975.71997,168.4127908,0.038461538,1411.351068,Continent,0
Gujarat,Geacron 1300,1300,Rewa,11.232,0,1,0,3305762.172,168.4127908,0.335985312,1145.023274,Continent,1
,,1400,Rewa,11.232,,,,127060.5402,168.4127908,0,1069.653429,Continent,0
,,1500,Rewa,11.232,,,,130797.5908,168.4127908,0,1069.653429,Continent,0
,,1600,Rewa,11.232,,,,134534.71,168.4127908,0,1069.653429,Continent,0
,,1700,Rewa,11.232,,,,161696.6804,168.4127908,0,1069.653429,Continent,0
,,1800,Rewa,11.232,,,,239704.8096,168.4127908,0,1069.653429,Continent,0
,,1000,Chera,11.32,,,,1129085.245,237.7161466,0,2525.713074,Continent,0
,,1100,Chera,11.32,,,,1853730.102,237.7161466,0,2501.602542,Continent,0
Kolhapur_District,GADM_Kolhapur_District,1000,Kolhapur,11.373,,,,156000.2309,659.8278904,0,1971.397594,Continent,0
Kolhapur_District,GADM_Kolhapur_District,1100,Kolhapur,11.373,,,,161200.3063,659.8278904,0,1971.397594,Continent,0
Kolhapur_District,GADM_Kolhapur_District,1200,Kolhapur,11.373,,,,166400.2419,659.8278904,0,1971.397594,Continent,0
Kolhapur_District,Kolhapur_District,1300,Kolhapur,11.373,,,,171600.2615,659.8278904,,1971.397594,Continent,0
,,1300,Kolhapur,11.373,,,,171600.2615,659.8278904,0,2052.363171,Continent,0
Kolhapur_District,GADM_Kolhapur_District,1400,Kolhapur,11.373,,,,176800.2672,659.8278904,0,1971.397594,Continent,0
Kolhapur_District,GADM_Kolhapur_District,1500,Kolhapur,11.373,,,,182000.3146,659.8278904,,1971.397594,Continent,0
,,1500,Kolhapur,11.373,,,,182000.3146,659.8278904,0,2052.530985,Continent,0
Kolhapur_District,GADM_Kolhapur_District,1600,Kolhapur,11.373,0,3,0,187200.2468,659.8278904,0,1971.397594,Continent,0
Kolhapur_District,GADM_Kolhapur_District,1700,Kolhapur,11.373,1,0,1,228800.3401,659.8278904,0,1971.397594,Continent,0
Kolhapur_District,GADM_Kolhapur_District,1800,Kolhapur,11.373,,,,298210.6536,659.8278904,0,1971.397594,Continent,0
,,1000,Madura,11.402,,,,1125403.732,269.7358398,0.004219409,2633.483732,Continent,0
,,1100,Madura,11.402,,,,1267329.845,269.7358398,0.003831418,2643.805635,Continent,1
,,1200,Madura,11.402,,,,1504095.046,269.7358398,0.003344482,2616.454687,Continent,1
,,1300,Madura,11.402,,,,1474514.08,269.7358398,0.003484321,2616.454687,Continent,1
,,1400,Madura,11.402,,,,951586.3958,269.7358398,0,2617.586495,Continent,0
,,1500,Madura,11.402,,,,936116.5103,269.7358398,0,2617.586495,Continent,0
,,1600,Madura,11.402,,,,298150.5409,269.7358398,0,2665.27155,Continent,0
Madurai,Geacron 1700,1700,Madura,11.402,,,,2164663.856,269.7358398,0,2611.85234,Continent,1
,,1000,Warangal,11.409,,,,851365.4417,333.6200938,0,1724.385015,Continent,0
,,1100,Warangal,11.409,,,,153551.3298,333.6200938,0,1779.64206,Continent,0
Kakatiya,Geacron 1200,1200,Warangal,11.409,,,,2281668.214,333.6200938,0.001782531,1569.010921,Continent,0
Kakatiya,Geacron 1300,1300,Warangal,11.409,2,2,0,3341671.111,333.6200938,0.00136612,1543.811551,Continent,1
,,1400,Warangal,11.409,0,1,0,781445.719,333.6200938,0,1728.673444,Continent,0
,,1000,Gangavadi,11.413,,,,243328.3793,815.9542149,0,2303.778513,Continent,0
,,1500,Gangavadi,11.413,,,,429900.5586,815.9542149,0,2294.877813,Continent,0
,,1600,Gangavadi,11.413,,,,460649.6379,815.9542149,0,2294.877813,Continent,0
,,1700,Gangavadi,11.413,0,2,0,636716.0088,815.9542149,0,2294.877813,Continent,0
Chola,Geacron 1000,1000,Tanjur,11.415,,,,7848248.909,302.5160693,0.049804688,1983.264931,Continent,1
Chola,Geacron 1100,1100,Tanjur,11.415,0,1,0,12380399.13,302.5160693,0.057899902,1888.271831,Continent,1
Chola,Geacron 1200,1200,Tanjur,11.415,,,,12191837.44,302.5160693,0.068978956,1869.260949,Continent,1
,,1300,Tanjur,11.415,,,,640108.4702,302.5160693,0,2557.935765,Continent,0
,,1600,Tanjur,11.415,,,,1025398.66,302.5160693,0,2547.86686,Continent,1
,,1700,Tanjur,11.415,0,2,0,704536.6208,302.5160693,0,2547.86686,Continent,1
,,1800,Tanjur,11.415,,,,1491256.791,302.5160693,0,2547.86686,Continent,1
Chalukyas of Vengi,Geacron 1000,1000,Vengi,11.434,,,,803429.7989,75.04462783,0,1850.941182,Continent,1
,,1100,Badami,11.436,,,,61395.1604,522.1847412,0.083333333,2037.605328,Continent,0
,,1200,Badami,11.436,,,,63375.66077,522.1847412,0.083333333,2037.605328,Continent,0
,,1400,Badami,11.436,,,,255752.2998,522.1847412,0.057471264,2015.484151,Continent,0
Bijapur,Geacron 1500,1500,Bijapur,11.436,,,,2410236.532,522.1847412,0.301910828,1822.344989,Continent,1
Bijapur,Geacron 1600,1600,Bijapur,11.436,4,5,0,2481973.818,522.1847412,0.269779507,1831.072139,Continent,1
Bidar,Geacron 1600,1600,Bidar,11.441,,,,1396040.621,521.7154746,0,1702.80044,Continent,0
Berar,Geacron 1500,1500,Berar,11.446,,,,2215077.619,337.2832429,0,1447.777588,Continent,0
Chalukya,Geacron 1000,1000,Kalyana,11.447,0,1,0,13500908.24,443.6149887,0.087304474,1234.399919,Continent,1
Chalukya,Geacron 1100,1100,Kalyana,11.447,,,,10578269.22,443.6149887,0.042214533,1234.399919,Continent,1
Bahmani,Geacron 1400,1400,Kalyana,11.447,0,1,0,12541849.99,443.6149887,0.10521542,1441.547918,Continent,1
Bahmani,Geacron 1500,1500,Kalyana,11.447,,,,5002669.621,443.6149887,0.001233046,1678.341365,Continent,1
,,1000,Seuna-desa,11.448,,,,782276.9304,491.6777641,0.11627907,1531.934852,Continent,0
,,1100,Seuna-desa,11.448,,,,708156.9889,491.6777641,0.105058366,1537.259953,Continent,0
Yadava,Geacron 1200,1200,Seuna-desa,11.448,1,1,0,12955503.66,491.6777641,0.099679101,1234.399919,Continent,1
Yadava,Geacron 1300,1300,Seuna-desa,11.448,3,1,2,13282162.14,491.6777641,0.10094892,1234.399919,Continent,1
Ahmadnagar,Geacron 1500,1500,Ahmadnagar,11.449,3,4,0,2761622.677,474.9707963,0.204595186,1586.370242,Continent,1
Ahmadnagar,Geacron 1600,1600,Ahmadnagar,11.449,6,2,4,4279875.37,474.9707963,0.110027855,1449.811754,Continent,1
Golkonda,Geacron 1600,1600,Golkonda,11.45,3,1,2,4698153.035,275.8482015,0.001362398,1678.341365,Continent,1
,,1000,Hoysala,11.46,,,,175562.7751,479.2291361,0,2306.318311,Continent,0
,,1100,Hoysala,11.46,,,,167071.3708,479.2291361,0,2306.318413,Continent,0
Hoysala,Geacron 1200,1200,Hoysala,11.46,,,,1962380.551,479.2291361,0.002754821,1682.588285,Continent,1
Hoysala,Geacron 1300,1300,Hoysala,11.46,,,,13548448.11,479.2291361,0.055972483,1682.588285,Continent,1
Vijayanagara,Geacron 1400,1400,Vijayanagara,11.464,0,2,0,15134595.9,419.3887018,0.057100592,1984.057196,Continent,1
Vijayanagara,Geacron 1500,1500,Vijayanagara,11.464,0,3,0,13537755.02,419.3887018,0.052361772,1984.057196,Continent,1
Vijayanagara,Geacron 1600,1600,Vijayanagara,11.464,2,3,2,12731954.42,419.3887018,0.051978278,1984.057196,Continent,1
Maratha,Geacron 1700,1700,Maratha,11.486,1,6,2,1458518.425,380.9888043,0.011709602,1596.097774,Continent,1
Maratha,Geacron 1800,1800,Maratha,11.486,,,,25695065.24,380.9888043,0.052016985,820.62732,Continent,1
Maratha,Geacron 1800,1800,Maratha,11.486,,,,25695065.24,380.9888043,0,1192.26688,Continent,0
Gujarat,Geacron 1000,1000,Chaulukya,11.5153,,,,1758291.467,127.6038085,0.572480181,993.5642443,Continent,1
Gujarat,Geacron 1100,1100,Chaulukya,11.5153,1,1,0,2914520.912,127.6038085,0.485856079,993.5642443,Continent,1
Gujarat,Geacron 1200,1200,Chaulukya,11.5153,,,,3204482.559,127.6038085,0.434313725,993.5642443,Continent,1
,,1100,Gujarat,11.521,,,,34500.54053,119.8907119,0,1371.067306,Continent,0
,,1200,Gujarat,11.521,,,,14661.71021,119.8907119,0,1376.677728,Continent,0
,,1300,Gujarat,11.521,,,,15119.90015,119.8907119,0,1376.677728,Continent,0
Gujarat,Geacron 1400,1400,Gujarat,11.521,,,,2122852.232,119.8907119,0.555377207,845.7534403,Continent,1
Gujarat,Geacron 1500,1500,Gujarat,11.521,3,3,0,4031903.131,119.8907119,0.359187923,1130.296858,Continent,1
Multan,Geacron 1000,1000,Multan,11.769,1,1,0,1688931.135,233.9256036,0.561840121,308.1703577,Continent,0
,,1100,Lahur,11.771,,,,765345.8383,197.4810944,0.622377622,415.1806906,Continent,0
,,1200,Lahur,11.771,1,1,0,841777.3783,197.4810944,0.625,415.1806906,Continent,0
,,1400,Lahur,11.771,,,,932503.1981,197.4810944,0.625,415.1806906,Continent,0
,,1500,Lahur,11.771,,,,981144.7905,197.4810944,0.625,415.1806906,Continent,0
,,1600,Lahur,11.771,,,,344390.3318,197.4810944,0.857142857,455.288599,Continent,0
,,1700,Lahur,11.771,4,3,1,423211.1389,197.4810944,0.857142857,455.288599,Continent,0
,,1800,Lahur,11.771,,,,2176490.833,197.4810944,0.425974026,426.8358333,Continent,0
,,1000,Mewar,11.851,,,,246014.4338,458.5195198,0,1147.384715,Continent,0
,,1100,Mewar,11.851,,,,262653.1763,458.5195198,0,1147.384715,Continent,0
,,1200,Mewar,11.851,,,,273604.6427,458.5195198,0,1129.266442,Continent,0
,,1300,Mewar,11.851,,,,548263.3052,458.5195198,0.141914191,1108.871419,Continent,0
Mewar,Geacron 1400,1400,Mewar,11.851,,,,968520.6208,458.5195198,0.183157895,930.4839558,Continent,0
,,1500,Mewar,11.851,3,3,0,759337.0937,458.5195198,0.096685083,1030.419646,Continent,0
,,1000,Jalor,11.865,,,,587926.3959,235.1895219,0.482384824,1084.19467,Continent,0
,,1100,Jalor,11.865,,,,525810.6189,235.1895219,0.494699647,1096.133896,Continent,0
,,1200,Jalor,11.865,,,,420459.2002,235.1895219,0.271186441,1130.83741,Continent,0
,,1300,Jalor,11.865,,,,426191.5198,235.1895219,0.274285714,1130.83741,Continent,0
,,1200,Jaisalmer,11.87,,,,147403.6,184.6406003,0.374193548,994.9128244,Continent,0
,,1300,Jaisalmer,11.87,,,,151981.6011,184.6406003,0.374193548,994.9128244,Continent,0
,,1400,Jaisalmer,11.87,,,,156679.8588,184.6406003,0.374193548,994.9128244,Continent,0
Jaisalmer,Geacron 1500,1500,Jaisalmer,11.87,,,,180371.7115,184.6406003,0.346774194,975.368495,Continent,0
,,1600,Jaisalmer,11.87,,,,175162.6269,184.6406003,0.415662651,994.9128244,Continent,0
,,1700,Jaisalmer,11.87,,,,214099.8238,184.6406003,0.415662651,994.9128244,Continent,0
,,1800,Jaisalmer,11.87,,,,170897.0418,184.6406003,0.415662651,994.9128244,Continent,0
Marwar,Geacron 1500,1500,Jodhpur,11.889,,,,362208.2822,224.3305893,0.97731569,1018.706085,Continent,0
,,1600,Jodhpur,11.889,,,,308806.8673,224.3305893,0.957894737,982.6695011,Continent,0
,,1700,Jodhpur,11.889,1,1,0,762009.5055,224.3305893,0.936772047,845.7534403,Continent,0
,,1800,Jodhpur,11.889,,,,442792.4005,224.3305893,0.954716981,982.6695011,Continent,0
,,1600,Udaipur,11.892,,,,92918.53104,541.4264985,0,1148.876468,Continent,0
Udaipur_District,GADM_Udaipur_District,1700,Udaipur,11.892,,,,308604.4276,541.4264985,0.006451613,1148.1917,Continent,0
Udaipur_District,GADM_Udaipur_District,1800,Udaipur,11.892,,,,262980.6755,541.4264985,0.008849558,1148.1917,Continent,0
Kashmir,Geacron 1000,1000,Kashmir,11.922,,,,243536.6259,2425.96631,0.377659574,178.5508352,Continent,0
Kashmir,Geacron 1100,1100,Kashmir,11.922,,,,352729.8196,2425.96631,0.293436293,178.5508352,Continent,0
Kashmir,Geacron 1200,1200,Kashmir,11.922,,,,364590.8685,2425.96631,0.293436293,178.5508352,Continent,0
,,1300,Kashmir,11.922,,,,69020.67188,2425.96631,0.553571429,218.2289107,Continent,0
Kashmir,Geacron 1400,1400,Kashmir,11.922,,,,588240.3184,2425.96631,0.382830626,179.4213883,Continent,0
Kashmir,Geacron 1500,1500,Kashmir,11.922,,,,363577.0723,2425.96631,0.34469697,179.4213882,Continent,0
,,1600,Kashmir,11.922,,,,46069.74943,2425.96631,0.46031746,95.5249829,Continent,0
,,1700,Kashmir,11.922,,,,1359.893997,2425.96631,1,136.1946141,Continent,0
,,1800,Kashmir,11.922,,,,1712.137016,2425.96631,1,136.1946141,Continent,0
,,1000,Gandhara,11.923,,,,1422980.253,385.7687342,0.467511886,248.2394899,Continent,0
Assam,Geacron 1300,1300,Ahom,12.144,,,,743161.487,194.3665729,0.022670025,570.8961661,Continent,0
Assam,Geacron 1400,1400,Ahom,12.144,,,,762067.2858,194.3665729,0.02284264,570.896166,Continent,0
Assam,Geacron 1600,1600,Ahom,12.144,,,,302328.2979,194.3665729,0.017647059,570.8961661,Continent,0
Assam,Geacron 1700,1700,Ahom,12.144,,,,464131.7653,194.3665729,0.023474178,570.8961661,Continent,0
Assam,Geacron 1800,1800,Ahom,12.144,,,,268293.4665,194.3665729,0,570.8961661,Continent,0
Palas,Geacron 1000,1000,Vanga,12.161,0,1,0,24714227.87,174.0792661,0.009250519,361.7123402,Continent,1
Bengal,Geacron 1100,1100,Vanga,12.161,,,,18800887.54,174.0792661,0.005309735,707.1175518,Continent,1
Bengal,Geacron 1200,1200,Vanga,12.161,,,,17024864.26,174.0792661,0.004934211,707.1175518,Continent,1
Bengal,Geacron 1400,1400,Vanga,12.161,,,,19563723.75,174.0792661,0.005031447,708.3118034,Continent,1
Bengal,Geacron 1500,1500,Vanga,12.161,2,2,0,20232040.15,174.0792661,0.006120665,570.8961661,Continent,1
,,1600,Vanga,12.161,,,,1866246.018,174.0792661,0.003267974,781.8910135,Continent,1
,,1700,Vanga,12.161,,,,1950370.802,174.0792661,0.015306122,1022.463143,Continent,1
,,1800,Vanga,12.161,,,,2421079.117,174.0792661,0.010416667,1022.463143,Continent,1
,,1000,Trikalinga,12.192,,,,86872.1405,317.4986486,0,1708.982708,Continent,1
Kalinga,Geacron 1100,1100,Trikalinga,12.192,,,,3058978.805,317.4986486,0.001098298,1347.465991,Continent,1
Kalinga,Geacron 1200,1200,Trikalinga,12.192,,,,2666994.915,317.4986486,0.009546539,1347.465991,Continent,1
Kalinga,Geacron 1300,1300,Trikalinga,12.192,,,,2921150.736,317.4986486,0.009909166,1241.859609,Continent,1
Kalinga,Geacron 1400,1400,Trikalinga,12.192,,,,2010604.215,317.4986486,0.019512195,1244.191767,Continent,1
Orissa,Geacron 1500,1500,Trikalinga,12.192,,,,2716210.577,317.4986486,0.013498313,1244.191767,Continent,1
,,1100,Utkala,12.193,,,,800244.994,324.877056,0.052631579,1359.682263,Continent,1
,,1200,Utkala,12.193,,,,1490856.105,324.877056,0,1123.304017,Continent,0
Gurjar,Geacron 1000,1000,Kanauj,12.301,1,1,0,15646116.36,410.8109006,0.204256303,355.1154764,Continent,0
Gahadvala,Geacron 1100,1100,Kanauj,12.301,1,1,0,4366481.245,410.8109006,0,516.411814,Continent,0
Tomara,Geacron 1000,1000,Delhi,12.305,1,1,0,1958865.95,511.7984231,0.069948187,389.7555248,Continent,0
Tomara,Geacron 1100,1100,Delhi,12.305,2,2,0,1389420.172,511.7984231,0.095744681,389.7555248,Continent,0
Delhi,Geacron 1300,1300,Delhi,12.305,8,6,2,44525537.62,511.7984231,0.228553684,308.1703576,Continent,1
,,1400,Delhi,12.305,,,,4602172.782,511.7984231,0.455048999,308.1703576,Continent,0
Delhi,Geacron 1500,1500,Delhi,12.305,7,7,0,17927219.23,511.7984231,0.243879021,332.9527025,Continent,1
Mughal,Geacron 1600,1600,Delhi,12.305,16,3,13,56248507.78,511.7984231,0.337494557,0,Continent,1
Mughal,Geacron 1700,1700,Delhi,12.305,36,47,14,84489629.59,511.7984231,0.300399403,0,Continent,1
Mughal,Geacron 1800,1800,Delhi,12.305,,,,15850369.54,511.7984231,0.063095238,406.8987164,Continent,0
,,1100,Varanasi,12.307,,,,2087782.526,131.2707692,0,970.9982408,Continent,0
Ceylon,Geacron 1100,1100,Sri Lanka I,12.601,,,,888618.6063,161.1613663,0,2715.47505,Island,1
Ceylon,Geacron 1200,1200,Sri Lanka I,12.601,0,1,0,987354.0475,161.1613663,0,2715.47505,Island,1
Ceylon,Geacron 1300,1300,Sri Lanka I,12.601,,,,905660.4832,161.1613663,0,2769.00643,Island,1
Ceylon,Geacron 1400,1400,Sri Lanka I,12.601,,,,306258.792,161.1613663,0,2773.169336,Island,1
Pegu,Geacron 1000,1000,Pegu,13.113,,,,692910.5521,105.4458333,0,1335.434686,Continent,1
Pegu,Geacron 1300,1300,Pegu,13.113,,,,890449.7629,105.4458333,0,1451.090705,Continent,1
Pegu,Geacron 1400,1400,Pegu,13.113,,,,1049111.97,105.4458333,0,1451.192112,Continent,1
Pegu,Geacron 1500,1500,Pegu,13.113,0,4,1,1289348.586,105.4458333,0,1427.071829,Continent,1
,,1600,Pegu,13.113,,,,194313.9566,105.4458333,0,1503.077862,Continent,1
Pagan,Geacron 1000,1000,Pagan,13.221,,,,291208.8833,286.7065361,0,914.7715574,Continent,0
Pagan,Geacron 1100,1100,Pagan,13.221,,,,1490962.608,286.7065361,0.000254259,783.5791547,Continent,1
Pagan,Geacron 1200,1200,Pagan,13.221,,,,1624750.626,286.7065361,0,783.5791547,Continent,1
,,1300,Pagan,13.221,,,,190907.473,286.7065361,0,1067.511711,Continent,0
Ava,Geacron 1400,1400,Ava,13.222,,,,881500.9688,398.3392552,0,781.793623,Continent,0
Ava,Geacron 1500,1500,Ava,13.222,0,1,1,992894.323,398.3392552,0,781.793623,Continent,0
Burma,Geacron 1600,1600,Ava,13.222,0,0,1,2273903.153,398.3392552,0,786.1607735,Continent,1
Burma,Geacron 1700,1700,Ava,13.222,1,3,2,3780268.953,398.3392552,0,786.1607735,Continent,1
Burma,Geacron 1800,1800,Burma,13.223,,,,5289590.987,377.918057,0,781.793623,Continent,1
Ayutthaya,Geacron 1400,1400,Ayuthya,13.296,,,,1183820.926,242.5742216,0.000317662,1354.348569,Continent,1
Ayutthaya,Geacron 1500,1500,Ayuthya,13.296,0,4,0,1371563.529,242.5742216,0.000291206,1548.147549,Continent,1
Ayutthaya,Geacron 1600,1600,Ayuthya,13.296,0,1,0,1543158.59,242.5742216,0.000291206,1548.147549,Continent,1
Ayutthaya,Geacron 1700,1700,Ayuthya,13.296,0,2,0,1592852.707,242.5742216,0.000306466,1548.147549,Continent,1
Siam,Geacron 1800,1800,Thailand,13.301,,,,3436090.616,325.3574442,0.000525555,1090.918296,Continent,1
Khmer,Geacron 1000,1000,Angkor,13.363,,,,1570526.682,197.7608347,0.001149425,1824.56586,Continent,1
Khmer,Geacron 1100,1100,Angkor,13.363,0,1,0,1976323.69,197.7608347,0.002116029,1726.344457,Continent,1
Khmer,Geacron 1200,1200,Angkor,13.363,,,,2726417.991,197.7608347,0.000759109,1533.35352,Continent,1
Khmer,Geacron 1300,1300,Angkor,13.363,0,1,0,2111705.459,197.7608347,0.001074114,1533.35352,Continent,1
Khmer,Geacron 1400,1400,Angkor,13.363,0,2,0,2137214.338,197.7608347,0.001447597,1958.682564,Continent,1
Cambodia,Geacron 1500,1500,Cambodia,13.364,0,3,0,2336884.654,140.537541,0.001447597,1958.682564,Continent,1
Cambodia,Geacron 1600,1600,Cambodia,13.364,,,,2704540.409,140.537541,0.001447597,1958.682564,Continent,1
Cambodia,Geacron 1700,1700,Cambodia,13.364,0,1,0,2978198.005,140.537541,0.001577287,1958.682564,Continent,1
Cambodia,Geacron 1800,1800,Cambodia,13.364,,,,1781718.227,140.537541,0,2050.068204,Continent,1
Vietnam,Geacron 1100,1100,Dai-Viet,13.387,,,,466800.3958,375.1700051,0.00193299,1041.938175,Continent,1
Vietnam,Geacron 1200,1200,Dai-Viet,13.387,3,3,0,573021.0658,375.1700051,0.00193299,1041.938175,Continent,1
Vietnam,Geacron 1300,1300,Dai-Viet,13.387,,,,661543.8027,375.1700051,0.00202977,1041.938175,Continent,1
Vietnam,Geacron 1400,1400,Dai-Viet,13.387,0,2,0,549453.0861,375.1700051,0.002332815,1041.938175,Continent,1
Vietnam,Geacron 1500,1500,Dai-Viet,13.389,,,,850114.2572,403.0158863,0.005040323,1041.938175,Continent,1
Vietnam,Geacron 1600,1600,Dai-Viet,13.389,,,,1296744.726,403.0158863,0.001918465,1041.938175,Continent,1
Vietnam,Geacron 1700,1700,Dai-Viet,13.389,1,2,0,1306355.795,403.0158863,0.001982816,1041.938175,Continent,1
,,1600,Hue,13.391,,,,87823.99685,408.5477939,0.034285714,1726.344457,Continent,1
South Vietnam,Geacron 1700,1700,Hue,13.391,0,0,1,441494.9045,408.5477939,0.00716479,1705.180294,Continent,1
Vietnam,Geacron 1800,1800,Hue,13.391,,,,4365506.132,408.5477939,0.003846154,1041.938175,Continent,1
Lan Xang,Geacron 1400,1400,Lan Chang,13.422,,,,786656.7974,468.5438939,0,1090.918296,Continent,0
Lan Xang,Geacron 1500,1500,Lan Chang,13.422,0,1,0,860688.3423,468.5438939,0,1090.918296,Continent,0
Lan Xang,Geacron 1600,1600,Lan Chang,13.422,,,,965584.7767,468.5438939,0,1090.918296,Continent,0
,,1700,Lan Chang,13.422,,,,70022.13561,468.5438939,0,1403.708693,Continent,0
(Gwynedd),Euratlas 1000,1000,Gwynedd,15.182,,,,19470.18495,208.2400427,0,2100.824455,Island,1
Gwynedd,Euratlas 1100,1100,Gwynedd,15.182,0,1,0,32008.50005,208.2400427,0,2083.307903,Island,1
Gwynedd,Euratlas 1200,1200,Gwynedd,15.182,0,1,0,48982.84906,208.2400427,0,2083.307903,Island,1
Alban,Euratlas 1000,1000,Scotland,15.215,0,1,4,156461.2917,263.9229913,0,2035.623347,Island,1
Moray,Euratlas 1100,1100,Scotland,15.215,,,,94679.36311,263.9229913,0,2055.970013,Island,1
Scotland,Euratlas 1200,1200,Scotland,15.215,0,2,0,510501.2216,263.9229913,0,2035.601843,Island,1
Scotland,Euratlas 1400,1400,Scotland,15.215,0,0,4,284445.0528,263.9229913,0,2055.970013,Island,1
Scotland,Euratlas 1500,1500,Scotland,15.215,0,4,10,571667.2572,263.9229913,0.00203252,2037.764807,Island,1
Scotland,Euratlas 1600,1600,Scotland,15.215,0,2,23,665574.0971,263.9229913,0.002103787,2037.764807,Island,1
England,Euratlas 1000,1000,England,15.238,0,9,2,1028058.099,138.5591918,0,1797.408957,Island,1
(England),Euratlas 1100,1100,England,15.238,0,5,6,1841956.797,138.5591918,0,1771.528752,Island,1
(England),Euratlas 1200,1200,England,15.238,0,4,12,4389560.436,138.5591918,0,1698.791995,Island,1
England,Euratlas 1300,1300,England,15.238,0,30,9,5882881.97,138.5591918,0,1771.528752,Island,1
England,Euratlas 1400,1400,England,15.238,0,8,29,2386430.61,138.5591918,0,1752.34958,Island,1
England,Euratlas 1500,1500,England,15.238,0,6,9,3394702.148,138.5591918,0,1752.34958,Island,1
England,Euratlas 1600,1600,England,15.238,0,1,74,4327357.855,138.5591918,0,1771.528752,Island,1
England-Scotland-Netherlands,Euratlas 1700,1700,England,15.238,0,5,27,7930059.563,138.5591918,0.000568397,1771.528752,Island,1
Great-Britain-Ireland-Hanover,Euratlas 1800,1800,United Kingdom,15.242,,,,16527886.96,151.6437521,0.000517866,1382.148641,Island,1
,,1100,Holland and Zeeland,15.264,,,,50060.28156,5.173918638,0,1530.481378,Continent,1
Holland,Droysens (1886),1200,Holland and Zeeland,15.264,,,,211208.8592,5.173918638,0,1406.45519,Continent,1
Holland,Euratlas 1300,1300,Holland and Zeeland,15.264,,,,276719.1776,5.173918638,0,1313.614163,Continent,1
Holland,Droysens (1886) 14th century,1400,Holland and Zeeland,15.264,,,,185509.5776,5.173918638,0,1321.224601,Continent,1
Netherlands,Droysens (1886) 1618,1600,Holland and Zeeland,15.264,0,2,3,844771.2497,5.173918638,0,1407.417943,Continent,1
Netherlands-England-Scotland,Droysens (1886) 18th century,1700,Holland and Zeeland,15.264,0,9,0,1391611.283,5.173918638,0,1407.417943,Continent,1
United Provinces,Droysens (1886) 1789,1800,Holland and Zeeland,15.264,,,,1948668.135,5.173918638,0,1406.886705,Continent,1
Sweden,Euratlas 1000,1000,Sweden,15.289,0,1,0,157521.5785,239.8665191,0,986.6843091,Peninsula,1
Sweden,Euratlas 1100,1100,Sweden,15.289,0,1,2,303745.3405,239.8665191,0,986.6843091,Peninsula,1
Sweden,Euratlas 1200,1200,Sweden,15.289,0,1,1,308651.2484,239.8665191,0,986.6843091,Peninsula,1
Sweden,Euratlas 1300,1300,Sweden,15.289,0,2,0,780182.0573,239.8665191,0,819.9683018,Peninsula,1
Sweden,Euratlas 1300,1400,Sweden,15.289,0,1,0,451345.5126,239.8665191,0.018525666,772.6167431,Peninsula,1
Sweden,Euratlas 1500,1500,Sweden,15.289,0,3,0,492615.205,239.8665191,0.005923118,772.616743,Peninsula,1
Sweden,Euratlas 1600,1600,Sweden,15.289,,,,856939.7741,239.8665191,0.005859261,637.906686,Peninsula,1
Sweden,Euratlas 1700,1700,Sweden,15.289,0,20,0,2491059.621,239.8665191,0.00554995,561.3100667,Peninsula,1
Sweden,Euratlas 1800,1800,Sweden,15.289,,,,2627450.476,239.8665191,0.002564572,964.2931014,Peninsula,1
Norway,Euratlas 1000,1000,Norway,15.318,,,,71499.24177,581.9037766,0.000595238,1298.22705,Peninsula,1
Norway,Euratlas 1100,1100,Norway,15.318,,,,250868.3462,581.9037766,0.007813827,1315.112423,Peninsula,1
Norwegians,Euratlas 1200,1200,Norway,15.318,,,,147931.0891,581.9037766,0.000711744,1316.16658,Peninsula,1
Norway,Euratlas 1300,1300,Norway,15.318,,,,451637.5354,581.9037766,0.008404342,1304.588317,Peninsula,1
Denmark,Euratlas 1000,1000,Denmark,15.326,,,,414680.7696,452.7380916,0,978.0912723,Peninsula,1
Denmark,Euratlas 1100,1100,Denmark,15.326,0,2,0,527802.4498,452.7380916,0,978.0912723,Peninsula,1
Denmark,Euratlas 1200,1200,Denmark,15.326,,,,561749.2772,452.7380916,0,978.0912723,Peninsula,1
Denmark,Euratlas 1300,1300,Denmark,15.326,0,2,0,727574.2431,452.7380916,0,978.0912723,Peninsula,1
Denmark,Euratlas 1400,1400,Denmark,15.326,,,,705488.8145,452.7380916,0.007222053,853.5498455,Peninsula,1
Denmark,Euratlas 1500,1500,Denmark,15.326,0,5,2,1221327.065,452.7380916,0.025591119,853.5498454,Peninsula,1
Denmark,Euratlas 1600,1600,Denmark,15.326,0,9,0,1349257.304,452.7380916,0.025369828,755.3805904,Peninsula,1
Denmark,Euratlas 1700,1700,Denmark,15.326,0,1,0,1401401.54,452.7380916,0.028900234,978.0912723,Peninsula,1
Denmark,Euratlas 1800,1800,Denmark,15.326,,,,2505433.841,452.7380916,0.028185654,978.0912723,Peninsula,1
France,"William R. Shepherd The Historical Atlas 1911, 61",1000,France,15.335,,,,239045.9387,291.6994118,0,1715.220271,Continent,0
France,"William R. Shepherd The Historical Atlas 1911, 61",1100,France,15.335,,,,377935.9727,291.6994118,0,1684.152854,Continent,0
France,"William R. Shepherd The Historical Atlas 1911, 61",1200,France,15.335,,,,769550.9616,291.6994118,0,1641.862789,Continent,0
France,"William R. Shepherd The Historical Atlas 1911, 61",1300,France,15.335,0,10,0,4627476.869,291.6994118,0,1639.475934,Continent,1
France,"William R. Shepherd The Historical Atlas 1911, 61",1400,France,15.335,0,18,1,4296314.234,291.6994118,0.001144165,1546.423025,Continent,1
France,"William R. Shepherd The Historical Atlas 1911, 61",1500,France,15.335,0,15,20,9637358.823,291.6994118,0.002056555,1212.473811,Continent,1
France,"William R. Shepherd The Historical Atlas 1911, 61",1600,France,15.335,0,23,14,15364009.29,291.6994118,0.003173764,1375.962542,Continent,1
France,"William R. Shepherd The Historical Atlas 1911, 61",1700,France,15.335,0,59,22,19759546.39,291.6994118,0.001639965,1338.456938,Continent,1
France,"William R. Shepherd The Historical Atlas 1911, 61",1800,France,15.335,,,,33986081.25,291.6994118,0.001628197,1102.719442,Continent,1
Anjou County,"William R. Shepherd The Historical Atlas 1911, 61",1000,Anjou,15.345,,,,154477.2739,400.1020904,0,1858.086941,Continent,0
Anjou County,"William R. Shepherd The Historical Atlas 1911, 61",1100,Anjou,15.345,,,,222838.977,400.1020904,0,1858.086941,Continent,0
Anjou County,"William R. Shepherd The Historical Atlas 1911, 61",1300,Anjou,15.345,0,1,0,1524443.224,400.1020904,0.01459144,1490.504144,Continent,1
Anjou County,"William R. Shepherd The Historical Atlas 1911, 61",1400,Anjou,15.345,0,2,0,971226.6673,400.1020904,0.008592911,1497.243769,Continent,1
France,"William R. Shepherd The Historical Atlas 1911, 61",1000,Bretagne,15.361,,,,506136.3742,82.84141387,0,2027.819763,Continent,1
France,"William R. Shepherd The Historical Atlas 1911, 61",1100,Bretagne,15.361,,,,603470.3893,82.84141387,0,2027.819763,Continent,1
France,"William R. Shepherd The Historical Atlas 1911, 61",1200,Bretagne,15.361,,,,818742.2192,82.84141387,0,2027.819763,Continent,1
France,"William R. Shepherd The Historical Atlas 1911, 61",1300,Bretagne,15.361,0,8,2,1245874.101,82.84141387,0,2027.819763,Continent,1
France,"William R. Shepherd The Historical Atlas 1911, 61",1400,Bretagne,15.361,0,0,1,857729.8228,82.84141387,0,2027.819763,Continent,1
Brittany,"William R. Shepherd The Historical Atlas 1911, 61",1500,Bretagne,15.361,0,1,0,1168007.042,82.84141387,0,2027.819763,Continent,1
Normandy,"William R. Shepherd The Historical Atlas 1911, 61",1000,Normandie,15.365,0,0,3,580226.9819,120.7550842,0,1762.62936,Continent,1
Normandy,"William R. Shepherd The Historical Atlas 1911, 61",1100,Normandie,15.365,0,1,2,593875.1009,120.7550842,0,1804.260864,Continent,1
Normandy,"William R. Shepherd The Historical Atlas 1911, 61",1200,Normandie,15.365,0,1,0,1237552.456,120.7550842,0,1804.260864,Continent,1
Duchy of Burgundy,"William R. Shepherd The Historical Atlas 1911, 61",1000,Bourgogne,15.4,,,,224832.0986,336.1806838,0,1520.941282,Continent,0
Duchy of Burgundy,"William R. Shepherd The Historical Atlas 1911, 61",1100,Bourgogne,15.4,,,,265762.3824,336.1806838,0,1520.941282,Continent,0
Duchy of Burgundy,"William R. Shepherd The Historical Atlas 1911, 61",1200,Bourgogne,15.4,,,,366184.8012,336.1806838,0,1520.941282,Continent,0
Duchy of Burgundy,"William R. Shepherd The Historical Atlas 1911, 61",1300,Bourgogne,15.4,,,,541513.8599,336.1806838,0,1532.48872,Continent,0
Duchy of Burgundy,"William R. Shepherd The Historical Atlas 1911, 61",1400,Bourgogne,15.4,,,,567384.6641,336.1806838,0,1216.783402,Continent,0
Poitou Duchy,"William R. Shepherd The Historical Atlas 1911, 61",1000,Poitou,15.426,,,,445767.1598,223.3000951,0,1766.784373,Continent,1
Poitou Duchy,"William R. Shepherd The Historical Atlas 1911, 61",1100,Poitou,15.426,,,,705289.8023,223.3000951,0,1698.791995,Continent,1
Pompaelo,Euratlas 1000,1000,Navarra,15.523,,,,106650.606,588.0273324,0.012145749,2110.77857,Peninsula,1
(Navarre),Euratlas 1200,1200,Navarra,15.523,,,,156077.6937,588.0273324,0.046153846,2170.852019,Peninsula,1
(Navarre),Euratlas 1300,1300,Navarra,15.523,,,,172520.0537,588.0273324,0.056497175,2170.90821,Peninsula,1
Navarre,Euratlas 1400,1400,Navarra,15.523,0,0,1,125039.7251,588.0273324,0.056497175,2170.872726,Peninsula,1
Navarre,Euratlas 1500,1500,Navarra,15.523,0,1,0,758859.0422,588.0273324,0.026446281,1718.426925,Continent,1
Le2n,Euratlas 1000,1000,Leon,15.525,0,4,1,816761.0194,768.5591752,0.042951542,2338.026882,Peninsula,1
Le2n-Castile,Euratlas 1100,1100,Leon,15.525,0,1,0,651393.2427,768.5591752,0.026872964,2449.461378,Peninsula,1
Le6n,Euratlas 1200,1200,Leon,15.525,,,,1098652.353,768.5591752,0.025538707,2451.423847,Peninsula,1
,Euratlas 1200,1100,Castillas,15.527,0,1,0,1262045.546,712.8472169,0.037886873,2191.705236,Peninsula,1
Castile,Euratlas 1200,1200,Castillas,15.527,,,,1012670.424,712.8472169,0.057883131,2275.598294,Peninsula,1
Castile,Euratlas 1300,1300,Castillas,15.527,0,3,1,5197765.978,712.8472169,0.033841941,1130.506333,Peninsula,1
Castile,Euratlas 1400,1400,Castillas,15.527,0,6,1,4179008.598,712.8472169,0.042664802,1130.506334,Peninsula,1
Spain,Euratlas 1500,1500,Castillas,15.527,0,1,1,4669159.491,712.8472169,0.051664355,2238.184015,Peninsula,1
Aragon-Navarre,Euratlas 1100,1100,Aragon,15.528,0,1,0,278530.9839,648.6239573,0.034825871,2064.415899,Peninsula,1
(Aragin),Euratlas 1200,1200,Aragon,15.528,,,,1152567.475,648.6239573,0.078599736,1517.489292,Peninsula,1
Arag_n,Euratlas 1300,1300,Aragon,15.528,0,1,0,1777964.137,648.6239573,0.113812155,262.8759753,Peninsula,1
Arag_n,Euratlas 1400,1400,Aragon,15.528,0,1,0,1320432.612,648.6239573,0.079604881,1391.70036,Peninsula,1
,Euratlas 1400,1500,Aragon,15.528,0,1,0,2528747.526,648.6239573,0.063793832,1130.506333,Peninsula,1
Majorca,Euratlas 1300,1300,Mallorca,15.529,,,,88887.573,123.016338,0,1782.299554,Island,1
Spanish,Euratlas 1700,1600,Espana,15.53,0,27,7,14931470.81,641.2156297,0.044544741,799.5701627,Peninsula,1
Spanish,Euratlas 1700,1700,Espana,15.53,0,59,1,12942889.75,641.2156297,0.047033285,799.5701627,Peninsula,1
Spain,Euratlas 1800,1800,Espana,15.53,,,,11124311.94,641.2156297,0.060234612,1869.155541,Peninsula,1
(Marca Hispanica),Euratlas 1000,1000,Barcelona,15.536,,,,148265.8271,439.2169732,0,1904.948645,Peninsula,1
Barcelona,Euratlas 1100,1100,Barcelona,15.536,,,,165916.4944,439.2169732,0,1904.948645,Peninsula,1
Portugal,Euratlas 1200,1200,Portugal,15.573,0,1,0,722026.9942,324.0387654,0.000884173,2641.141035,Peninsula,1
Portugal,Euratlas 1300,1300,Portugal,15.573,0,2,0,1098570.179,324.0387654,0.000747384,2641.141035,Peninsula,1
Portugal,Euratlas 1400,1400,Portugal,15.573,,,,791553.3617,324.0387654,0.000746826,2641.141035,Peninsula,1
Portugal,Euratlas 1500,1500,Portugal,15.573,0,1,0,1369475.364,324.0387654,0.0013947,2641.141035,Peninsula,1
Portugal,Euratlas 1500,1600,Portugal,15.573,0,3,0,1742558.391,324.0387654,0.000746826,2641.141035,Peninsula,1
Portugal,Euratlas 1700,1700,Portugal,15.573,0,3,0,1828117.719,324.0387654,0.000745156,2641.311163,Peninsula,1
Portugal,Euratlas 1800,1800,Portugal,15.573,,,,2891945.268,324.0387654,0.000745712,2641.311163,Peninsula,1
(Sicily),Euratlas 1200,1200,Sicilia (Kingdom),15.614,0,2,1,2785299.941,463.208124,0.000664452,799.5701627,Island,1
Sicily,Euratlas 1800,1800,Sicilia (Kingdom),15.614,,,,1546905.587,463.208124,0.002770083,1130.506333,Island,1
Sicily-Naples,Euratlas 1300,1300,Regnum Napolitanum,15.615,,,,2403577.94,513.2118444,0,705.4630244,Peninsula,1
Naples,Euratlas 1400,1400,Regnum Napolitanum,15.615,0,3,0,1529006.373,513.2118444,0,864.0289154,Peninsula,1
(Naples),Euratlas 1500,1500,Regnum Napolitanum,15.615,0,2,0,1875890.851,513.2118444,0,799.5701627,Peninsula,1
Naples,Euratlas 1800,1800,Regnum Napolitanum,15.615,,,,4457693.875,513.2118444,0,799.5701627,Peninsula,1
(Sardinia),Euratlas 1800,1800,Sardinia II,15.616,,,,2235402.189,840.1330148,0.032770606,1326.754904,Island,1
(Papal States),Euratlas 1000,1000,Roma,15.631,,,,488184.6592,333.1369815,0,1024.304189,Peninsula,1
Papal States,Euratlas 1100,1100,Roma,15.631,0,1,0,447309.8802,333.1369815,0,1004.699576,Peninsula,1
,,1200,Roma,15.631,0,1,0,753258.2668,333.1369815,0,1004.653132,Peninsula,1
Papal States,Euratlas 1300,1300,Roma,15.631,,,,1161005.97,333.1369815,0,1004.552459,Peninsula,1
Papal States,Euratlas 1400,1400,Roma,15.631,,,,818435.2777,333.1369815,0,1004.367668,Peninsula,1
Papal States,Euratlas 1500,1500,Roma,15.631,0,1,0,1028327.162,333.1369815,0,1004.603803,Peninsula,1
Papal States,Euratlas 1600,1600,Roma,15.631,0,1,0,2005719.081,333.1369815,0.001683502,1005.766061,Peninsula,1
Papal States,Euratlas 1700,1700,Roma,15.631,0,2,0,1913419.924,333.1369815,0,1007.036962,Peninsula,1
(Papal States),Euratlas 1800,1800,Roma,15.631,,,,1971735.512,333.1369815,0,1007.168488,Peninsula,1
,,1000,Firenze,15.66,,,,80165.63489,352.659224,0,1155.636361,Peninsula,0
,,1100,Firenze,15.66,,,,249713.8537,352.659224,0,1157.187166,Peninsula,1
Florence,Euratlas_1300,1200,Firenze,15.66,,,,124379.6516,352.659224,0,1169.550489,Peninsula,0
Florence,Euratlas 1300,1300,Firenze,15.66,0,1,0,182911.2794,352.659224,0,1169.550489,Peninsula,0
Florence,Euratlas 1400,1400,Firenze,15.66,0,2,0,145068.5915,352.659224,0,1129.447466,Peninsula,0
Florence,Euratlas 1500,1500,Firenze,15.66,0,2,0,232559.5841,352.659224,0,1129.365153,Peninsula,1
Tuscany,Euratlas 1600,1600,Toscana,15.665,,,,722069.1572,365.293403,0,1113.238454,Peninsula,1
Tuscany,Euratlas 1700,1700,Toscana,15.665,,,,734042.2403,365.293403,0,1113.238454,Peninsula,1
(Tuscany),Euratlas 1800,1800,Toscana,15.665,,,,976077.5165,365.293403,0,1113.238454,Peninsula,1
Venice,Geacron,1000,Venezia,15.721,,,,57017.22159,393.7683064,0,667.6780638,Continent,1
Venice,Geacron,1100,Venezia,15.721,,,,60982.54061,393.7683064,0,671.9172309,Continent,1
Venice,Geacron,1200,Venezia,15.721,,,,53471.32778,393.7683064,0,683.3420347,Continent,1
Venice,Euratlas 1300,1300,Venezia,15.721,0,1,0,230913.8497,393.7683064,0.017582418,0,Continent,1
Venice,Euratlas 1400,1400,Venezia,15.721,0,1,0,518882.8329,393.7683064,0.005882353,596.5826728,Continent,1
Venice,Euratlas 1500,1500,Venezia,15.721,0,7,0,1123416.188,393.7683064,0.008163265,541.4720715,Continent,1
Venice,Euratlas 1600,1600,Venezia,15.721,0,2,0,1762002.465,393.7683064,0.001557632,644.425372,Continent,1
Venice,Euratlas 1700,1700,Venezia,15.721,0,20,0,1777081.877,393.7683064,0.002902758,644.420618,Continent,1
,,1000,Milano,15.735,,,,238628.3101,622.7499876,0,1322.776717,Continent,0
,,1100,Milano,15.735,0,2,0,331389.2892,622.7499876,0,1322.776717,Continent,0
,,1200,Milano,15.735,,,,393681.4713,622.7499876,0,1319.962771,Continent,0
Milan,Euratlas 1300,1300,Milano,15.735,0,1,0,1375104.063,622.7499876,0.023715415,1212.170533,Continent,0
(Milan),Euratlas 1400,1400,Milano,15.735,0,5,0,1271054.539,622.7499876,0.013071895,1081.721011,Continent,1
(Milan),Euratlas 1500,1500,Milano,15.735,0,7,0,1269621.47,622.7499876,0.021459227,1212.170533,Continent,0
Milan,Euratlas 1600,1600,Milano,15.735,0,2,0,1602689.46,622.7499876,0,1245.837749,Continent,0
Milan,Euratlas 1700,1700,Milano,15.735,0,4,0,1208836.044,622.7499876,0,1238.290315,Continent,0
(Cisalpine Republic),Euratlas 1800,1800,Milano,15.735,,,,3460456.163,622.7499876,0.009259259,1083.304159,Peninsula,1
Savoie,GADM 2nd Order,1100,Savoia,15.758,,,,251926.0162,1390.968078,0.054726368,1430.872978,Continent,0
Savoie,GADM 2nd Order,1200,Savoia,15.758,,,,114283.3869,1390.968078,0.088435374,1469.899614,Continent,0
Savoy,Euratlas 1300,1300,Savoia,15.758,,,,389342.7689,1390.968078,0.078431373,1237.150018,Continent,0
Savoy,Euratlas 1400,1400,Savoia,15.758,,,,125082.5587,1390.968078,0.096256684,1417.680043,Continent,0
(Savoy),Euratlas 1500,1500,Savoia,15.758,0,2,0,566266.0221,1390.968078,0.072941176,1396.618356,Continent,1
Savoy,Euratlas 1600,1600,Savoia,15.758,0,1,0,648245.0378,1390.968078,0.074270557,1401.347493,Continent,1
Savoy,Euratlas 1700,1700,Savoia,15.758,0,8,0,907886.9458,1390.968078,0.06768559,1396.350637,Continent,1
(Neapolis),Euratlas 1000,1000,Napoli,15.812,,,,221368.7571,103.6789286,0,1041.6502,Peninsula,1
Naples,Euratlas 1100,1100,Napoli,15.812,,,,227550.4985,103.6789286,0,1041.999221,Peninsula,1
(Siqilliyya),Euratlas 1000,1000,Sicilia,15.815,0,6,0,452134.4606,343.1521888,0.002770083,1130.506617,Island,1
(Sicily),Euratlas 1100,1100,Sicilia,15.815,0,1,0,912495.9428,343.1521888,0.23156533,1130.506336,Island,1
Apulia-Calabria,Euratlas 1100,1100,Calabria,15.823,0,1,0,504431.1093,521.3996781,0,872.2650562,Peninsula,1
(Moldavia),Euratlas 1400,1400,Moldavei,15.914,0,3,0,518699.7683,297.6867148,0.179677819,0,Continent,1
(Moldavia),Euratlas 1500,1500,Moldavei,15.914,0,0,1,755156.3778,297.6867148,0.165418227,0,Continent,1
,,1600,Moldavei,15.914,,,,206439.5581,297.6867148,0,0,Continent,0
(Moldavia),Euratlas 1700,1700,Moldavei,15.914,0,7,0,750939.0053,297.6867148,0.032142857,0,Continent,0
(Moldavia),Euratlas 1800,1800,Moldavei,15.914,,,,1235185.852,297.6867148,0.03969129,0,Continent,0
(Wallachia),Euratlas 1300,1300,Valaquia,15.916,0,2,1,560952.8828,314.3169487,0.096425603,0,Continent,0
Wallachia,Euratlas 1400,1400,Valaquia,15.916,0,3,0,464667.7605,314.3169487,0.029362416,0,Continent,0
(Wallachia),Euratlas 1500,1500,Valaquia,15.916,0,2,1,677225.8149,314.3169487,0.012070566,0,Continent,0
Wallachia,Euratlas 1600,1600,Valaquia,15.916,0,2,1,672527.6138,314.3169487,0.00379867,0,Continent,0
(Wallachia),Euratlas 1700,1700,Valaquia,15.916,0,5,0,829530.9138,314.3169487,0.002862595,0,Continent,0
(Walachia),Euratlas 1800,1800,Valaquia,15.916,,,,1925150.914,314.3169487,0.006445672,0,Continent,0
Bulgaria,Euratlas 1000,1000,Bulgaria (Kingdom II),15.943,1,2,1,1350717.074,534.5942275,0.066391266,0,Continent,1
Bulgaria,Euratlas 1200,1200,Bulgaria (Kingdom III),15.944,,,,1054333.914,443.0166509,0.013315579,0,Continent,1
Bulgaria,Euratlas 1300,1300,Bulgaria (Kingdom III),15.944,,,,475365.2418,443.0166509,0.015931373,0,Continent,1
Croatia,Euratlas 1000,1000,Croatia,15.959,,,,493790.2948,435.1080923,0,572.6576357,Continent,1
(Croatia),Euratlas 1100,1100,Croatia,15.959,,,,398718.6251,435.1080923,0,616.7045246,Continent,1
Ra?ka,Euratlas 1200,1200,Serbia I,15.964,,,,871834.6168,796.2324263,0.001302083,378.060627,Continent,1
Ra?ka,Euratlas 1300,1300,Serbia I,15.964,1,3,0,640736.2495,796.2324263,0.000794281,342.4815824,Continent,1
Bosnia,Euratlas 1400,1400,Bosnia,15.974,0,1,0,275948.37,828.4351275,0,513.7419869,Continent,0
,,1500,Bosnia,15.974,,,,54996.25807,828.4351275,0,602.2932253,Continent,0
Volga Bulgaria,Euratlas 1000,1000,Bolgar,16.111,,,,190735.4596,124.5111814,0.00286944,0,Continent,0
Volga Bulgaria,Euratlas 1100,1100,Bolgar,16.111,,,,184819.2612,124.5111814,0.005089059,0,Continent,0
Volga Bulgaria,Euratlas 1200,1200,Bolgar,16.111,1,1,0,408552.3449,124.5111814,0.004376368,0,Continent,0
Volga Bulgaria,Euratlas 1300,1300,Bolgar,16.111,1,1,0,505070.5919,124.5111814,0.00094518,0,Continent,0
,,1000,Patzinaks,16.116,,,,126762.2559,149.8643883,0.481382979,0,Continent,1
Novgorod,Euratlas 1100,1000,Novgorod,16.121,,,,62819.04766,120.2263166,0,212.937374,Continent,0
Novgorod,Euratlas 1100,1100,Novgorod,16.121,,,,92955.24058,120.2263166,0,212.937374,Continent,0
Novgorod,Euratlas 1200,1200,Novgorod,16.121,0,3,0,318757.9315,120.2263166,0,62.55821166,Continent,1
Novgorod,Euratlas 1300,1300,Novgorod,16.121,,,,330982.3282,120.2263166,0,119.8419353,Continent,1
Novgorod,Euratlas 1400,1400,Novgorod,16.121,0,2,0,135712.402,120.2263166,0,157.3863101,Continent,0
Polock,Euratlas 1100,1000,Polock,16.122,0,1,0,66437.28253,170.4807273,0,279.4889731,Continent,0
Polotsk,Euratlas 1100,1100,Polock,16.122,,,,97776.41559,170.4807273,0,279.4889731,Continent,0
Polotsk,Euratlas 1200,1200,Polock,16.122,,,,70361.01556,170.4807273,0,196.4414881,Continent,0
Polotsk,Euratlas 1300,1300,Polock,16.122,,,,33550.12384,170.4807273,0,196.1481274,Continent,0
Rus Land,Euratlas 1000,1000,Kiev,16.123,3,2,5,1015204.56,172.2802269,0.100695339,0,Continent,0
Rus Land,Euratlas 1100,1100,Kiev,16.123,,,,368536.2911,172.2802269,0.000292483,0,Continent,0
Kiev,Euratlas 1200,1200,Kiev,16.123,,,,400542.387,172.2802269,0.207362535,0,Continent,1
(Kiev),Euratlas 1300,1300,Kiev,16.123,,,,180386.887,172.2802269,0,0,Continent,0
,,1400,Kiev,16.123,1,1,0,99426.9075,172.2802269,0.003773585,0,Continent,0
,,1500,Kiev,16.123,,,,146629.5183,172.2802269,0.003134796,0,Continent,0
,,1000,Turov,16.131,,,,612.0979042,148.353605,0,228.0341426,Continent,0
,,1100,Turov,16.131,,,,1157.045311,148.353605,0,228.0341426,Continent,0
Pinsk,Euratlas 1200,1200,Turov,16.131,,,,89587.23452,148.353605,0,65.4937517,Continent,0
Pinsk,Euratlas 1300,1300,Turov,16.131,,,,113882.5967,148.353605,0,100.4756084,Continent,0
,,1400,Turov,16.131,,,,43116.48433,148.353605,0,150.1246152,Continent,0
,,1500,Turov,16.131,,,,57488.65099,148.353605,0,150.1246152,Continent,0
,,1000,Galle,16.132,,,,47615.28122,398.2528852,0,208.6209352,Continent,0
Galicja,Euratlas 1100,1100,Peremysl-Galic,16.134,,,,211235.8655,323.851936,0,0,Continent,0
,,1200,Peremysl-Galic,16.134,,,,215432.5917,323.851936,0,15.03318409,Continent,0
Galicja-Volhynia,Euratlas 1200,1200,Gali?,16.137,,,,305972.7531,257.0052605,0,0,Continent,0
Galicja-Volhynia,Euratlas 1300,1300,Galicia,16.143,,,,465320.6038,374.9947785,0,29.69525505,Continent,0
Smolensk,Euratlas 1100,1000,Smolensk,16.148,,,,77520.4038,202.0649904,0,0,Continent,0
Smolensk,Euratlas 1100,1100,Smolensk,16.148,,,,116280.604,202.0649904,0,0,Continent,0
Smolensk,Euratlas 1200,1200,Smolensk,16.148,,,,105396.206,202.0649904,0,12.02891824,Continent,0
(Smolensk),Euratlas 1300,1300,Smolensk,16.148,,,,51868.90899,202.0649904,0,21.62990606,Continent,0
Chernigov,Euratlas 1100,1100,Cernigov,16.149,,,,251619.9738,171.6797824,0.060107455,0,Continent,1
Chernigov,Euratlas 1200,1200,Cernigov,16.149,1,1,0,283429.5352,171.6797824,0.000822707,0,Continent,0
(Chernigov),Euratlas 1300,1300,Cernigov,16.149,1,1,0,163726.156,171.6797824,0.001492537,0,Continent,0
,,1400,Cernigov,16.149,,,,28644.29505,171.6797824,0,0,Continent,0
,,1500,Cernigov,16.149,,,,67886.26121,171.6797824,0,0,Continent,0
Pereyaslav-Rus,Euratlas 1100,1100,Pereyaslavl,16.15,,,,66358.44266,137.6531375,0,0,Continent,0
Pereyaslav-Rus,Euratlas 1200,1200,Pereyaslavl,16.15,,,,514814.0597,137.6531375,0.407874016,0,Continent,0
(Pereyaslav-Rus),Euratlas 1300,1300,Pereyaslavl,16.15,1,1,0,287902.4124,137.6531375,0.142165759,0,Continent,0
,,1100,Novgorod-Seversk,16.154,,,,36881.95939,174.0840012,0,0,Continent,0
Novgorod-Seversk,Euratlas 1200,1200,Novgorod-Seversk,16.154,,,,79159.3122,174.0840012,0,0,Continent,0
(Severia),Euratlas 1300,1300,Novgorod-Seversk,16.154,,,,46862.61398,174.0840012,0,0,Continent,0
Murom-Ryazan,Euratlas 1200,1200,Ryazan,16.16,,,,112396.1399,158.7049628,0,0,Continent,0
Ryazan,Euratlas 1500,1500,Ryazan,16.16,,,,189040.7267,158.7049628,0,0,Continent,0
Vladimir-Suzdal,Euratlas 1200,1200,Vladimir,16.17,1,2,0,383532.8361,139.0469664,0,0,Continent,0
(Vladimir),Euratlas 1300,1300,Vladimir,16.17,,,,15756.74205,139.0469664,0,52.35801735,Continent,0
Western Kipchak,Geacron 1300,1300,Sir Orda,16.191,4,3,1,2989400.96,143.8214603,0.584861515,0,Continent,1
Golden Horde,Euratlas 1400,1400,Sir Orda,16.191,2,2,1,3156590.741,143.8214603,0.627995529,0,Continent,1
Golden Horde,Euratlas 1500,1500,Sir Orda,16.191,,,,250653.1804,143.8214603,0.398341887,0,Continent,0
,,1300,Galic,16.204,,,,104932.8776,429.8303178,0,82.4427221,Continent,0
,,1400,Galic,16.204,,,,118256.1596,429.8303178,0,70.01021547,Continent,0
(Moscow),Euratlas 1300,1300,Moskva,16.231,1,1,0,93893.46513,167.618419,0,0,Continent,0
Muscovy,Euratlas 1400,1400,Moskva,16.231,2,2,0,434291.1923,167.618419,0.000408247,0,Continent,0
Muscovy,Euratlas 1500,1500,Moskva,16.231,3,6,1,3276743.538,167.618419,0.069234819,0,Continent,1
Muscovy,Euratlas 1600,1600,Russia,16.261,1,12,5,3924306.383,317.0511062,0.152741954,0,Continent,1
Muscovy Rus,Euratlas 1700,1700,Russia,16.261,1,2,7,9974260.504,317.0511062,0.066275693,0,Continent,1
Russia,Euratlas 1800,1800,Russia,16.261,,,,43993704.98,317.0511062,0.130157089,0,Continent,1
(Crimea),Euratlas 1500,1500,Tatar Khanate,16.271,,,,367215.6988,89.57296204,0.932249322,0,Continent,1
,,1600,Tatar Khanate,16.271,,,,453369.7487,89.57296204,0.929321204,0,Continent,1
,,1700,Tatar Khanate,16.271,1,2,0,305796.8285,89.57296204,0.875255624,0,Continent,1
Lithuania,Euratlas 1300,1300,Lithuania,16.436,,,,154427.9074,165.6462918,0,231.2941006,Continent,1
Lithuania,Euratlas 1400,1400,Lithuania,16.436,0,1,0,1268046.104,165.6462918,0.030313923,0,Continent,1
Lithuania,Euratlas 1500,1500,Lithuania,16.436,0,9,2,1747860.815,165.6462918,0.075283535,0,Continent,1
Poland,Euratlas 1000,1000,Poland I,16.522,0,0,1,862390.201,189.1442582,0,292.127575,Continent,1
Poland,Euratlas 1100,1100,Wielkopolska,16.523,0,1,0,841233.1256,151.7580183,0,313.0973589,Continent,0
Greater Poland,Euratlas 1200,1200,Wielkopolska,16.523,,,,126669.9098,151.7580183,0,621.037459,Continent,0
,,1100,Malopolska,16.524,,,,176754.5055,246.1864167,0,415.2344618,Continent,0
Lesser Poland,Euratlas 1200,1200,Malopolska,16.524,2,2,0,333974.8985,246.1864167,0,312.3586543,Continent,0
(Cracow),Euratlas 1300,1300,Malopolska,16.524,,,,560245.4191,246.1864167,0,297.3333692,Continent,0
,,1000,Mazowsze,16.525,,,,139988.0312,130.5139617,0,379.8555191,Continent,0
Masovia,Euratlas 1200,1200,Mazowsze,16.525,,,,262995.8338,130.5139617,0,372.5363503,Continent,0
Mazovia,Euratlas 1300,1300,Mazowsze,16.525,,,,385130.751,130.5139617,0,394.9628494,Continent,0
(Mazovia),Euratlas 1400,1400,Mazowsze,16.525,,,,429777.4575,130.5139617,0,150.7205122,Continent,0
(Mazovia),Euratlas 1500,1500,Mazowsze,16.525,,,,284023.7496,130.5139617,0,407.340549,Continent,0
Poland,Euratlas 1400,1400,Poland,16.551,0,0,1,1215748.002,181.995387,0,369.067364,Continent,0
Poland,Euratlas 1500,1500,Poland,16.551,0,2,0,2459622.338,181.995387,0.021093218,0,Continent,1
Poland,Euratlas 1600,1600,Poland,16.551,6,46,11,5739132.023,181.995387,0.000131199,0,Continent,1
Poland,Euratlas 1700,1700,Poland,16.551,0,23,12,8042937.296,181.995387,0.058798899,0,Continent,1
,"Transylvania: GADM 1st Order Alba, Bistrita-Nasaud, Brasov, Cluj, Covasna, Harghita, Hunedoara, Mures, Sibiu",1400,Transsylvania,16.625,0,1,0,217982.4154,628.3567623,0,19.1663462,Continent,0
,"Transylvania: GADM 1st Order Alba, Bistrita-Nasaud, Brasov, Cluj, Covasna, Harghita, Hunedoara, Mures, Sibiu",1500,Transsylvania,16.625,0,2,1,545130.8407,628.3567623,0,16.22617594,Continent,0
(Transylvania),Euratlas 1600,1600,Transsylvania,16.625,0,5,2,577631.5516,628.3567623,0,20.83150844,Continent,0
Hungary,Euratlas 1000,1000,Magyar Kingdom,16.631,1,1,0,666485.2256,323.1084363,0,234.0986874,Continent,0
Hungary,Euratlas 1100,1100,Magyar Kingdom,16.631,,,,1370912.185,323.1084363,0,121.6408267,Continent,0
Hungary,Euratlas 1200,1200,Magyar Kingdom,16.631,1,2,0,3229664.443,323.1084363,0,121.7824926,Continent,1
Hungary,Euratlas 1300,1300,Magyar Kingdom,16.631,,,,3049587.077,323.1084363,0,52.95118316,Continent,1
Austria,Droysens (1886),1100,Ostarrichi,16.722,,,,248700.2796,589.5931381,0,699.1702725,Continent,0
Austria,Droysens (1886),1200,Ostarrichi,16.722,0,2,0,606876.5118,589.5931381,0,699.1702725,Continent,0
Austria,Droysens (1886) time of the Hohenstaufen Emperors,1300,Osterreich,16.735,0,1,0,1256088.591,516.6685818,0.001254705,699.1702725,Continent,0
Austria,Droysens (1886) 14th century,1400,Osterreich,16.735,0,8,2,3431296.384,516.6685818,0.00041365,103.600879,Continent,1
Habsburgs,Droysens (1886) 1517,1500,Osterreich,16.735,0,0,2,2033894.814,516.6685818,0.005678233,699.1702725,Continent,1
Habsburgs,Euratlas 1600,1600,Osterreich,16.735,0,17,1,7057942.476,516.6685818,0.001843129,194.0935127,Continent,1
Habsburg,Euratlas 1700,1700,Osterreich,16.735,0,33,3,9694150.268,516.6685818,0.002475248,24.14930987,Continent,1
Habsburgs,Euratlas 1800,1800,Osterreich,16.735,,,,13492029.24,516.6685818,0.003510452,18.5115527,Continent,1
Bohemia,Droysens (1886),1000,Bohemia (Dukes),16.818,,,,815690.2759,450.3174962,0.00075188,603.0945135,Continent,0
Bohemia,Droysens (1886),1100,Bohemia (Dukes),16.818,,,,595219.9287,450.3174962,0.001098901,703.3502727,Continent,0
Bohemia,Droysens (1886),1200,Bohemia (Dukes),16.82,,,,894517.5032,450.3174962,0.000993049,703.3502727,Continent,0
Bohemia,Droysens (1886) time of the Hohenstaufen Emperors,1300,Bohemia (Kingdom),16.82,0,0,1,1521700.764,343.8869432,0.000670691,615.4139789,Continent,0
Bohemia,Droysens (1886) 14th century,1400,Bohemia (Kingdom),16.82,0,0,19,1392231.368,343.8869432,0.001425517,516.7884777,Continent,0
Bohemia,Droysens (1886) 1517,1500,Bohemia (Kingdom),16.82,0,18,0,5295992.015,343.8869432,0.000333778,103.600879,Continent,1
Franken,Droysens (1886),1000,Holy Roman Empire,16.913,0,0,3,1285130.135,307.6512265,0,1058.442377,Continent,1
Franken,Droysens (1886),1100,Holy Roman Empire,16.913,0,0,1,1401048.98,307.6512265,0,1058.442377,Continent,1
Holy Roman Empire,,1200,Holy Roman Empire,16.913,,,,659386.9573,307.6512265,0,1420.291462,Continent,0
Holy Roman Empire,Droysens (1886) time of the Hohenstaufen Emperors,1300,Holy Roman Empire,16.913,,,,1114052.646,307.6512265,0,1128.156727,Continent,0
,,1400,Holy Roman Empire,16.913,0,1,0,172728.4916,307.6512265,0,1189.790605,Continent,0
Holy Roman Empire,Droysens (1886) time of the Hohenstaufen Emperors,1500,Holy Roman Empire,16.913,0,0,4,679390.2727,307.6512265,0,1189.790605,Continent,1
Lothringen Duchy,Droysens (1886) 1618,1600,Holy Roman Empire,16.913,0,1,0,608421.8173,307.6512265,0,1382.416036,Continent,0
Lothringen Duchy,Droysens (1886) 18th century,1700,Holy Roman Empire,16.913,0,2,0,549920.8003,307.6512265,0,1384.02093,Continent,0
Valdez Principality,"Droysens (1886) 1789',Euratlas 1800,Geacron 1800",1800,Holy Roman Empire,16.913,,,,10926.77621,307.6512265,0,1260.49558,Continent,0
Bedrhein County,Droysens (1886) time of the Hohenstaufen Emperors,1300,Kur-Pfalz,17.421,,,,37790.82599,324.9449872,0,1297.393255,Continent,0
Palatinate,Droysens (1886) 14th century,1400,Kur-Pfalz,17.421,,,,154012.8835,324.9449872,0,1006.317744,Continent,0
Palatinate,Droysens (1886) 1517,1500,Kur-Pfalz,17.421,0,0,1,242020.5655,324.9449872,0,1006.317744,Continent,0
Palatinate,Droysens (1886) 1618,1600,Kur-Pfalz,17.421,0,2,1,278588.1235,324.9449872,0,1006.317744,Continent,0
Palatinate,Droysens (1886) 18th century,1700,Kur-Pfalz,17.421,0,9,0,637698.5309,324.9449872,0,1273.554921,Continent,0
Holy Roman Empire,Droysens (1886),1200,Mark Brandenburg,17.693,,,,290150.6091,70.66071192,0,814.8974773,Continent,0
Brandenburg,Droysens (1886) time of the Hohenstaufen Emperors,1300,Mark Brandenburg,17.693,,,,562042.5114,70.66071192,0,786.6793588,Continent,0
Brandenburg,Droysens (1886) 14th century,1400,Mark Brandenburg,17.693,,,,287080.2662,70.66071192,0,825.889702,Continent,0
Brandenburg,Droysens (1886) 1517,1500,Mark Brandenburg,17.693,,,,449601.5707,70.66071192,0.001481481,811.994226,Continent,0
Brandenburg,Droysens (1886) 1618,1600,Mark Brandenburg,17.693,0,5,0,641758.7861,70.66071192,0.00125,794.5597298,Continent,1
Brandenburg-Prussia,Droysens (1886) 18th century,1700,Mark Brandenburg,17.693,0,12,0,2064929.662,70.66071192,0.000502513,504.5065932,Continent,1
Osterland Margravate,Droysens (1886) 14th century,1400,Sachsen,17.706,,,,122124.7009,256.5674009,0,993.6295364,Continent,0
Sachsen-Meissen Margravate,Droysens (1886) 1517,1500,Sachsen,17.706,0,1,0,610284.0276,256.5674009,0.00286533,821.7511529,Continent,0
Sachsen-Meissen Margravate,Droysens (1886) 1618,1600,Sachsen,17.706,0,1,0,1089164.132,256.5674009,0.002457002,886.3034729,Continent,0
Sachsen,Droysens (1886) 18th century,1700,Sachsen,17.706,0,13,0,1457583.145,256.5674009,0.001686341,821.1066901,Continent,0
Sachsen,"Droysens (1886) 1789',Euratlas 1800,Geacron 1800",1800,Sachsen,17.706,,,,2036925.902,256.5674009,0,916.4274493,Continent,0
,,1300,Preussen,17.781,,,,35869.18066,76.06231293,0,606.7986074,Continent,1
,,1400,Preussen,17.781,,,,37847.71793,76.06231293,0,606.7986075,Continent,1
Teutonic Prussia,Euratlas 1500,1500,Preussen,17.781,,,,154127.9538,76.06231293,0,519.6151443,Continent,1
(Prussia),Euratlas 1600,1600,Preussen,17.781,0,1,0,191511.9633,76.06231293,0,519.6151443,Continent,1
Prussia,Droysens (1886) 1789,1800,Preussen,17.811,,,,10895217.32,123.7535847,0.00017307,371.8255008,Continent,1
Baiern Duchy,Droysens (1886) 18th century,1700,Bayern,17.9211,0,6,0,710874.466,504.1198556,0,957.1522245,Continent,0
Baiern Duchy,"Droysens (1886) 1789',Euratlas 1800,Geacron 1800",1800,Bayern,17.9211,,,,1636845.821,504.1198556,0,958.0193273,Continent,0
