"titel","registernr","volg1","rol1","scan1","volg2","rol2","scan2"
"Diverse dokumenter indtil 1660 1660","258451","48202617","1","2","48203142","1","527"
"Diverse år, regnskab 1497 - Diverse år, regnskab 1541","258452","48203143","1","528","48203301","1","686"
"Diverse år, regnskab 1497 - Diverse år, regnskab 1541","258453","48203302","2","2","48203454","2","154"
"Regnskab 1542 - Regnskab 1548","258454","48203455","2","155","48203741","2","441"
"Indtægt og udgift (Jens Mogensen Rosenvinge) 1557","258455","48203742","2","442","48203929","2","629"
"Indtægt og udgift (Jens Mogensen Rosenvinge) 1557","258456","48203930","3","2","48204043","3","115"
"Indtægt 1558","258457","48204046","3","119","48204202","3","276"
"Indtægt og udgift (David Hansen) 1560","258458","48204205","3","277","48204464","3","537"
"Indtægt og udgift (Jens Mogensen) 1562","258459","48204465","3","538","48204597","3","670"
"Indtægt og udgift (Jens Mogensen) 1562","258460","48204598","4","2","48204911","4","315"
"Indtægt og udgift (Jens Mogensen) 1563","258461","48204912","4","316","48205400","4","804"
"Indtægt og udgift (David Hansen) 1563","258462","48205401","5","2","48205896","5","497"
"Indtægt og udgift (David Hansen) 1564","258463","48205897","6","2","48206291","6","396"
"Indtægt og udgift (David Hansen) 1565","258464","48206292","6","397","48206709","6","814"
"Indtægt og udgift (David Hansen) 1566","258465","48206710","7","2","48207173","7","465"
"Indtægt og udgift (David Hansen) 1566","258466","48207174","8","2","48207198","7","26"
"Indtægt og udgift (David Hansen) 1567","258467","48207199","8","27","48207636","8","464"
"Lastepenge. Indtægt og udgift (David Hansen) 1567","258468","48207637","8","465","48207800","8","628"
"Indtægt og udgift. (Fred. Leyel) 1568","258469","48207801","9","2","48208205","9","406"
"Indtægt og udgift (David Hansen) 1568","258470","48208206","9","407","48208405","9","606"
"Indtægt og udgift (David Hansen) 1568","258471","48208406","10","2","48208697","10","293"
"Lastepenge. Indtægt og udgift (Fred. Leyel) 1568","258472","48208698","10","294","48208863","10","459"
"Lastepenge. Indtægt og udgift (David Hansen) 1568","258473","48208864","10","460","48209041","10","637"
"Indtægt og udgift (David Hansen) 1569","258474","48209042","11","2","48209403","11","363"
"Lastepenge. Indtægt og udgift (David Hansen) 1569","258475","48209404","11","364","48209504","11","464"
"Indtægt og udgift (David Hansen) 1574","258476","48209505","11","465","48209870","11","830"
"Indtægt og udgift (David Hansen) 1574","258477","48209871","12","2","48210043","12","174"
"Indtægt og udgift (Frederik Leyel) 1575","258479","48210116","12","175","48210603","12","662"
"Ekstrakt og bilag 1575","258478","48210044","12","664","48210115","12","735"
"Indtægt og udgift (Frederik Leyel) 1576","258480","48210604","13","2","48210886","13","284"
"Indtægt og udgift (Frederik Leyel) 1576","258481","48210887","14","2","48211334","14","449"
"Indtægt og udgift (David Hansen) 1577","258482","48211335","14","450","48211580","14","695"
"Indtægt og udgift (David Hansen) 1577","258483","48211581","15","2","48211998","15","419"
"Indtægt og udgift (Frederik Leyel) 1578","258484","48211999","15","420","48212266","15","687"
"Indtægt og udgift (Frederik Leyel) 1578","258485","48212267","16","2","48212767","16","502"
"Indtægt og udgift (David Hansen) 1579","258486","48212768","17","2","48213438","17","672"
"Indtægt og udgift (David Hansen) 1580","258487","48213439","18","2","48214057","18","620"
"Indtægt og udgift (Frederik Leyel) 1581","258488","48214058","19","2","48214683","19","627"
"Indtægt og udgift (Morten Jensen) 1582","20002","0","20","2","0","20","500"
"Indtægt og udgift (Morten Jensen) 1582","258489","48214684","21","2","48214914","21","232"
"Indtægt og udgift (Morten Jensen) 1583","258490","48214915","21","233","48215351","21","669"
"Indtægt og udgift (Morten Jensen) 1583","258491","48215352","22","2","48215693","22","343"
"Indtægt og udgift (Niels Henriksen) 1584","258492","48215694","22","344","48215968","22","620"
"Indtægt og udgift (Niels Henriksen) 1584","258493","48215969","23","2","48216501","23","534"
"Indtægt og udgift (Morten Jensen) 1585","258494","48216502","23","535","48216619","23","652"
"Indtægt og udgift (Morten Jensen) 1585","258495","48216620","24","2","48217249","24","631"
"Indtægt og udgift (Niels Henriksen) 1586","258496","48217250","25","2","48217909","25","661"
"Indtægt og udgift (Niels Henriksen) 1586","258497","48217910","26","2","48218084","26","176"
"Indtægt og udgift (Morten Jensen) 1587 1 1 - Indtægt og udgift (Morten Jensen) 1587 5 1","258498","48218085","26","177","48218297","26","389"
"Indtægt (Morten Jensen) 1587 5 1 - Indtægt (Morten Jensen) 1588 5 1","258499","48218298","26","390","48218580","26","672"
"Indtægt (Morten Jensen) 1587 5 1 - Indtægt (Morten Jensen) 1588 5 1","258500","48218581","27","2","48219001","27","422"
"Udgift (Morten Jensen) 1587 5 1 - Udgift (Morten Jensen) 1588 5 1","258502","48219060","27","423","48219230","27","593"
"Indtægt og udgift (Niels Henriksen) 1588 5 1 - Indtægt og udgift (Niels Henriksen) 1589 5 1","258501","48219002","27","594","48219058","27","650"
"Indtægt og udgift (Niels Henriksen) 1588 5 1 - Indtægt og udgift (Niels Henriksen) 1589 5 1","258503","48219231","28","2","48219816","28","587"
"Indtægt og udgift (Morten Jensen) 1589 5 1 - Indtægt og udgift (Morten Jensen) 1590 5 1","258504","48219817","29","1","48220476","29","660"
"Indtægt og udgift (Morten Jensen) 1590 5 1 - Indtægt og udgift (Morten Jensen) 1591 5 1","258505","48220477","30","2","48221102","30","627"
"Indtægt og udgift (Niels Henriksen) 1591 5 1 - Indtægt og udgift (Niels Henriksen) 1591 12 31","258506","48221103","31","2","48221643","31","542"
"Indtægt og udgift (Hans Meier) 1592","258507","48221644","31","543","48221756","31","655"
"Indtægt og udgift (Hans Meier) 1592","258508","48221757","32","1","48222273","32","517"
"Indtægt og udgift (Morten Jensen) 1593","258509","48222274","32","518","48222424","32","668"
"Indtægt og udgift (Morten Jensen) 1593","258510","48222425","33","2","48222945","33","522"
"Indtægt og udgift (Niels Henriksen) 1594","258511","48222946","33","523","48223085","33","662"
"Indtægt og udgift (Niels Henriksen) 1594","258512","48223086","34","2","48223665","34","581"
"Indtægt og udgift (Hans Meier) 1595","258513","48223666","35","2","48224447","35","783"
"Indtægt og udgift (Morten Jensen) 1596","258514","48224448","36","2","48225061","36","615"
"Indtægt og udgift (Morten Jensen) 1596","258515","48225062","37","2","48225170","37","110"
"Indtægt og udgift (Niels Henriksen) 1597","258516","48225171","37","111","48225730","37","670"
"Indtægt og udgift (Niels Henriksen) 1597","258517","48225731","38","2","48226016","38","287"
"Indtægt og udgift (Hans Meier) 1598","258518","48226017","38","288","48226393","38","664"
"Indtægt og udgift (Hans Meier) 1598","258519","48226394","39","2","48226826","39","434"
"Indtægt og udgift (Niels Henriksen) 1599","258520","48226827","39","435","48227044","39","652"
"Indtægt og udgift (Niels Henriksen) 1599","258521","48227045","40","2","48227641","40","598"
"Indtægt (Niels Henriksen) 1600","258522","48227642","41","2","48228300","41","660"
"Indtægt (Hans Meier) 1600","258523","48228301","42","2","48228966","42","667"
"Udgift (Morten Jensen) 1600","258524","48228967","43","2","48229044","43","79"
"Indtægt og udgift (Bernd Fake) 1601","258525","48229045","43","80","48229617","43","652"
"Indtægt og udgift (Bernd Fake) 1601","258526","48229618","44","2","48229844","44","228"
"Indtægt og udgift (David Lucht) 1602","258527","48229845","44","229","48230257","44","641"
"Indtægt og udgift (David Lucht) 1602","258528","48230258","45","2","48230573","45","317"
"Indtægt (Bernd Fake) 1603","258529","48230574","45","318","48230913","45","657"
"Indtægt (Bernd Fake) 1603","258530","48230914","46","2","48231133","46","221"
"Udgift (Bernd Fake) 1603","258532","48231463","46","222","48231561","46","320"
"Indtægt (David Lucht) 1604","258531","48231134","46","321","48231462","46","649"
"Indtægt (David Lucht) 1604","258533","48231562","47","2","48231709","47","149"
"Udgift (Bernd Fake) 1604","258535","48232111","47","150","48232210","47","249"
"Indtægt (Bernd Fake) 1605","258534","48231710","47","250","48232110","47","650"
"Indtægt (Bernd Fake) 1605","258536","48232211","48","2","48232314","48","105"
"Indtægt (Villum Mortensen) 1606","258537","48232315","48","106","48232843","48","634"
"Udgift (Villum Mortensen) 1606","258538","48232844","49","2","48232920","49","77"
"Indtægt (David Lucht) 1607","258539","48232921","49","78","48233496","49","653"
"Udgift (David Lucht) 1607","258540","48233497","50","2","48233585","50","90"
"Indtægt (Bernd Fake) 1608","258541","48233586","50","91","48234084","50","589"
"Indtægt (Bernd Fake) 1608","258542","48234085","51","2","48234259","51","176"
"Udgift (Bernd Fake) 1608","258544","48234684","51","177","48234776","51","269"
"Indtægt (Villum Mortensen) 1609","258543","48234260","51","270","48234683","51","693"
"Indtægt (Villum Mortensen) 1609","258545","48234777","52","2","48234881","52","106"
"Udgift (Villum Mortensen) 1609","258547","48235307","52","107","48235420","52","220"
"Indtægt (David Lucht) 1610","258546","48234882","52","221","48235306","52","645"
"Indtægt (David Lucht) 1610","258548","48235421","53","2","48235463","53","44"
"Udgift (David Lucht) 1610","258550","48235861","53","45","48235990","53","174"
"Indtægt (Bernd Fake) 1611","258549","48235464","53","175","48235860","53","571"
"Indtægt (Bernd Fake) 1611","258551","48235991","54","2","48236151","54","162"
"Udgift (Bernd Fake) 1611","258552","48236515","54","163","48236631","54","279"
"Indtægt (Villum Mortensen) 1612","258553","48236152","54","280","48236514","54","642"
"Indtægt (Villum Mortensen) 1612","258554","48236632","55","3","48236830","55","201"
"Udgift (Villum Mortensen) 1612","258556","48237129","55","202","48237270","55","343"
"Indtægt (Bernd Fake) 1613","258555","48236831","55","344","48237128","55","641"
"Indtægt (Bernd Fake) 1613","258557","48237271","56","2","48237453","56","184"
"Udgift (Bernd Fake) 1613","258559","48237807","56","185","48237903","56","281"
"Indtægt (Villum Mortensen) 1614","258558","48237454","56","282","48237806","56","634"
"Indtægt (Villum Mortensen) 1614","258560","48237904","57","2","48238112","57","210"
"Udgift (Villum Mortensen) 1614","258561","48238113","57","211","48238229","57","327"
"Indtægt (Bernd Fake) 1615","258562","48238230","57","328","48238532","57","630"
"Indtægt (Bernd Fake) 1615","258563","48238533","58","2","48238764","58","233"
"Udgift (Bernd Fake) 1615","258564","48238765","58","234","48238890","58","359"
"Indtægt (Villum Mortensen) 1616","258565","48238891","58","360","48239154","58","623"
"Indtægt (Villum Mortensen) 1616","258566","48239155","59","2","48239419","59","266"
"Udgift (Villum Mortensen) 1616","258567","48239420","59","267","48239535","59","382"
"Indtægt (David Lucht) 1617","258568","48239536","59","383","48239784","59","631"
"Indtægt (David Lucht) 1617","258569","48239785","60","2","48240035","60","252"
"Udgift (David Lucht) 1617","258570","48240036","60","253","48240152","60","369"
"Indtægt (Bernd Fake) 1618","258571","48240153","60","370","48240416","60","633"
"Indtægt (Bernd Fake) 1618","258572","48240417","61","2","48240842","61","427"
"Udgift (Bernd Fake) 1618","258573","48240843","61","428","48240957","61","542"
"Indtægt (Villum Mortensen) 1619","258574","48240958","61","543","48241065","61","650"
"Indtægt (Villum Mortensen) 1619","258575","48241066","62","2","48241566","62","502"
"Udgift (Villum Mortensen) 1619","258576","48241567","62","503","48241688","62","624"
"Indtægt (David Lucht) 1620","258577","48241689","63","2","48242248","63","561"
"Udgift (David Lucht) 1620","258578","48242249","64","3","48242353","64","107"
"Indtægt (Villum Mortensen) 1621","258579","48242354","64","108","48242906","64","660"
"Udgift (Villum Mortensen) 1621","258580","48242907","65","2","48242991","65","85"
"Indtægt (David Lucht) 1622","258581","48242992","65","86","48243568","65","662"
"Udgift (David Lucht) 1622","258582","48243569","66","2","48243671","66","104"
"Indtægt (Villum Mortensen) 1623","258583","48243672","66","105","48244245","66","678"
"Udgift (Villum Mortensen) 1623","258584","48244246","67","2","48244364","67","120"
"Indtægt (Christen Davidsen) 1624","258585","48244365","67","121","48244675","67","431"
"Indtægt (Christen Davidsen) 1624","258586","48244676","68","2","48244847","68","173"
"Udgift (Christen Davidsen) 1624","258587","48244848","68","174","48244987","68","313"
"Indtægt (Villum Mortensen) 1625","258588","48244989","68","314","48245307","68","632"
"Indtægt (Villum Mortensen) 1625","258589","48245308","69","2","48245393","69","87"
"Udgift (Villum Mortensen) 1625","258590","48245394","69","88","48245540","69","234"
"Indtægt (David Lucht) 1626","258591","48245541","69","235","48245772","69","466"
"Indtægt (David Lucht) 1626","258592","48245773","70","2","48246004","70","233"
"Udgift (David Lucht) 1626","258593","48246005","70","234","48246128","70","357"
"Indtægt (Jørgen Beier) 1627","258594","48246129","71","2","48246616","71","489"
"Indtægt (Christen Davidsen) 1628","258595","48246617","71","490","48246783","71","656"
"Indtægt (Christen Davidsen) 1628","258596","48246784","72","2","48247123","72","341"
"Udgift (David Lucht) 1628","258597","48247124","72","342","48247282","72","500"
"Indtægt (Villum Mortensen) 1629","258598","48247283","73","2","48247784","73","503"
"Udgift (David Lucht) 1629","258599","48247785","73","504","48247916","73","635"
"Udgift (David Lucht) 1629","258600","48247917","74","2","48247974","74","59"
"Indtægt (Jørgen Beier) 1630","258601","48247975","74","60","48248388","74","473"
"Udgift (Hans Pedersen) 1630","258602","48248389","74","474","48248531","74","616"
"Oppepenge (Jørgen Beier) 1630","258603","48248532","75","2","48248615","75","85"
"Indtægt (Christen Davidsen) 1631","258604","48248616","75","86","48249171","75","641"
"Udgift (Hans Pedersen) 1631","258605","48249172","76","2","48249326","76","156"
"Oppepenge (Hans Pedersen) 1631","258606","48249327","76","157","48249443","76","273"
"Indtægt (Villum Mortensen) 1632 1 1 - Indtægt (Villum Mortensen) 1632 7 12","258607","48249444","77","2","48249676","77","234"
"Indtægt (Villum Mortensen) 1632 7 12 - Indtægt (Villum Mortensen) 1632 11 2","258608","48249677","78","2","48249865","78","190"
"Oppenge, register (Villum Mortensen) 1632","258611","48250167","78","192","48250239","78","264"
"Lægtepenge og Oppepenge (Villum Mortensen) 1632","258612","48250240","78","265","48250326","78","351"
"Ballaster (Jørgen Beier) 1632","258610","48249965","78","352","48250166","78","553"
"Ladte skibe (Jørgen Beier) 1632","258609","48249866","78","554","48249964","78","652"
"Ladte skibe (Jørgen Beier) 1632","258613","48250327","79","2","48250397","79","72"
"Østerske (Skibe fra Østersøen) (Jørgen Beier) 1632","258618","48250839","79","73","48250890","79","124"
"Skotter, Engelske og Frantser (Jørgen Beier) 1632","258616","48250684","79","125","48250725","79","166"
"Oppenge (Jørgen Beier) 1632","258615","48250545","79","167","48250683","79","305"
"Udgift (Hans Pedersen) 1632","258617","48250726","79","306","48250838","79","418"
"Indtægt (Villum Mortensen) 1633 1 1 - Indtægt (Villum Mortensen) 1633 6 13","258614","48250398","79","419","48250544","79","565"
"Indtægt (Jørgen Beier) 1633 1 1 - Indtægt (Jørgen Beier) 1633 4 25","258619","48250891","80","2","48250951","80","62"
"Oppenge, register (Christen Davidsen) 1633","258621","48251032","80","63","48251105","80","136"
"Indtægt. B. (Sigfrid Fris) 1633","258620","48250952","80","137","48251031","80","216"
"Indtægt. C. (Peder Nielsen) 1633","258622","48251106","81","2","48251138","81","34"
"Indtægt (Christen Davidsen) 1633 1 1 - Indtægt (Christen Davidsen) 1633 8 16","258623","48251139","81","35","48251260","81","156"
"Indtægt (Christen Davidsen) 1633 8 17 - Indtægt (Christen Davidsen) 1634 1 1","258624","48251261","81","157","48251350","81","246"
"Indtægt (Laurids Mikkelsen) 1633 6 14 - Indtægt (Laurids Mikkelsen) 1634 1 1","258625","48251351","81","247","48251467","81","363"
"Oppenge, register (Laurids Mikkelsen) 1633","258626","48251468","81","364","48251507","81","403"
"Oppenge, register (Laurids Mikkelsen) 1633","258627","48251508","82","2","48251522","82","16"
"Indtægt (Mikkel Berendsen) 1633 7 15 - Indtægt (Mikkel Berendsen) 1634 1 1","258632","48251942","82","17","48252044","82","119"
"Oppenge, register (Mikkel Berendsen) 1633","258628","48251523","82","120","48251565","82","162"
"Udgift (Hans Pedersen og Vill. Mortensen) 1633 4 24 - Udgift (Hans Pedersen og Vill. Mortensen) 1633","258629","48251566","82","163","48251607","82","204"
"Udgift (David Lucht og Vill. Mortensen) 1633 6 13 - Udgift (David Lucht og Vill. Mortensen) 1634 1 1","258631","48251862","82","206","48251941","82","285"
"Indtægt (Abraham Meklenburg) 1634","258630","48251608","82","286","48251861","82","539"
"A. Indtægt (Christen Davidsen) 1635","258633","48252045","83","2","48252292","83","249"
"B. Indtægt (Christian Sørensen) 1635","258634","48252293","83","250","48252514","83","471"
"C. Indtægt (Niels Knudsen og Poul Sørensen) 1635","258635","48252515","83","472","48252671","83","628"
"C. Indtægt (Niels Knudsen og Poul Sørensen) 1635","258636","48252672","84","2","48252791","84","121"
"A. Indtægt (Jørgen Beier) 1636","258637","48252792","84","122","48253063","84","393"
"B. Indtægt (Mikkel Bernsen) 1636","258638","48253064","85","2","48253313","85","251"
"C. Indtægt (Poul Sørensen) 1636","258639","48253314","85","252","48253587","85","525"
"Udgift (Villum Mortensen) 1636 5 6 - Udgift (Villum Mortensen) 1737 1 1","258640","48253588","85","526","48253641","85","579"
"Indtægt og udgift (Villum Mortensen) 1636 1 1 - Indtægt og udgift (Villum Mortensen) 1636 5 6","258641","48253642","85","580","48253666","85","604"
"A. Indtægt (Christen Davidsen) 1637","258642","48253667","86","2","48253909","86","244"
"B. Indtægt (Poul Sørensen) 1637","258643","48253910","86","245","48254137","86","472"
"C. Indtægt (Dirik Christoffersen) 1637","258644","48254138","86","473","48254282","86","617"
"C. Indtægt (Dirik Christoffersen) 1637","258645","48254283","87","2","48254358","87","77"
"A. Indtægt (Christen Davidsen) 1638","258646","48254359","87","78","48254631","87","350"
"B. Indtægt (Mikkel Berendsen) 1638","258647","48254632","88","2","48254888","88","258"
"C. Indtægt (Poul Sørensen) 1638","258648","48254889","88","259","48255145","88","515"
"Udgift (Herman Holstein) 1638","258649","48255146","89","2","48255201","89","57"
"A. Indtægt (Christen Davidsen) 1639","258650","48255202","89","58","48255510","89","366"
"B. Indtægt (Dirik Christoffersen) 1639","258651","48255511","89","367","48255768","89","624"
"B. Indtægt (Dirik Christoffersen) 1639","258652","48255769","90","2","48255834","90","67"
"C. Indtægt (Poul Sørensen) 1639","258653","48255835","90","68","48256114","90","347"
"Indtægt og udgift (Herman Holstein) 1639 1 1 - Indtægt og udgift (Herman Holstein) 1639 3 21","258654","48256115","90","348","48256137","90","370"
"Indtægt og udgift (Herman Holstein) 1639 3 21 - Indtægt og udgift (Herman Holstein) 1639","258655","48256138","90","371","48256197","90","430"
"Bodmeribogen 1639","258656","48256198","90","431","48256206","90","439"
"A. Indtægt (Christen Davidsen) 1640","258657","48256207","90","440","48256405","90","638"
"A. Indtægt (Christen Davidsen) 1640","258658","48256406","91","2","48256491","91","87"
"B. Indtægt (Dirik Christoffersen) 1640","258659","48256492","91","88","48256747","91","343"
"C. Indtægt (Poul Sørensen) 1640","258660","48256748","91","344","48256993","91","589"
"Indtægt og udgift (Tolderne) 1640","258661","48256994","92","2","48257053","92","61"
"A. Indtægt (Christen Davidsen) 1641","258662","48257055","92","62","48257355","92","362"
"B. Indtægt (Dirik Christoffersen) 1641","258663","48257356","92","365","48257549","92","558"
"B. Indtægt (Dirik Christoffersen) 1641","258664","48257550","93","2","48257700","93","152"
"C. Indtægt (Laurids Madsen) 1641","258665","48257701","93","153","48257964","93","416"
"Tillæg CC 1641","258666","48257965","93","417","48257991","93","443"
"Indtægt og udgift (Tolderne) 1641","258667","48257992","93","444","48258057","93","509"
"Udgiftsbilag 1641","258668","48258058","93","510","48258153","93","605"
"Udgiftsbilag 1641","258669","48258154","94","2","48258569","94","417"
"A. Indtægt (Jørgen Beier) 1642","258670","48258570","94","418","48258785","94","633"
"A. Indtægt (Jørgen Beier) 1642","258671","48258786","95","2","48258889","95","105"
"B. Indtægt (Dirik Christoffersen) 1642","258672","48258890","95","106","48259184","95","400"
"C. Indtægt (Laurids Madsen) 1642","258673","48259185","95","401","48259390","95","606"
"Indtægt og udgift (Tolderne) 1642","258674","48259391","95","607","48259473","95","689"
"Udgiftsbilag nr. 1-358 1642","258675","48259474","96","2","48259971","96","499"
"A. Indtægt (Christen Davidsen) 1643","258676","48259972","97","2","48260265","97","295"
"B. Indtægt (Mikkel Berendsen) 1643","258677","48260266","97","296","48260501","97","531"
"C. Indtægt (Laurids Madsen) 1643","258678","48260502","97","532","48260653","97","683"
"C. Indtægt (Laurids Madsen) 1643","258679","48260654","98","2","48260725","98","73"
"Indtægt og udgift (Tolderne) 1643","258680","48260726","98","74","48260797","98","145"
"Udgiftsbilag nr. 1-345 1643","258681","48260798","98","146","48261316","98","664"
"C. Indtægt (Jørgen Beier) 1644","258682","48261317","99","2","48261524","99","209"
"D. Indtægt (Mikkel Berendsen) 1644","258683","48261525","99","210","48261705","99","390"
"E. Indtægt (Christian Pryts) 1644","258684","48261706","99","391","48261881","99","566"
"Indtægt og udgift (Tolderne) 1644","258685","48261882","99","567","48261929","99","614"
"Udgiftsbilag nr. 1-254 1644","258686","48261930","100","2","48262271","100","343"
"D. Indtægt (Christen Davidsen) 1645","258687","48262272","100","344","48262358","100","430"
"E. Indtægt (Dirik Christoffersen) 1645","258688","48262359","100","431","48262452","100","524"
"F. Indtægt (Christian Pryts) 1645","258689","48262453","100","525","48262526","100","598"
"Indtægt og udgift (Tolderne) 1645","258690","48262527","101","2","48262567","101","42"
"A. Indtægt (Jørgen Beier) 1646","258691","48262568","101","43","48262711","101","186"
"B. Indtægt (Mikkel Berendsen) 1646","258692","48262712","101","187","48262850","101","325"
"C. Indtægt (Laurids Madsen) 1646","258693","48262851","101","326","48262984","101","459"
"Indtægt og udgift 1646","258694","48262985","101","460","48263054","101","529"
"Udgiftsbilag nr. 1-224 1646","258695","48263055","102","2","48263331","102","278"
"A. Indtægt (Jørgen Beier) 1647","258696","48263332","102","279","48263497","102","444"
"B. Indtægt (Dirik Christoffersen) 1647","258697","48263498","103","2","48263695","103","199"
"C. Indtægt (Laurids Madsen Limé) 1647","258698","48263696","103","200","48263808","103","312"
"Indtægt og udgift 1647","258699","48263809","103","313","48263851","103","355"
"Udgiftsbilag nr. 1-211 1647","258700","48263852","103","356","48264120","103","624"
"A. Indtægt (Jørgen Beier) 1648","258701","48264121","104","2","48264317","104","198"
"B. Indtægt (Dirik Christoffersen) 1648","258702","48264318","104","199","48264514","104","395"
"C. Indtægt (Laurids Madsen Limé) 1648","258703","48264515","105","3","48264605","105","93"
"Indtægt og udgift 1648","258706","48265045","105","94","48265085","105","134"
"Udgiftsbilag nr. 1-174 1648","258704","48264606","105","135","48264840","105","369"
"A. Indtægt (Christen Davidsen) 1649","258705","48264841","105","370","48265044","105","573"
"B. Indtægt (Dirik Christoffersen) 1649","258707","48265086","106","3","48265305","106","222"
"C. Indtægt (Laurids Madsen) 1649","258708","48265306","106","223","48265450","106","367"
"Indtægt og udgift 1649","258709","48265451","106","368","48265503","106","420"
"Udgiftsbilag nr. 1-148 1650","258711","48265736","107","2","48265932","107","198"
"Udgiftsbilag nr. 71-268 1649","258710","48265504","107","199","48265735","107","430"
"A. Indtægt (Jørgen Beier) 1650","258712","48265933","107","431","48266065","107","563"
"B. Indtægt ( Dirik Christoffersen) 1650","258713","48266066","107","564","48266156","107","654"
"B. Indtægt ( Dirik Christoffersen) 1650","258714","48266157","108","2","48266226","108","71"
"C. Indtægt (Laurids Madsen Limé) 1650","258715","48266227","108","72","48266337","108","182"
"Indtægt og udgift (Tolderne) 1650","258716","48266338","108","183","48266376","108","221"
"A. Indtægt ( Christen Davidsen og Jørgen Beier) 1651","258717","48266377","108","222","48266480","108","325"
"B. Indtægt (Dirik Christoffersen) 1651","258718","48266481","108","326","48266629","108","474"
"C. Indtægt (Laurids Madsen Limé og Johan Thomsen) 1651","258719","48266630","108","475","48266732","108","577"
"Indtægt og udgift (Tolderne) 1651","258720","48266733","108","578","48266772","108","617"
"Udgiftsbilag 1651 - Udgiftsbilag 1652","258721","48266773","109","2","48267153","109","382"
"A. Indtægt (Jørgen Beier og Christen Davidsen) 1652","258722","48267154","109","383","48267271","109","500"
"B. Indtægt (Dirik Christoffersen) 1652","258723","48267272","109","501","48267336","109","565"
"C. Indtægt (Laurids Madsen Lime og Johan Thomsen) 1652","258724","48267337","110","2","48267463","110","128"
"Indtægt og udgift (Tolderne) 1652","258726","48267568","110","129","48267607","110","168"
"A. Indtægt ( Jørgen Beier og Christen Davidsen) 1653","258727","48267608","110","169","48267708","110","269"
"B. Indtægt ( Dirik Christoffersen og Lambert Ebbes 1653","258728","48267709","110","270","48267863","110","424"
"C. Indtægt (Johan Thomsen og Laurids Madsen) 1653","258725","48267464","110","425","48267567","110","528"
"Indtægt og udgift (Tolderne) 1653","258729","48267864","110","529","48267903","110","568"
"Udgiftsbilag 1653 - Udgiftsbilag 1654","258730","48267904","111","2","48268316","111","414"
"A. Indtægt (Jørgen Beier) 1654","258731","48268317","111","415","48268373","111","471"
"B. Indtægt (Dirik Christoffersen) 1654","258732","48268374","111","472","48268541","111","639"
"C. Indtægt (Johan Thomsen og Lambert Ebbesen) 1654","258733","48268542","112","2","48268693","112","153"
"A. Indtægt (Laurids Madsen Lime og Dirik Christoff 1655","258734","48268694","112","154","48268833","112","293"
"B. Indtægt (Lambert Ebbesen og Johan Thomsen) 1655","258735","48268834","112","294","48268996","112","456"
"C. Indtægt ( Christen Davidsen og Villem Villemsen 1655","258736","48269000","112","460","48269041","112","501"
"Indtægt og udgift (Tolderne) 1655","258737","48269042","112","502","48269078","112","538"
"Udgiftsbilag 1655 - Udgiftsbilag 1656","258738","48269079","113","2","48269403","113","326"
"A. Indtægt (Christen Davidsen og Dirik Christoffer 1656","258739","48269404","113","327","48269468","113","391"
"B. Indtægt (Johan Thomsen ogm Laurids Madsen) 1656","258740","48269469","113","392","48269585","113","508"
"C. Indtægt (Villem Villemsen og Lambert Ebbesen) 1656","258741","48269586","113","509","48269727","113","650"
"Indtægt og udgift (Tolderne) 1656","258742","48269728","114","2","48269763","114","37"
"A. Indtægt ( Christen Davidsen og Laurids Madsen L 1657","258743","48269764","114","38","48269822","114","96"
"B. Indtægt (Lambert Ebbesen og Johan Thomsen) 1657","258744","48269823","114","97","48269939","114","213"
"C. Indtægt ( Anders Nielsen og Villem Villemsen) 1657","258745","48269940","114","214","48270051","114","325"
"Indtægt og udgift (Tolderne) 1657","258746","48270052","114","326","48270085","114","359"
"A. Indtægt (Lennert Lauridsen og Laurids Madsen) 1658","258747","48270086","114","360","48270139","114","413"
"B. Indtægt (Senica Carstensen og Lambert Ebbesen) 1658","258748","48270140","114","414","48270210","114","484"
"C. Indtægt (Villem Villemsen og Anders Nielsen) 1658","258749","48270211","114","485","48270310","114","584"
"Indtægt og udgift (Tolderne) 1658","258750","48270311","114","585","48270342","114","616"
"Udgiftsbilag 1657 - Udgiftsbilag 1659","258751","48270343","115","3","48270664","115","324"
"Sundtold, hævet i København. Indtægt 1658 - Sundtold, hævet i København. Indtægt 1659","258752","48270665","115","325","48270696","115","356"
"Bilag 1563 - Bilag 1640","258753","48270697","115","357","48270978","115","638"
"Bilag 1563 - Bilag 1640","258754","48270979","116","2","48271258","116","281"
"Visitørregnskaber 1630 - Visitørregnskaber 1642","258755","48271259","116","282","48271477","116","500"
"Visitørregnskaber 1630 - Visitørregnskaber 1642","258756","48271478","117","2","48271542","117","66"
"Fyrene ved Øresund (pakke 1). Bilag 1624 - Fyrene ved Øresund (pakke 1). Bilag 1631","258757","48271543","117","67","48271669","117","193"
"Fyrene ved Øresund (pakke 2). Bilag 1624 - Fyrene ved Øresund (pakke 2). Bilag 1631","258759","48271808","117","194","48272133","117","519"
"Antegnelser 1629 - Antegnelser 1681","258758","48271670","117","520","48271807","117","657"
"Antegnelser 1629 - Antegnelser 1681","258760","48272134","118","2","48272169","118","37"
"Regnskaber for Øresunds- og norsk told af hollands 1658 - Regnskaber for Øresunds- og norsk told af ","258761","48272170","118","38","48272569","118","437"
"A. Indtægt (Lambert Ebbesen og Willem Willemsen) 1660","259148","48359542","119","6","48359640","119","104"
"B. Indtægt (Anders Nielsen og Seneca Carstenen) 1660","259149","48359641","119","105","48359725","119","189"
"C. Indtægt (Michel Hansen og Fadder Davidsen) 1660","119190","0","119","190","0","119","258"
"Indtægt og udgift (Tolderne) 1660","119259","0","119","259","0","119","288"
"Udgiftsbilag 1660","119289","0","119","289","0","119","412"
"Udgiftsbilag 1660","120006","0","120","6","0","120","309"
"A. Indtægt (Lambert Ebbesen og Willem Willemsen) 1661","120310","0","120","310","0","120","450"
"B. Indtægt (Anders Nielsen og Seneca Carstenen) 1661","120451","0","120","451","0","120","530"
"B. Indtægt (Anders Nielsen og Seneca Carstenen) 1661","121006","0","121","6","0","121","28"
"C. Indtægt (Michel Hansen og Fadder Davidsen) 1661","121029","0","121","29","0","121","135"
"Indtægt og udgift (Tolderne) 1661","121136","0","121","136","0","121","170"
"Udgiftsbilag 1661","121171","0","121","171","0","121","546"
"Udgiftsbilag 1661","122006","0","122","6","0","122","30"
"A. Indtægt (Lambert Ebbesen og Willem Willemsen) 1662","122031","0","122","31","0","122","184"
"B. Indtægt (Anders Nielsen og Seneca Carstenen) 1662","122185","0","122","185","0","122","307"
"C. Indtægt (Michel Hansen) 1662","122308","0","122","308","0","122","414"
"Indtægt og udgift (Tolderne) 1662","122415","0","122","415","0","122","445"
"Udgiftsbilag 1662","122446","0","122","446","0","122","523"
"Udgiftsbilag 1662","123006","0","123","6","0","123","298"
"A. Indtægt (Lambert Ebbesen og Willem Willemsen) 1663","123299","0","123","299","0","123","447"
"B. Indtægt (Anders Nielsen og Seneca Carstenen) 1663","123448","0","123","448","0","123","530"
"B. Indtægt (Anders Nielsen og Seneca Carstenen) 1663","124006","0","124","6","0","124","58"
"C. Indtægt (Michel Hansen) 1663","124059","0","124","59","0","124","195"
"Indtægt og udgift (Tolderne) 1663","124196","0","124","196","0","124","229"
"Udgiftsbilag 1663","124230","0","124","230","0","124","540"
"Udgiftsbilag 1663","125007","0","125","7","0","125","237"
"A. Indtægt (Lambert Ebbesen og Willem Willemsen) 1664","125238","0","125","238","0","125","377"
"B. Indtægt (Anders Nielsen og Seneca Carstenen) 1664","125378","0","125","378","0","125","501"
"C. Indtægt (Michel Hansen) 1664","126006","0","126","6","0","126","144"
"Indtægt og udgift (Tolderne) 1664","126145","0","126","145","0","126","163"
"Udgiftsbilag 1664","126164","0","126","164","0","126","484"
"A. Indtægt (Willem Willemsen og Lambert Ebbesen) 1665","126485","0","126","485","0","126","528"
"A. Indtægt (Willem Willemsen og Lambert Ebbesen) 1665","127006","0","127","6","0","127","44"
"Indtægt (Seneca Carstenen og Anders Nielsen) 1665","127045","0","127","45","0","127","137"
"Indtægt (Michel Hansen) 1665","127138","0","127","138","0","127","221"
"Toldregnskab Udgift med bilag 1665","127222","0","127","222","0","127","319"
"Indtægt (Willem Willemsen og Lambert Ebbesen) 1666","127320","0","127","320","0","127","441"
"Indtægt (Seneca Carstenen og Anders Nielsen) 1666","128006","0","128","6","0","128","134"
"Indtægt (Michel Hansen) 1666","128135","0","128","135","0","128","235"
"Udgiftsregnskab med bilag 1666","128236","0","128","236","0","128","305"
"Indtægt (Willem Willemsen og Lambert Ebbesen) 1667","128306","0","128","306","0","128","438"
"Indtægt (Michel Hansen og Anders Nielsen) 1667","128439","0","128","439","0","128","536"
"Indtægt (Michel Hansen og Anders Nielsen) 1667","129007","0","129","7","0","129","101"
"Udgiftsregnskab med bilag 1667","129102","0","129","102","0","129","193"
"Indtægt (Anders Nielsen og Lambert Ebbesen) 1668","129194","0","129","194","0","129","417"
"Indtægt (Anders Nielsen og Lambert Ebbesen) 1668","129418","0","129","418","0","129","435"
"Indtægt (Michel Hansen og Isbrandt von Holten) 1668","129436","0","129","436","0","129","478"
"Indtægt (Michel Hansen og Isbrandt von Holten) 1668","130006","0","130","6","0","130","173"
"Udgiftsregnskab med bilag 1668","130174","0","130","174","0","130","466"
"Indtægt (Michel Hansen og Isbrandt von Holten) 1669","130467","0","130","467","0","130","529"
"Indtægt (Michel Hansen og Isbrandt von Holten) 1669","131006","0","131","6","0","131","172"
"Indtægt (Lambert Ebbesen og Anders Nielsen) 1669","131173","0","131","173","0","131","402"
"Udgifstregnskab med bilag 1669","131403","0","131","403","0","131","536"
"Udgiftsregnskab med bilag 1669","132006","0","132","6","0","132","70"
"Indtægt (Anders Nielsen og Lambert Ebbesen) 1670","132071","0","132","71","0","132","287"
"Indtægt (Isbrandt von Holten og Michel Hansen) 1670","132288","0","132","288","0","132","536"
"Udgiftsregnskab med bilag 1670","133006","0","133","6","0","133","86"
"Indtægt (Lambert Ebbesen og Anders Nielsen) 1671","133087","0","133","87","0","133","300"
"Indtægt (Michel Hansen og Isbrandt von Holten) 1671","133301","0","133","301","0","133","533"
"Udgiftsregnskab med bilag 1671","134006","0","134","6","0","134","127"
"Indtægt (Anders Nielsen og Lambert Ebbesen) 1672","134128","0","134","128","0","134","244"
"Indtægt (Isbrandt von Holten og Michel Hansen) 1672","134245","0","134","245","0","134","377"
"Udgiftsregnskab med bilag 1672","134378","0","134","378","0","134","446"
"Indtægt (Anders Nielsen og Lambert Ebbesen) 1673","134447","0","134","447","0","134","520"
"Indtægt (Anders Nielsen og Lambert Ebbesen) 1673","135006","0","135","6","0","135","73"
"Indtægt (Isbrandt von Holten og Michel Hansen) 1673","135074","0","135","74","0","135","192"
"Udgiftsregnskab med bilag 1673","135193","0","135","193","0","135","237"
"Indtægt (Lambert Ebbesen og Anders Nielsen) 1674","135238","0","135","238","0","135","439"
"Indtægt (Isbrandt von Holten og Michel Hansen) 1674","135440","0","135","440","0","135","538"
"Indtægt (Isbrandt von Holten og Michel Hansen) 1674","136006","0","136","6","0","136","120"
"Udgiftsregnskab med bilag 1674","136121","0","136","121","0","136","220"
"Indtægt (Anders Nielsen og Lambert Ebbesen) 1675","136221","0","136","221","0","136","398"
"Indtægt (Isbrandt von Holten og Laurids Sørensen) 1675","136399","0","136","399","0","136","532"
"Indtægt (Isbrandt von Holten og Laurids Sørensen) 1675","137006","0","137","6","0","137","95"
"Udgiftsregnskab med bilag 1675","137096","0","137","96","0","137","233"
"Indtægt (Lambert Ebbesen og Anders Nielsen) 1676","137234","0","137","234","0","137","415"
"Indtægt (Isbrandt von Holten og Laurids Sørensen) 1676","137416","0","137","416","0","137","479"
"Indtægt (Isbrandt von Holten og Laurids Sørensen) 1676","138006","0","138","6","0","138","109"
"Udgiftsregnskab med bilag 1676","138110","0","138","110","0","138","177"
"Indtægt (Anders Nielsen og Lambert Ebbesen, og siden Hans søn Johan Lambertsen) 1677","138178","0","138","178","0","138","378"
"Indtægt (Laurids Sørensen og Isbrandt von Holten) 1677","138379","0","138","379","0","138","528"
"Indtægt (Laurids Sørensen og Isbrandt von Holten) 1677","139006","0","139","6","0","139","25"
"Udgiftsregnskab med bilag 1677","139026","0","139","26","0","139","101"
"Indtægt (Johan Lambertsen og Anders Nielsen) 1678","139102","0","139","102","0","139","287"
"Indtægt (Isbrandt von Holten og Laurids Sørensen) 1678","139288","0","139","288","0","139","472"
"Udgiftsregnskab med bilag 1678","139473","0","139","473","0","139","542"
"Indtægt (Christian Falk og Anders Nielsen) 1679","140006","0","140","6","0","140","233"
"Indtægt (Isbrandt von Holten og Laurids Sørensen) 1679","140234","0","140","234","0","140","466"
"Udgiftsregnskab med bilag 1679","140467","0","140","467","0","140","563"
"Indtægt (Christian Falk og Anders Nielsen) 1680","140564","0","140","564","0","140","595"
"Indtægt (Christian Falk og Anders Nielsen) 1680","141006","0","141","6","0","141","231"
"Indtægt (Isbrandt von Holten og Laurids Sørensen) 1680","141232","0","141","232","0","141","478"
"Udgiftsregnskab med bilag 1680","141479","0","141","479","0","141","543"
"Indtægt (Anders Nielsen og Christian Falk) 1681","142006","0","142","6","0","142","298"
"Indtægt (Isbrandt von Holten og Laurids Sørensen) 1681","142299","0","142","299","0","142","542"
"Indtægt (Isbrandt von Holten og Laurids Sørensen) 1681","143006","0","143","6","0","143","82"
"Udgiftsregnskab med bilag 1681","143083","0","143","83","0","143","163"
"Indtægt (Anders Nielsen og Christian Falk) 1682","143164","0","143","164","0","143","469"
"Indtægt (Isbrandt von Holten og Laurids Sørensen) 1682","143470","0","143","470","0","143","549"
"Indtægt (Isbrandt von Holten og Laurids Sørensen) 1682","144006","0","144","6","0","144","244"
"Udgiftsregnskab med bilag 1682","144245","0","144","245","0","144","366"
"Indtægt (Anders Nielsen og Christian Falk) 1683","144367","0","144","367","0","144","534"
"Indtægt (Anders Nielsen og Christian Falk) 1683","145006","0","145","6","0","145","193"
"Indtægt (Isbrandt von Holten og Laurids Sørensen) 1683","145194","0","145","194","0","145","559"
"Udgiftsregnskab med bilag 1683","146006","0","146","6","0","146","72"
"Indtægt (Anders Nielsen og Christian Falk) 1684","146073","0","146","73","0","146","422"
"Indtægt (Laurids Sørensen og Isbrandt von Holten) 1684","146423","0","146","423","0","146","550"
"Indtægt (Laurids Sørensen og Isbrandt von Holten) 1684","147006","0","147","6","0","147","209"
"Udgiftsregnskab med bilag 1684","147210","0","147","210","0","147","280"
"Indtægt (Anders Nielsen og Christian Falk) 1685","147281","0","147","281","0","147","545"
"Indtægt (Anders Nielsen og Christian Falk) 1685","148006","0","148","6","0","148","114"
"Indtægt (Laurids Sørensen og Jacob Schmit) 1685","148115","0","148","115","0","148","472"
"Udgiftsregnskab med bilag 1685","148473","0","148","473","0","148","549"
"Indtægt (Anders Nielsen og Christian Falk) 1686","149006","0","149","6","0","149","384"
"Indtægt (Laurids Sørensen og Jacob Schmit) 1686","149385","0","149","385","0","149","519"
"Indtægt (Laurids Sørensen og Jacob Schmit) 1686","150006","0","150","6","0","150","242"
"Udgiftsregnskab med bilag 1686","150243","0","150","243","0","150","349"
"Indtægt (Christian Falk og Anders Nielsen) 1687","150350","0","150","350","0","150","543"
"Indtægt (Christian Falk og Anders Nielsen) 1687","151006","0","151","6","0","151","157"
"Indtægt (Jacob Schmit og Laurids Sørensen) 1687","151158","0","151","158","0","151","512"
"Udgiftsregnskab med bilag 1687","152006","0","152","6","0","152","78"
"Indtægt (Laurids Sørensen og Jacob Schmit) 1688","152079","0","152","79","0","152","418"
"Indtægt (Christian Falk og Johan Chr. Ziege) 1688","152419","0","152","419","0","152","528"
"Indtægt (Christian Falk og Johan Chr. Ziege) 1688","153006","0","153","6","0","153","212"
"Udgiftsregnskab med bilag 1688","153213","0","153","213","0","153","271"
"Indtægt (Christian Falk og J. C. Ziege) 1689","153272","0","153","272","0","153","522"
"Indtægt (Laurids Sørensen og Jacob Schmit) 1689","153523","0","153","523","0","153","545"
"Indtægt (Laurids Sørensen og Jacob Schmit) 1689","154006","0","154","6","0","154","223"
"Udgiftsregnskab med bilag 1689","154224","0","154","224","0","154","273"
"Indtægt (Christian Falk og J. C. Ziege) 1690","154274","0","154","274","0","154","494"
"Indtægt (Laurids Sørensen og Jacob Schmit) 1690","154495","0","154","495","0","154","536"
"Indtægt (Laurids Sørensen og Jacob Schmit) 1690","155006","0","155","6","0","155","186"
"Udgiftsregnskab med bilag 1690","155187","0","155","187","0","155","241"
"Indtægt (Johan Chr. Ziege) 1691","155242","0","155","242","0","155","484"
"Indtægt (Laurids Sørensen og Rasmus Knudsen) 1691","155485","0","155","485","0","155","528"
"Indtægt (Laurids Sørensen og Rasmus Knudsen) 1691","156006","0","156","6","0","156","213"
"Udgiftsregnskab med bilag 1691","156214","0","156","214","0","156","289"
"Indtægt (J. C. Ziege og Melchior Daniel Günther) 1692","156290","0","156","290","0","156","537"
"Indtægt (J. C. Ziege og Melchior Daniel Günther) 1692","157006","0","157","6","0","157","20"
"Indtægt (Laurids Sørensen og Rasmus Knudsen) 1692","157021","0","157","21","0","157","294"
"Udgiftsregnskab med bilag 1692","157295","0","157","295","0","157","357"
"Indtægt (J. C. Ziege og M. D. Günther) 1693","157358","0","157","358","0","157","533"
"Indtægt (J. C. Ziege og M. D. Günther) 1693","158006","0","158","6","0","158","98"
"Indtægt (Laurids Sørensen og Rasmus Knudsen) 1693","158099","0","158","99","0","158","425"
"Udgiftsregnskab med bilag 1693","158426","0","158","426","0","158","488"
"Indtægt (J. C. Ziege og M. D. Günther) 1694","158489","0","158","489","0","158","527"
"Indtægt (J. C. Ziege og M. D. Günther) 1694","159006","0","159","6","0","159","278"
"Indtægt (Laurids Sørensen og Rasmus Knudsen) 1694","159279","0","159","279","0","159","520"
"Udgiftsregnskab med bilag 1694","159521","0","159","521","0","159","548"
"Udgiftsregnskab med bilag 1694","160006","0","160","6","0","160","21"
"Indtægt (J. C. Ziege og M. D. Günther) 1695","160022","0","160","22","0","160","277"
"Indtægt (Laurids Sørensen og Rasmus Knudsen) 1695","160278","0","160","278","0","160","530"
"Udgiftsregnskab med bilag 1695","161006","0","161","6","0","161","50"
"Indtægt (J. C. Ziege og M. D. Günther) 1696","161051","0","161","51","0","161","262"
"Indtægt (Rasmus Knudsen og Peder Bülge) 1696","161263","0","161","263","0","161","448"
"Udgiftsregnskab med bilag 1696","161449","0","161","449","0","161","490"
"Indtægt (J. C. Ziege og M. D. Günther) 1697","162006","0","162","6","0","162","205"
"Indtægt (Rasmus Knudsen og Peder Bülge) 1697","162206","0","162","206","0","162","377"
"Udgiftsregnskab med bilag 1697","162378","0","162","378","0","162","413"
"Indtægt (J. C. Ziege og M. D. Günther) 1698","162414","0","162","414","0","162","522"
"Indtægt (J. C. Ziege og M. D. Günther) 1698","163006","0","163","6","0","163","196"
"Indtægt (Rasmus Knudsen og Peder Bülge) 1698","163197","0","163","197","0","163","439"
"Udgiftsregnskab med bilag 1698","163440","0","163","440","0","163","544"
"Indtægts- og udgiftsregnskaber 1687 - 1698","164006","0","164","6","0","164","122"
"Indtægt (J. C. Ziege og M. D. Günther) 1699","164123","0","164","123","0","164","398"
"Indtægt (Rasmus Knudsen og Peder Bülge) 1699","164399","0","164","399","0","164","533"
"Indtægt (Rasmus Knudsen og Peder Bülge) 1699","165006","0","165","6","0","165","122"
"Udgiftsregnskab med bilag 1699","165123","0","165","123","0","165","182"
"Indtægt (J. C. Ziege og M. D. Günther) 1700","165183","0","165","183","0","165","408"
"Indtægt (Rasmus Knudsen og Peder Bülge) 1700","165409","0","165","409","0","165","532"
"Indtægt (Rasmus Knudsen og Peder Bülge) 1700","166006","0","166","6","0","166","86"
"Udgiftsregnskab med bilag 1700","166087","0","166","87","0","166","152"
"Indtægt (J. C. Ziege og M. D. Günther) 1701","166153","0","166","153","0","166","398"
"Indtægt (Rasmus Knudsen og Peder Bülge) 1701","166399","0","166","399","0","166","517"
"Indtægt (Rasmus Knudsen og Peder Bülge) 1701","167006","0","167","6","0","167","70"
"Udgiftsregnskab med bilag 1701","167071","0","167","71","0","167","91"
"Indtægt (J. C. Ziege og M. D. Günther) 1702","167092","0","167","92","0","167","301"
"Indtægt (Rasmus Knudsen og Peder Bülge) 1702","167302","0","167","302","0","167","451"
"Udgiftsregnskab med bilag 1702","167452","0","167","452","0","167","472"
"Indtægt (Rasmus Knudsen og J. C. Ziege) 1703","167473","0","167","473","0","167","519"
"Indtægt (Rasmus Knudsen og J. C. Ziege) 1703","168006","0","168","6","0","168","155"
"Indtægt (M. D. Günther og Peder Bülge) 1703","168156","0","168","156","0","168","360"
"Indtægt (Rasmus Knudsen og J. C. Ziege) 1704","168361","0","168","361","0","168","533"
"Indtægt (Rasmus Knudsen og J. C. Ziege) 1704","169006","0","169","6","0","169","73"
"Indtægt (M. D. Günther og Peder Bülge) 1704","169074","0","169","74","0","169","335"
"Indtægt (J. C. Ziege og Rasmus Knudsen) 1705","169336","0","169","336","0","169","547"
"Indtægt (Peder Bülge og M. D. Günther) 1705","170006","0","170","6","0","170","258"
"Udgiftsregnskab med bilag 1703 - 1705","170259","0","170","259","0","170","291"
"Indtægt (J. C. Ziege og Martin Aspach) 1706","170292","0","170","292","0","170","499"
"Indtægt (M. D. Günther og Peder Bülge) 1706","170500","0","170","500","0","170","540"
"Indtægt (M. D. Günther og Peder Bülge) 1706","171006","0","171","6","0","171","214"
"Indtægt (J. C. Ziege og Martin Aspach) 1707","171215","0","171","215","0","171","402"
"Indtægt (M. D. Günther og Adolf Rümpler) 1707","171403","0","171","403","0","171","534"
"Indtægt (M. D. Günther og Adolf Rümpler) 1707","172006","0","172","6","0","172","101"
"Udgiftsregnskab med bilag 1707","172102","0","172","102","0","172","171"
"Indtægt (J. C. Ziege og Martin Aspach) 1708","172172","0","172","172","0","172","384"
"Indtægt (M. D. Günther og Adolf Rümpler) 1708","172385","0","172","385","0","172","528"
"Udgiftsregnskab med bilag 1706","173001","0","173","1","0","173","19"
"Indtægt (M. D. Günther og Adolf Rümpler) 1708","173025","0","173","25","0","173","130"
"Udgiftsregnskab med bilag 1708","173131","0","173","131","0","173","201"
"Indtægt (Martin Aspach og J. C. Ziege) 1709","173202","0","173","202","0","173","379"
"Indtægt (Adolf Rümpler og M. D. Günther) 1709","173380","0","173","380","0","173","495"
"Indtægt (Adolf Rümpler og M. D. Günther) 1709","174007","0","174","7","0","174","95"
"Udgiftsregnskab med bilag 1709","174096","0","174","96","0","174","130"
"Indtægt (J. C. Ziege og Joakim Henrici) 1710","174131","0","174","131","0","174","303"
"Indtægt (Adolf Rümpler og M. Aspach) 1710","174304","0","174","304","0","174","474"
"Udgiftsregnskab med bilag 1710","174475","0","174","475","0","174","514"
"Indtægt (Joakim Henrici og J. C. Ziege) 1711","175006","0","175","6","0","175","186"
"Indtægt (Martin Aspach og A. Rümpler, Hugo Ditmer Bølcke) 1711","175187","0","175","187","0","175","370"
"Indtægt Fregatten Gravensten 1711","175371","0","175","371","0","175","442"
"Udgiftsregnskab med bilag 1711","175443","0","175","443","0","175","495"
"Indtægt (Joakim Henrici og J. C. Ziege) 1712","175496","0","175","496","0","175","515"
"Indtægt (Joakim Henrici og J. C. Ziege) 1712","176006","0","176","6","0","176","170"
"Indtægt (Hugo Ditmer Bølcke og M. Aspach) 1712","176171","0","176","171","0","176","352"
"Udgiftsregnskab med bilag 1712","176353","0","176","353","0","176","389"
"Indtægt (J. C. Ziege og Joakim Henrici) 1713","176390","0","176","390","0","176","529"
"Indtægt (J. C. Ziege og Joakim Henrici) 1713","177006","0","177","6","0","177","95"
"Indtægt (M. Aspach og H. D. Bølcke) 1713","177096","0","177","96","0","177","308"
"Udgiftsregnskab med bilag 1713","177309","0","177","309","0","177","353"
"Indtægt (J. C. Ziege og Joakim Henrici) 1714","177354","0","177","354","0","177","537"
"Indtægt (J. C. Ziege og Joakim Henrici) 1714","178006","0","178","6","0","178","70"
"Indtægt (Martin Aspach og H. D. Bølcke) 1714","178071","0","178","71","0","178","304"
"Udgiftsregnskab med bilag 1714","178305","0","178","305","0","178","360"
"Indtægt (Joakim Henrici og J. C. Ziege) 1715","178361","0","178","361","0","178","530"
"Indtægt (H. D. Bølcke og M. Aspach) 1715","179006","0","179","6","0","179","168"
"Udgiftsregnskab med bilag 1715","179169","0","179","169","0","179","210"
"Indtægt (Joakim Henrici og J. C. Ziege) 1716","179211","0","179","211","0","179","357"
"Indtægt (M. Aspach og H. D. Bølcke) 1716","179358","0","179","358","0","179","494"
"Udgiftsregnskab med bilag 1716","180006","0","180","6","0","180","45"
"Indtægt (Joakim Henrici og J. C. Ziege) 1717","180046","0","180","46","0","180","192"
"Indtægt (M. Aspach og H. D. Bølcke) 1717","180193","0","180","193","0","180","327"
"Udgiftsregnskab med bilag 1717","180328","0","180","328","0","180","360"
"Indtægt (Joakim Henrici og J. C. Ziege) 1718","180361","0","180","361","0","180","522"
"Indtægt (M. Aspach og H. D. Bølcke) 1718","181007","0","181","7","0","181","153"
"Udgiftsregnskab med bilag 1718","181154","0","181","154","0","181","193"
"Indtægt (J. C. Ziege og Joakim Henrici) 1719","181194","0","181","194","0","181","409"
"Indtægt (M. Aspach og H. D. Bølcke) 1719","181410","0","181","410","0","181","526"
"Indtægt (M. Aspach og H. D. Bølcke) 1719","182006","0","182","6","0","182","96"
"Udgiftsregnskab med bilag 1719","182097","0","182","97","0","182","144"
"Indtægt (J. C. Ziege og Joakim Henrici) 1720","182145","0","182","145","0","182","402"
"Indtægt (H. D. Bølcke og M. Aspach) 1720","182403","0","182","403","0","182","525"
"Indtægt (H. D. Bølcke og M. Aspach) 1720","183006","0","183","6","0","183","123"
"Udgiftsregnskab med bilag 1720","183124","0","183","124","0","183","188"
"Indtægt (J. C. Ziege og Joakim Henrici) 1721","183189","0","183","189","0","183","454"
"Indtægt (M. Aspach og H. D. Bølcke) 1721","183455","0","183","455","0","183","535"
"Indtægt (M. Aspach og H. D. Bølcke) 1721","184006","0","184","6","0","184","153"
"Udgiftsregnskab med bilag 1721","184154","0","184","154","0","184","201"
"Indtægt (J. C. Ziege og Joakim Henrici) 1722","184202","0","184","202","0","184","491"
"Indtægt (M. Aspach og H. D. Bølcke) 1722","184492","0","184","492","0","184","531"
"Indtægt (M. Aspach og H. D. Bølcke) 1722","185006","0","185","6","0","185","197"
"Udgiftsregnskab med bilag 1722","185198","0","185","198","0","185","238"
"Indtægt (Joakim Henrici og J. C. Ziege) 1723","185239","0","185","239","0","185","540"
"Indtægt (H. D. Bølcke og M. Aspach) 1723","186006","0","186","6","0","186","233"
"Udgiftsregnskab med bilag 1723","186234","0","186","234","0","186","280"
"Indtægt (J. C. Ziege og Joakim Henrici) 1724","187006","0","187","6","0","187","312"
"Indtægt (H. D. Bølcke og M. Aspach) 1724","187313","0","187","313","0","187","551"
"Udgiftsregnskab med bilag 1724","188006","0","188","6","0","188","56"
"Indtægt (J. C. Ziege og Joakim Henrici) 1725","188057","0","188","57","0","188","371"
"Indtægt (M. Aspach og H. D. Bølcke) 1725","188372","0","188","372","0","188","539"
"Indtægt (M. Aspach og H. D. Bølcke) 1725","189006","0","189","6","0","189","123"
"Udgiftsregnskab med bilag 1725","189124","0","189","124","0","189","164"
"Indtægt (Joakim Henrici og J. C. Ziege) 1726","189165","0","189","165","0","189","465"
"Indtægt (H. D. Bølcke og M. Aspach) 1726","189466","0","189","466","0","189","519"
"Indtægt (H. D. Bølcke og M. Aspach) 1726","190006","0","190","6","0","190","241"
"Udgiftsregnskab med bilag 1726","190242","0","190","242","0","190","284"
"Indtægt (J. C. Ziege og Johan Daniel Planitz) 1727","190285","0","190","285","0","190","522"
"Indtægt (J. C. Ziege og Johan Daniel Planitz) 1727","191007","0","191","7","0","191","68"
"Indtægt (M. Aspach og Hans Georg Faith) 1727","191069","0","191","69","0","191","328"
"Udgiftsregnskab med bilag 1727","191329","0","191","329","0","191","382"
"Indtægt (J. C. Ziege og J. D. Planitz) 1728","191383","0","191","383","0","191","527"
"Indtægt (J. C. Ziege og J. D. Planitz) 1728","192006","0","192","6","0","192","146"
"Indtægt (Hans Georg Faith og Eberhardt) 1728","192147","0","192","147","0","192","437"
"Udgiftsregnskab med bilag 1728","192438","0","192","438","0","192","483"
"Indtægt (J. C. Ziege og J. D. Planitz) 1729","192484","0","192","484","0","192","531"
"Indtægt (J. C. Ziege og J. D. Planitz) 1729","193006","0","193","6","0","193","274"
"Indtægt (Hans Georg Faith og Eberhardt) 1729","193275","0","193","275","0","193","539"
"Indtægt (Hans Georg Faith og Eberhardt) 1729","194006","0","194","6","0","194","85"
"Udgiftsregnskab med bilag 1729","194086","0","194","86","0","194","164"
"Indtægt (J. C. Ziege og J. D. Planitz) 1730","194165","0","194","165","0","194","466"
"Indtægt (Hans Georg Faith og Eberhardt) 1730","194467","0","194","467","0","194","530"
"Indtægt (Hans Georg Faith og Eberhardt) 1730","195006","0","195","6","0","195","265"
"Udgiftsregnskab med bilag 1730","195266","0","195","266","0","195","545"
"Udgiftsregnskab med bilag 1730","196006","0","196","6","0","196","105"
"Indtægt (J. C. Ziege og J. D. Planitz) 1731","196106","0","196","106","0","196","413"
"Indtægt (Nicolai Christopher v. Heilsberg og H. G. Faith) 1731","196414","0","196","414","0","196","542"
"Indtægt (Nicolai Christopher v. Heilsberg og H. G. Faith) 1731","197006","0","197","6","0","197","183"
"Udgiftsregnskab med bilag 1731","197184","0","197","184","0","197","311"
"Indtægt (J. D. Planitz og J. C. Ziege) 1732","197312","0","197","312","0","197","527"
"Indtægt (J. D. Planitz og J. C. Ziege) 1732","198006","0","198","6","0","198","75"
"Indtægt (N. Chrf. v. Heilsberg og H. G. Faith) 1732","198077","0","198","77","0","198","418"
"Udgiftsregnskab med bilag 1732","198419","0","198","419","0","198","519"
"Indtægt (Joh. Jak. Günther og J. C. Ziege) 1733","199006","0","199","6","0","199","287"
"Indtægt (N. Chrf. v. Heilsberg og H. G. Faith) 1733","199288","0","199","288","0","199","542"
"Indtægt (N. Chrf. v. Heilsberg og H. G. Faith) 1733","200006","0","200","6","0","200","88"
"Udgiftsregnskab med bilag 1733","200089","0","200","89","0","200","189"
"Indtægt (J. J. Günther og J. C. Ziege) 1734","200190","0","200","190","0","200","453"
"Indtægt (N. C. v. Heilsberg og H. G. Faith) 1734","200454","0","200","454","0","200","547"
"Indtægt (N. C. v. Heilsberg og H. G. Faith) 1734","201005","0","201","5","0","201","217"
"Udgiftsregnskab med bilag 1734","201218","0","201","218","0","201","329"
"Indtægt (J. J. Günther og J. C. Ziege) 1735","201330","0","201","330","0","201","513"
"Indtægt (J. J. Günther og J. C. Ziege) 1735","202007","0","202","7","0","202","105"
"Indtægt (N. C. v. Heilsberg og H. G. Faith) 1735","202106","0","202","106","0","202","417"
"Udgiftsregnskab med bilag 1735","202418","0","202","418","0","202","535"
"Indtægt (J. J. Günther og J. C. Ziege) 1736","203007","0","203","7","0","203","225"
"Indtægt (N. C. v. Heilsberg og H. G. Faith) 1736","203226","0","203","226","0","203","530"
"Udgiftsregnskab med bilag 1736","204007","0","204","7","0","204","103"
"Indtægt (Johan Jak. Günther og J. C. Ziege) 1737","204104","0","204","104","0","204","403"
"Indtægt (N. C. v. Heilsberg og H. G. Faith) 1737","204404","0","204","404","0","204","539"
"Indtægt (N. C. v. Heilsberg og H. G. Faith) 1737","205006","0","205","6","0","205","194"
"Udgiftsregnskab med bilag 1737","205195","0","205","195","0","205","332"
"Indtægt (N. C. v. Heilsberg og H. G. Faith) 1738","205333","0","205","333","0","205","535"
"Indtægt (N. C. v. Heilsberg og H. G. Faith) 1738","206006","0","206","6","0","206","118"
"Indtægt (J. J. Günther og Falk Fursmann) 1738","206119","0","206","119","0","206","388"
"Udgiftsregnskab med bilag 1738","206389","0","206","389","0","206","469"
"Indtægt (N. C. v. Heilsberg og H. G. Faith) 1739","206470","0","206","470","0","206","534"
"Indtægt (N. C. v. Heilsberg og H. G. Faith) 1739","207006","0","207","6","0","207","265"
"Indtægt (J. J. Günther og Falk Fursmann) 1739","207266","0","207","266","0","207","539"
"Indtægt (J. J. Günther og Falk Fursmann) 1739","208006","0","208","6","0","208","42"
"Udgiftsregnskab med bilag 1739","208043","0","208","43","0","208","163"
"Indtægt (H. G. Faith og N. C. v. Heilsberg) 1740","208164","0","208","164","0","208","491"
"Indtægt (J. J. Günther og Falk Fursmann) 1740","208492","0","208","492","0","208","534"
"Indtægt (J. J. Günther og Falk Fursmann) 1740","209006","0","209","6","0","209","295"
"Udgiftsregnskab med bilag 1740","209296","0","209","296","0","209","419"
"Indtægt (H. G. Faith og N. C. v. Heilsberg) 1741","209420","0","209","420","0","209","548"
"Indtægt (H. G. Faith og N. C. v. Heilsberg) 1741","210006","0","210","6","0","210","205"
"Indtægt (J. J. Günther og Falk Fursmann) 1741","210206","0","210","206","0","210","484"
"Udgiftsregnskab med bilag 1741","210485","0","210","485","0","210","535"
"Udgiftsregnskab med bilag 1741","211006","0","211","6","0","211","85"
"Indtægt (H. G. Faith og N. C. v. Heilsberg) 1742","211086","0","211","86","0","211","402"
"Indtægt (Johan Jak. Günther) 1742","211403","0","211","403","0","211","536"
"Indtægt (Johan Jak. Günther) 1742","212006","0","212","6","0","212","120"
"Udgiftsregnskab med bilag 1742","212121","0","212","121","0","212","233"
"Indtægt (H. G. Faith og N. C. v. Heilsberg) 1743","212234","0","212","234","0","212","540"
"Indtægt (H. G. Faith og N. C. v. Heilsberg) 1743","213006","0","213","6","0","213","32"
"Indtægt (Johan Jak. Günther) 1743","213033","0","213","33","0","213","273"
"Udgiftsregnskab med bilag 1743","213274","0","213","274","0","213","365"
"Indtægt (Johan Jak. Günther) 1744","213366","0","213","366","0","213","409"
"Indtægt (Johan Jak. Günther) 1744","214006","0","214","6","0","214","207"
"Indtægt (H. G. Faith og N. C. v. Heilsberg) 1744","214208","0","214","208","0","214","509"
"Udgiftsregnskab med bilag 1744","215006","0","215","6","0","215","120"
"Indtægt (H. G. Faith og N. C. v. Heilsberg) 1745","215121","0","215","121","0","215","417"
"Indtægt (Johan Jak. Günther) 1745","215418","0","215","418","0","215","487"
"Indtægt (Johan Jak. Günther) 1745","216006","0","216","6","0","216","150"
"Udgiftsregnskab med bilag 1745","216151","0","216","151","0","216","231"
"Indtægt (H. G. Faith og N. C. v. Heilsberg) 1746","216232","0","216","232","0","216","525"
"Indtægt (H. G. Faith og N. C. v. Heilsberg) 1746","217007","0","217","7","0","217","57"
"Indtægt (Johan Jak. Günther) 1746","217058","0","217","58","0","217","279"
"Udgiftsregnskab med bilag 1746","217280","0","217","280","0","217","383"
"Indtægt (H. G. Faith og N. C. v. Heilsberg) 1747","217384","0","217","384","0","217","544"
"Indtægt (H. G. Faith og N. C. v. Heilsberg) 1747","218006","0","218","6","0","218","179"
"Indtægt (Johan Jak. Günther) 1747","218180","0","218","180","0","218","420"
"Udgiftsregnskab med bilag 1747","218421","0","218","421","0","218","538"
"Udgiftsregnskab med bilag 1747","219009","0","219","9","0","219","37"
"Indtægt (Johan Jak. Günther) 1748","219038","0","219","38","0","219","255"
"Indtægt (Hans Georg Faith) 1748","219256","0","219","256","0","219","456"
"Indtægt (Hans Georg Faith) 1748","220008","0","220","8","0","220","104"
"Indtægt (Chr. Albr. Bluhme og H. G. Faith) 1749","220105","0","220","105","0","220","407"
"Udgiftsregnskab med bilag 1748","220408","0","220","408","0","220","513"
"Indtægt (Johan Jak. Günther) 1749","220514","0","220","514","0","220","528"
"Indtægt (Johan Jak. Günther) 1749","221006","0","221","6","0","221","301"
"Udgiftsregnskab med bilag 1749","221302","0","221","302","0","221","421"
"N. Chr. Nissen 1750","258762","48272570","222","2","48272886","222","327"
"H. G. Faith 1750","258763","48272887","223","2","48273190","223","306"
"I. G. Putscher 1751","258764","48273191","223","307","48273497","223","656"
"Chr. A. Bluhme 1751","258765","48273498","224","2","48273765","224","270"
"I. G. Putscher 1752","258766","48273766","224","271","48274069","224","574"
"Chr. A. Bluhme 1752","258767","48274070","224","575","48274145","224","649"
"Chr. A. Bluhme 1752","258768","48274146","225","2","48274381","225","237"
"Chr. A. Bluhme 1753","258769","48274382","225","238","48274681","225","537"
"I. G. Putscher 1753","258770","48274682","225","538","48274777","225","633"
"I. G. Putscher 1753","258771","48274778","226","2","48274992","226","216"
"Chr. A. Bluhme 1754","258772","48274993","226","217","48275321","226","546"
"I. G. Putscher 1754","258773","48275322","226","547","48275422","226","647"
"I. G. Putscher 1754","258774","48275423","227","2","48275726","227","305"
"Chr. A. Bluhme 1755","258775","48275727","227","306","48275998","227","577"
"I. G. Putscher 1755","258776","48275999","227","578","48276165","227","744"
"I. G. Putscher 1755","258777","48276166","228","2","48276353","228","189"
"I. G. Putscher 1756","258778","48276354","228","190","48276658","228","494"
"Chr. A. Bluhme 1756","258779","48276659","228","495","48276787","228","623"
"Chr. A. Bluhme 1756","258780","48276788","229","2","48276969","229","183"
"Chr. A. Bluhme 1757","258781","48276970","229","184","48277267","229","481"
"I. G. Putscher 1757","258782","48277268","229","482","48277424","229","638"
"I. G. Putscher 1757","258783","48277425","230","2","48277557","230","134"
"Chr. A. Bluhme 1758","258784","48277558","230","135","48277853","230","430"
"I. G. Putscher 1758","258785","48277854","230","431","48278064","230","641"
"I. G. Putscher 1758","258786","48278065","231","2","48278165","231","102"
"I. G. Putscher 1759","258787","48278166","231","103","48278476","231","413"
"Chr. A. Bluhme 1759","258788","48278477","231","414","48278712","231","649"
"Chr. A. Bluhme 1759","258789","48278713","232","2","48278789","232","78"
"Chr. A. Bluhme 1760","258790","48278790","232","79","48279084","232","373"
"I. G. Putscher 1760","258791","48279085","232","374","48279348","232","637"
"I. G. Putscher 1760","258792","48279349","233","2","48279388","233","41"
"I. G. Putscher 1761","258793","48279389","233","42","48279705","233","358"
"Chr. A. Bluhme 1761","258794","48279706","233","359","48279978","233","631"
"Chr. A. Bluhme 1761","258795","48279979","234","2","48280012","234","35"
"I. G. Putscher 1762","258797","48280322","234","36","48280596","234","310"
"H. G. Faith 1762","258796","48280013","234","311","48280321","234","619"
"I. G. Putscher 1763","258798","48280597","235","2","48280948","235","353"
"C. Fabritius 1763","258799","48280949","235","354","48281247","235","652"
"C. Fabritius 1763","258800","48281248","236","2","48281290","236","44"
"Chr. A. Bluhme 1764","258801","48281291","236","45","48281601","236","355"
"Chr. Fr. Hansen 1764","258802","48281602","236","356","48281879","236","633"
"Chr. Fr. Hansen 1764","258803","48281880","237","2","48281914","237","36"
"Chr. A. Bluhme 1765","258804","48281915","237","37","48282179","237","301"
"I. G. Putscher 1765","258805","48282180","237","302","48282519","237","641"
"C. Fabritius 1766","258806","48282520","238","2","48282823","238","305"
"Chr. Fr. Hansen 1766","258807","48282824","239","2","48283178","239","356"
"Chr. Fr. Hansen 1767","258808","48283179","239","357","48283482","239","660"
"Chr. Fr. Hansen 1767","258809","48283483","240","2","48283541","240","60"
"O. F. von der Osten 1767","258810","48283542","240","61","48283885","240","404"
"O. F. von der Osten 1768","258811","48283886","240","405","48284118","240","637"
"O. F. von der Osten 1768","258812","48284119","241","2","48284228","241","111"
"Chr. Fr. Hansen 1768","258813","48284229","241","112","48284561","241","444"
"O. F. von der Osten 1769","258814","48284562","241","445","48284768","241","651"
"O. F. von der Osten 1769","258815","48284769","242","2","48284920","242","151"
"Chr. Fr. Hansen 1769","258816","48284921","242","152","48285260","242","491"
"O. F. von der Osten 1770","258817","48285261","242","494","48285422","242","657"
"O. F. von der Osten 1770","258818","48285423","243","2","48285618","243","199"
"A. M. von Lüttichau 1770","258819","48285619","243","200","48285934","243","518"
"O. F. von der Osten 1771","258820","48285935","243","519","48286065","243","652"
"O. F. von der Osten 1771","258821","48286066","244","2","48286263","244","203"
"A. M. von Lüttichau 1771","258822","48286264","244","204","48286579","244","526"
"A. M. von Lüttichau 1772","258823","48286580","245","2","48286942","245","362"
"Chr. Fr. Walther 1772","258824","48286943","245","363","48287199","245","622"
"Chr. Fr. Walther 1772","258825","48287200","246","2","48287273","246","74"
"Chr. Fr. Walther 1773","258826","48287274","246","75","48287609","246","411"
"A. M. von Lüttichau 1773","258827","48287610","246","412","48287849","246","651"
"A. M. von Lüttichau 1773","258828","48287850","247","2","48287939","247","92"
"Chr. Fr. Walther 1774","258829","48287940","247","93","48288288","247","440"
"A. M. von Lüttichau 1774","258830","48288289","247","441","48288495","247","649"
"A. M. von Lüttichau 1774","258831","48288496","248","2","48288625","248","131"
"Nr. 2, 1. bind 1775","258832","48288626","248","132","48288965","248","471"
"Nr. 2, 1. bind 1776","258833","48288966","248","472","48289131","248","637"
"Nr. 2, 1. bind 1776","258834","48289132","249","2","48289292","249","161"
"Nr. 2, 2. bind 1775","258835","48289293","249","162","48289596","249","470"
"Nr. 2, 2. bind 1776","258836","48289597","249","471","48289762","249","637"
"Nr. 2, 2. bind 1776","258837","48289763","250","2","48289905","250","144"
"Nr. 2, 1. bind 1777","258838","48289906","250","145","48290276","250","523"
"Nr. 2, 2. bind 1777","258839","48290277","250","524","48290392","250","640"
"Nr. 2, 2. bind 1777","258840","48290393","251","2","48290638","251","250"
"Anhang nr. 2 1777","258841","48290639","251","251","48290704","251","318"
"Nr. 2, 1. bind 1778","258842","48290705","251","319","48290976","251","590"
"Nr. 2, 1. bind 1778","258843","48290977","252","2","48291149","252","174"
"Nr. 2, 2. bind 1778","258844","48291150","252","175","48291535","252","560"
"Nr. 2, 1. bind 1779","258845","48291536","252","561","48291619","252","644"
"Nr. 2, 1. bind 1779","258846","48291620","253","2","48291910","253","292"
"Nr. 2, 2. bind 1779","258847","48291911","253","293","48292285","253","667"
"Nr. 2, 1. bind 1780","258848","48292286","254","2","48292706","254","422"
"Nr. 2, 2. bind 1780","258849","48292707","254","423","48292910","254","626"
"Nr. 2, 2. bind 1780","258850","48292911","255","2","48293094","255","189"
"Nr. 2, 1. bind 1781","258851","48293095","255","190","48293448","255","547"
"Nr. 2, 2. bind 1781","258852","48293449","255","548","48293540","255","640"
"Nr. 2, 2. bind 1781","258853","48293541","256","2","48293876","256","339"
"Nr. 2, 1. bind 1782","258854","48293877","256","340","48294185","256","649"
"Nr. 2, 1. bind 1782","258855","48294186","257","2","48294273","257","89"
"Nr. 2, 2. bind 1782","258856","48294274","257","90","48294580","257","396"
"Nr. 2, 1. bind 1783","258857","48294581","257","397","48294825","257","641"
"Nr. 2, 1. bind 1783","258858","48294826","258","2","48294984","258","160"
"Nr. 2, 2. bind 1783","258859","48294985","258","161","48295398","258","574"
"Nr. 2, 1. bind 1784","258860","48295399","258","575","48295469","258","645"
"Nr. 2, 1. bind 1784","258861","48295470","259","2","48295800","259","332"
"Nr. 2, 2. bind 1784","258862","48295801","259","333","48296107","259","639"
"Nr. 2, 2. bind 1784","258863","48296108","260","2","48296169","260","63"
"Nr. 2, 1. bind 1785","258864","48296170","260","64","48296559","260","458"
"Nr. 2, 2. bind 1785","258865","48296560","260","459","48296723","260","625"
"Nr. 2, 2. bind 1785","258866","48296724","261","2","48296970","261","248"
"Nr. 2, 1. bind 1786","258867","48296971","261","249","48297352","261","630"
"Nr. 2, 2. bind 1786","258868","48297353","262","2","48297752","262","404"
"Nr. 2, 1. bind 1787","258869","48297753","262","405","48297980","262","633"
"Nr. 2, 1. bind 1787","258870","48297981","263","2","48298132","263","153"
"Nr. 2, 2. bind 1787","258871","48298133","263","154","48298560","263","577"
"Nr. 2, Anhang 1787","258872","48298561","263","578","48298573","263","592"
"Nr. 2, 1. bind 1788","258873","48298574","264","2","48299052","264","469"
"Nr. 2, 2. bind 1788 (part 2)","258874","48299276","264","470","48299435","264","627"
"Nr. 2, 2. bind 1788 (part 1)","258874","48299053","265","2","48299275","265","227"
"Nr. 2, 1. bind 1789","258875","48299436","265","228","48299825","265","626"
"Nr. 2, 1. bind 1789","258876","48299826","266","2","48299884","266","62"
"Nr. 2, 2. bind 1789","258877","48299885","266","63","48300198","266","379"
"Nr. 2, 1. bind 1790","258878","48300199","266","380","48300470","266","652"
"Nr. 2, 1. bind 1790","258879","48300471","267","2","48300656","267","186"
"Nr. 2, 2. bind 1790","258880","48300657","267","187","48301012","267","542"
"Nr. 2, 1. bind 1791","258881","48301013","267","543","48301119","267","650"
"Nr. 2, 1. bind 1791","258882","48301120","268","2","48301383","268","269"
"Nr. 2, 2. bind 1791","258883","48301384","268","270","48301765","268","653"
"Nr. 2, 2. bind 1791","258884","48301766","269","2","48301802","269","38"
"Nr. 2, 1. bind 1792","258885","48301803","269","39","48302250","269","487"
"Nr. 2, 2. bind 1792","258886","48302251","269","488","48302405","269","642"
"Nr. 2, 2. bind 1792","258887","48302406","270","2","48302714","270","315"
"Nr. 2, 1. bind 1793","258888","48302715","270","316","48303053","270","657"
"Nr. 2, 2. bind 1793","258889","48303054","271","2","48303447","271","399"
"Nr. 2, 1. bind 1794","258890","48303448","271","400","48303677","271","631"
"Nr. 2, 1. bind 1794","258891","48303678","272","2","48303833","272","157"
"Nr. 2, 2. bind 1794","258892","48303834","272","158","48304268","272","592"
"Nr. 2, 1. bind 1795","258893","48304269","273","2","48304545","273","283"
"Nr. 2, 2. bind 1795","258894","48304546","273","284","48304902","273","645"
"Nr. 2, 1. bind 1796","258895","48304903","274","2","48305310","274","418"
"Nr. 2, 2. bind 1796","258895","48305311","274","419","48305535","274","644"
"Nr. 2, 2. bind 1796","258896","48305536","275","2","48305748","275","217"
"Anhang 1796","258897","48305749","275","218","48305773","275","244"
"Nr. 2, 1. bind 1797","258898","48305774","275","245","48306110","275","585"
"Nr. 2, 2. bind 1797","258899","48306111","275","586","48306162","275","639"
"Nr. 2, 2. bind 1797","258900","48306163","276","2","48306527","276","366"
"Nr. 2, 1. bind 1798","258901","48306528","276","367","48306884","276","723"
"Nr. 2, 2. bind 1798","258902","48306885","277","2","48307325","277","475"
"Anhang 1798","258903","48307326","277","476","48307339","277","491"
"Nr. 2, 1. bind 1799","258904","48307340","278","2","48307629","278","316"
"Nr. 2, 2. bind 1799","258905","48307630","278","317","48307993","278","707"
"Nr. 2, 1. bind 1800","258906","48307994","279","2","48308323","279","331"
"Nr. 2, 2. bind 1800","258907","48308324","279","332","48308552","279","560"
"Nr. 2, 2. bind 1800","258908","48308553","280","2","48308706","280","171"
"Nr. 2, 1. bind 1801","258909","48308707","280","172","48309054","280","530"
"Nr. 2, 2. bind 1801","258910","48309055","281","2","48309396","281","343"
"Nr. 2, 1. bind 1802","258911","48309397","281","344","48309690","281","637"
"Nr. 2, 1. bind 1802","258912","48309691","282","2","48309823","282","140"
"Nr. 2, 2. bind 1802","258913","48309824","282","141","48310283","282","608"
"Anhang 1802","258914","48310284","283","2","48310357","283","78"
"Nr. 2, 1. bind 1803","258915","48310358","283","79","48310744","283","472"
"Nr. 2, 2. bind 1803","258916","48310745","283","473","48310908","283","635"
"Nr. 2, 2. bind 1803","258917","48310909","284","2","48311225","284","318"
"Anhang 1803","258918","48311226","284","319","48311310","284","403"
"Nr. 2, 1. bind 1804","258919","48311311","284","404","48311534","284","627"
"Nr. 2, 1. bind 1804","258920","48311535","285","2","48311733","285","200"
"Nr. 2, 2. bind 1804","258921","48311734","285","201","48312177","285","644"
"Nr. 2, 2. bind 1804","258922","48312178","286","2","48312232","286","58"
"Nr. 2, 1. bind 1805","258923","48312233","286","59","48312652","286","500"
"Nr. 2, 2. bind 1805","258924","48312653","286","501","48312789","286","645"
"Nr. 2, 2. bind 1805","258925","48312790","287","2","48313167","287","378"
"Øresunds skibslistebog 1805","258926","48313168","287","379","48313302","287","513"
"Nr. 2, 1. bind 1806","258927","48313303","287","514","48313436","287","647"
"Nr. 2, 1. bind 1806","258928","48313437","288","2","48313551","288","124"
"Nr. 2, 2. bind 1806","258929","48313552","288","125","48313928","288","536"
"Nr. 2, 2. bind 1807","258930","48313929","288","537","48314035","288","657"
"Nr. 2, 2. bind 1807","258931","48314036","289","2","48314270","289","258"
"Nr. 2, 1. bind 1808","258932","48314271","289","259","48314537","289","533"
"Nr. 2, 2. bind 1808","258933","48314538","289","534","48314648","289","646"
"Nr. 2, 2. bind 1808","258934","48314649","290","2","48314973","290","326"
"Nr. 2, 1. bind 1813","258935","48314976","290","330","48315208","290","565"
"Nr. 2, 2. bind 1813","258936","48315209","290","566","48315275","290","633"
"Nr. 2, 2. bind 1813","258937","48315276","291","2","48315505","291","231"
"Anhang nr. 1 1814","258938","48315508","291","234","48315606","291","332"
"Anhang nr. 2 1814","258939","48315607","291","333","48315889","291","615"
"Nr. 2, 1. bind 1815","258940","48315890","292","2","48316242","292","354"
"Nr. 2, 2. bind 1815","258941","48316243","292","355","48316525","292","637"
"Nr. 2, 2. bind 1815","258942","48316526","293","2","48316694","293","170"
"Nr. 2, 1. bind 1816","258943","48316695","293","171","48317120","293","596"
"Nr. 2, 2. bind 1816","258944","48317121","294","2","48317491","294","375"
"Nr. 2, 1. bind 1817","258945","48317493","294","380","48317758","294","651"
"Nr. 2, 1. bind 1817","258946","48317759","295","2","48318037","295","282"
"Nr. 2, 2. bind 1817","258947","48318038","295","283","48318395","295","643"
"Nr. 2, 2. bind 1817","258948","48318396","296","2","48318534","296","140"
"Nr. 2, 1. bind 1818","258949","48318535","296","141","48319016","296","622"
"Nr. 2, 2. bind 1818","258950","48319017","297","2","48319551","297","546"
"Nr. 2, 1. bind 1819","258951","48319552","297","547","48319653","297","647"
"Nr. 2, 1. bind 1819","258952","48319654","298","2","48319971","298","319"
"Nr. 2, 2. bind 1819","258953","48319972","298","320","48320300","298","648"
"Nr. 2, 2. bind 1819","258954","48320301","299","2","48320498","299","203"
"Nr. 2, 1. bind 1820","258955","48320499","299","204","48320946","299","651"
"Nr. 2, 1. bind 1820","258956","48320947","300","2","48321042","300","99"
"Nr. 2, 2. bind 1820","258957","48321043","300","100","48321531","300","614"
"Nr. 2, 2. bind 1820","258958","48321532","301","2","48321558","301","30"
"Nr. 2, 1. bind 1821","258959","48321559","301","31","48322041","301","524"
"Nr. 2, 2. bind 1821","258960","48322042","301","525","48322181","301","667"
"Nr. 2, 2. bind 1821","258961","48322182","302","2","48322401","302","225"
"Nr. 2, 2. bind 1821","258962","48322402","302","226","48322501","302","329"
"Nr. 2, 1. bind 1822","258962","48322502","302","330","48322818","302","652"
"Nr. 2, 1. bind 1822","258963","48322819","303","2","48322937","303","126"
"Nr. 2, 2. bind 1822","258964","48322938","303","127","48323362","303","563"
"Nr. 2, 1. bind 1823","258965","48323363","304","2","48323836","304","475"
"Nr. 2, 2. bind 1823","258966","48323837","304","476","48323996","304","635"
"Nr. 2, 2. bind 1823","258967","48323997","305","2","48324273","305","278"
"Nr. 2, 1. bind 1824","258968","48324274","305","279","48324648","305","653"
"Nr. 2, 1. bind 1824","258969","48324649","306","2","48324785","306","141"
"Nr. 2, 2. bind 1824","258970","48324786","306","142","48325258","306","623"
"Nr. 2, 1. bind 1825","258971","48325259","307","2","48325799","307","542"
"Nr. 2, 2. bind 1825","258972","48325800","307","543","48325903","307","646"
"Nr. 2, 2. bind 1825","258973","48325904","308","2","48326345","308","443"
"Anhang nr. 2, 1. bind 1825","258974","48326346","309","2","48326393","309","49"
"Anhang nr. 2, 2. bind 1825","258975","48326394","309","50","48326427","309","83"
"Nr. 2, 1. bind 1826","258976","48326428","309","84","48326958","309","615"
"Nr. 2, 2. bind 1826","258977","48326959","310","2","48327420","310","464"
"Nr. 2, 1. bind 1827","258978","48327421","310","465","48327590","310","634"
"Nr. 2, 1. bind 1827","258979","48327591","311","2","48327941","311","352"
"Nr. 2, 2. bind 1827","258980","48327942","311","353","48328229","311","640"
"Nr. 2, 2. bind 1827","258981","48328230","312","2","48328489","312","261"
"Anhang 1827","258982","48328490","312","262","48328520","312","292"
"Nr. 2, 1. bind 1828","258983","48328521","312","293","48328856","312","628"
"Nr. 2, 1. bind 1828","258984","48328867","313","2","48329086","313","220"
"Anhang 1828","258985","48329087","313","221","48329119","313","253"
"Nr. 2, 2. bind 1828","258986","48329120","313","254","48329468","313","602"
"Nr. 2, 2. bind 1828","258987","48329469","314","2","48329660","314","193"
"Nr. 2, 1. bind 1829","258988","48329661","314","194","48330094","314","627"
"Nr. 2, 1. bind 1829","258989","48330095","315","2","48330217","315","121"
"Nr. 2, 2. bind 1829","258990","48330218","315","122","48330737","315","641"
"Anhang 1829","258991","48330738","316","2","48330784","316","48"
"Nr. 2, 1. bind 1830","258992","48330785","316","50","48331329","316","594"
"Nr. 2, 2. bind 1830","258993","48331330","317","2","48331860","317","532"
"Anhang 1830","258994","48331861","318","2","48331906","318","47"
"Nr. 2, 1. bind 1831","258995","48331907","318","48","48332408","318","549"
"Nr. 2, 1. bind 1831","258996","48332409","319","2","48332443","319","36"
"Nr. 2, 2. bind 1831","258997","48332444","319","37","48332959","319","552"
"Nr. 2, 1. bind 1832","258998","48332960","320","2","48333456","320","498"
"Nr. 2, 1. bind 1832","258999","48333457","321","2","48333510","321","55"
"Nr. 2, 2. bind 1832","259000","48333511","321","56","48333960","321","505"
"Anhang 1832","259001","48333961","321","506","48333988","321","533"
"Nr. 2, 1. bind 1833","259002","48333990","322","2","48334503","322","515"
"Nr. 2, 2. bind 1833","259003","48334504","323","3","48334958","323","456"
"Nr. 2, 1. bind 1834","259004","48334959","324","2","48335311","324","354"
"Anhang nr. 2, 1. bind 1834","259005","48335312","324","355","48335589","324","632"
"Nr. 2, 2. bind 1834","259006","48335590","325","2","48336044","325","456"
"Nr. 2, 1. bind 1835","259007","48336045","325","457","48336088","325","500"
"Nr. 2, 1. bind 1835","259008","48336089","326","2","48336328","326","241"
"Nr. 2, 2. bind 1835","259009","48336329","326","242","48336550","326","463"
"Nr. 2, 3. bind 1835","259010","48336551","326","464","48336726","326","639"
"Nr. 2, 3. bind 1835","259011","48336727","327","2","48336825","327","100"
"Nr. 2, 4. bind 1835","259012","48336826","327","101","48337062","327","337"
"Nr. 2, 1. bind 1836","259013","48337063","327","338","48337354","327","629"
"Nr. 2, 2. bind 1836","259014","48337355","328","2","48337639","328","287"
"Nr. 2, 3. bind 1836","259015","48337640","328","288","48337927","328","575"
"Nr. 2, 4. bind 1836","259016","48337928","329","2","48338193","329","267"
"Nr. 2, 1. bind 1837","259017","48338194","329","268","48338506","329","580"
"Anhang nr. 2, 1. bind 1837","259018","48338507","329","581","48338529","329","603"
"Nr. 2, 2. bind 1837","259019","48338530","330","2","48338838","330","312"
"Nr. 2, 3. bind 1837","259020","48338839","330","314","48339117","330","592"
"Nr. 2, 4. bind 1837","259021","48339118","330","593","48339169","330","644"
"Nr. 2, 4. bind 1837","259022","48339170","331","2","48339401","331","233"
"Nr. 2, 1. bind 1838","259023","48339402","331","234","48339701","331","533"
"Nr. 2, 2. bind 1838","259024","48339702","331","534","48339813","331","645"
"Nr. 2, 2. bind 1838","259025","48339814","332","2","48340010","332","198"
"Anhang nr. 2, 2. bind 1838","259026","48340011","332","199","48340052","332","240"
"Nr. 2, 3. bind 1838","259027","48340053","332","241","48340392","332","580"
"Nr. 2, 4. bind 1838","259028","48340393","333","2","48340658","333","267"
"Nr. 2, 1. bind 1839","259029","48340659","333","268","48340965","333","574"
"Nr. 2, 2. bind 1839","259030","48340966","333","575","48341037","333","646"
"Nr. 2, 2. bind 1839","259033","48341405","334","2","48341642","334","239"
"Anhang nr. 2, 2. bind 1839","259031","48341038","334","240","48341095","334","297"
"Nr. 2, 3. bind 1839","259032","48341096","334","298","48341404","334","606"
"Anhang nr. 2, 3. bind 1839","259034","48341643","335","2","48341701","335","60"
"Nr. 2, 4. bind 1839","259035","48341702","335","61","48342005","335","364"
"Nr. 2, 1. bind 1840","259036","48342006","336","2","48342307","336","303"
"Anhang nr. 2, 1. bind 1840","259037","48342308","336","304","48342328","336","324"
"Nr. 2, 2. bind 1840","259038","48342329","337","2","48342635","337","308"
"Anhang nr. 2, 2. bind 1840","259039","48342636","337","309","48342731","337","406"
"Nr. 2, 3. bind 1840","259040","48342732","337","407","48342985","337","661"
"Nr. 2, 3. bind 1840","259041","48342986","338","2","48343041","338","57"
"Anhang nr. 2, 3. bind 1840","259042","48343042","338","58","48343127","338","143"
"Nr. 2, 4. bind 1840","259043","48343128","338","144","48343435","338","451"
"Anhang nr. 2, 4. bind 1840","259044","48343436","338","452","48343458","338","474"
"Nr. 2, 1. bind 1841","259045","48343459","338","475","48343634","338","650"
"Nr. 2, 1. bind 1841","259046","48343635","339","2","48343774","339","141"
"Anhang nr. 2, 1. bind 1841","259047","48343775","339","144","48343806","339","175"
"Nr. 2, 2. bind 1841","259048","48343807","339","176","48344118","339","487"
"Anhang nr. 2, 2. bind 1841","259049","48344119","339","488","48344191","339","560"
"Continuation nr. 2 1841","259050","48344192","339","561","48344205","339","574"
"Nr. 2, 3. bind 1841","259051","48344206","340","2","48344516","340","312"
"Anhang nr. 2, 3. bind 1841","259052","48344517","340","314","48344552","340","349"
"Anhang nr. 2, 3. bind 1841","259053","48344553","340","350","48344642","340","441"
"Nr. 2, 4. bind 1841","259053","48344643","340","442","48344838","340","637"
"Nr. 2, 4. bind 1841","259054","48344839","341","2","48344948","341","111"
"Anhang nr. 2, 4. bind 1841","259055","48344949","341","112","48344983","341","146"
"Nr. 2, 1. bind 1842","259056","48344984","341","147","48345342","341","505"
"Anhang nr. 2, 1. bind 1842","259057","48345343","341","506","48345371","341","534"
"Nr. 2, 2. bind 1842","259058","48345372","342","2","48345732","342","363"
"Nr. 2, 3. bind 1842","259059","48345733","342","364","48346030","342","662"
"Nr. 2, 3. bind 1842","259060","48346031","343","2","48346093","343","63"
"Anhang nr. 2, 3. bind 1842","259061","48346094","343","64","48346127","343","97"
"Nr. 2, 4. bind 1842","259062","48346128","343","98","48346471","343","443"
"Nr. 2, 1. bind 1843","259063","48346472","343","444","48346673","343","647"
"Nr. 2, 1. bind 1843","259064","48346674","344","2","48346878","344","206"
"Anhang nr. 2, 1. bind 1843","259065","48346879","344","207","48346953","344","281"
"Nr. 2, 2. bind 1843","259066","48346954","344","282","48347295","344","623"
"Nr. 2, 3. bind 1843","259067","48347296","345","2","48347717","345","432"
"Nr. 2, 4. bind 1843","259068","48347718","346","2","48347967","346","251"
"Nr. 2, 1. bind. Fra Nordsøen 1844","259069","48347968","346","252","48348254","346","538"
"Nr. 2, 2. bind. Fra Nordsøen 1844","259070","48348255","346","539","48348360","346","644"
"Nr. 2, 3. bind. Fra Nordsøen 1844","259071","48348361","347","2","48348527","347","168"
"Nr. 2, 4. bind. Fra Nordsøen 1844","259072","48348528","347","169","48348665","347","306"
"Nr. 2, 5. bind. Fra Østersøen 1844","259073","48348666","347","307","48348899","347","540"
"Nr. 2, 6. bind. Fra Østersøen 1844","259074","48348900","347","541","48349042","347","683"
"Nr. 2, 6. bind. Fra Østersøen 1844","259075","48349043","348","2","48349115","348","74"
"Nr. 2, 7. bind. Fra Østersøen 1844","259076","48349116","348","75","48349345","348","304"
"Nr. 2, 8. bind. Fra Østersøen 1844","259077","48349346","348","305","48349601","348","560"
"Nr. 2, 9. bind. Ballast 1844","259078","48349602","348","561","48349673","348","632"
"Nr. 2, 10. bind. Ballast 1844","259079","48349674","349","2","48349767","349","95"
"Nr. 2, 1. bind. Fra Nordsøen 1845","259080","48349768","349","96","48350065","349","393"
"Nr. 2, 2. bind. Fra Nordsøen 1845","259081","48350066","349","394","48350207","349","535"
"Nr. 2, 3. bind. Fra Nordsøen 1845","259082","48350208","349","536","48350339","349","667"
"Nr. 2, 3. bind. Fra Nordsøen 1845","259083","48350340","349","670","48350386","349","716"
"Nr. 2, 4. bind. Fra Nordsøen 1845","259084","48350387","350","1","48350567","350","181"
"Nr. 2, 5. bind. Fra Østersøen 1845","259085","48350568","350","182","48350786","350","400"
"Nr. 2, 6. bind. Fra Østersøen 1845","259086","48350787","350","401","48350951","350","565"
"Nr. 2, 7. bind. Fra Østersøen 1845","259087","48350952","350","567","48351004","350","619"
"Nr. 2, 7. bind. Fra Østersøen 1845","259088","48351005","351","2","48351170","351","167"
"Nr. 2, 8. bind. Fra Østersøen 1845","259089","48351171","351","168","48351411","351","408"
"Nr. 2, 9. bind. Ballast 1845","259090","48351412","351","409","48351490","351","488"
"Nr. 2, 10. bind. Ballast 1845","259091","48351491","351","489","48351556","351","554"
"Nr. 2, 1. bind. Fra Nordsøen 1846","259092","48351557","351","555","48351623","351","621"
"Nr. 2, 1. bind. Fra Nordsøen 1846","259093","48351624","352","2","48351861","352","239"
"Nr. 2, 2. bind. Fra Nordsøen 1846","259094","48351862","352","240","48351974","352","352"
"Nr. 2, 3. bind. Fra Nordsøen 1846","259095","48351975","352","353","48352115","352","493"
"Nr. 2, 4. bind. Fra Nordsøen 1846","259096","48352116","352","494","48352285","352","663"
"Nr. 2, 5. bind. Fra Østersøen 1846","259097","48352286","353","2","48352499","353","215"
"Nr. 2, 6. bind. Fra Østersøen 1846","259098","48352500","353","216","48352719","353","435"
"Nr. 2, 7. bind. Fra Østersøen 1846","259099","48352720","353","436","48352951","353","667"
"Nr. 2, 8. bind. Fra Østersøen 1846","259100","48352952","354","2","48353204","354","254"
"Nr. 2, 9. bind. Ballast 1846","259101","48353205","354","255","48353304","354","354"
"Nr. 2, 10. bind. Ballast 1846","259102","48353305","354","355","48353386","354","436"
"Nr. 2, 1. bind. Fra Nordsøen 1847","259103","48353387","354","437","48353626","354","676"
"Nr. 2, 1. bind. Fra Nordsøen 1847","259104","48353627","355","2","48353670","355","45"
"Nr. 2, 2. bind. Fra Nordsøen 1847","259105","48353671","355","46","48353806","355","181"
"Nr. 2, 3. bind. Fra Nordsøen 1847","259106","48353807","355","182","48353961","355","336"
"Nr. 2, 4. bind. Fra Nordsøen 1847","259107","48353962","355","337","48354111","355","486"
"Nr. 2, 5. bind. Fra Østersøen 1847","259108","48354112","356","2","48354364","356","254"
"Nr. 2, Anhang 5. bind 1847","259109","48354365","356","255","48354382","356","272"
"Nr. 2, 6. bind. Fra Østersøen 1847","259110","48354383","356","273","48354583","356","473"
"Nr. 2, 7. bind. Fra Østersøen 1847","259111","48354584","356","474","48354763","356","653"
"Nr. 2, 8. bind. Fra Østersøen 1847","259112","48354764","357","2","48355016","357","254"
"Nr. 2, Anhang 8. bind 1847","259113","48355017","357","255","48355051","357","289"
"Nr. 2, 9. bind. Ballast 1847","259114","48355052","357","290","48355170","357","408"
"Nr. 2, 10. bind. Ballast 1847","259115","48355171","357","409","48355259","357","497"
"Nr. 2, 1. bind. Fra Nordsøen 1848","259116","48355260","357","498","48355425","357","663"
"Nr. 2, 1. bind. Fra Nordsøen 1848","259117","48355426","358","2","48355509","358","85"
"Nr. 2, 2. bind. Fra Nordsøen 1848","259118","48355510","358","86","48355668","358","244"
"Nr. 2, 3. bind. Fra Nordsøen 1848","259119","48355669","358","245","48355773","358","349"
"Nr. 2, 4. bind. Fra Nordsøen 1848","259120","48355774","358","350","48355870","358","446"
"Nr. 2, 5. bind. Fra Østersøen 1848","259121","48355871","358","447","48356027","358","603"
"Nr. 2, 6. bind. Fra Østersøen 1848","259122","48356028","359","2","48356280","359","254"
"Nr. 2, Anhang 6. bind 1848","259123","48356281","359","255","48356334","359","308"
"Nr. 2, 7. bind. Fra Østersøen 1848","259124","48356335","359","309","48356479","359","453"
"Nr. 2, 8. bind. Fra Østersøen 1848","259125","48356480","359","454","48356612","359","586"
"Nr. 2, 9. bind. Ballast 1848","259126","48356613","359","587","48356669","359","643"
"Nr. 2, 10. bind. Ballast 1848","259127","48356670","360","2","48356735","360","67"
"Nr. 2, 1. bind. Fra Nordsøen 1849","259128","48356736","360","68","48356920","360","252"
"Nr. 2, 2. bind. Fra Nordsøen 1849","259129","48356921","360","253","48357083","360","415"
"Nr. 2, 3. bind. Fra Nordsøen 1849","259130","48357084","360","416","48357222","360","554"
"Nr. 2, 4. bind. Fra Nordsøen 1849","259131","48357223","360","555","48357339","360","671"
"Nr. 2, 5. bind. Fra Østersøen 1849","259132","48357340","361","2","48357566","361","229"
"Nr. 2, 6. bind. Fra Østersøen 1849","259133","48357567","361","230","48357793","361","456"
"Nr. 2, 7. bind. Fra Østersøen 1849","259134","48357794","361","457","48357904","361","567"
"Nr. 2, 8. bind. Fra Østersøen 1849","259135","48357905","362","2","48358074","362","171"
"Nr. 2, 9. bind. Ballast 1849","259136","48358075","362","172","48358147","362","244"
"Nr. 2, 10. bind. Ballast 1849","259137","48358148","362","245","48358215","362","312"
"Nr. 2, 1. bind. Fra Nordsøen 1850","259138","48358216","362","313","48358519","362","616"
"Nr. 2, 2. bind. Fra Nordsøen 1850","259139","48358520","363","2","48358734","363","216"
"Nr. 2, 3. bind. Fra Nordsøen 1850","259140","48358735","363","217","48358853","363","335"
"Nr. 2, 4. bind. Fra Nordsøen 1850","259141","48358854","363","336","48358857","363","339"
"Nr. 2, 5. bind. Fra Østersøen 1850","259142","48358858","363","340","48359159","363","641"
"Nr. 2, 6. bind. Fra Østersøen 1850","259143","48359160","364","2","48359414","364","256"
"Nr. 2, 7. bind. Fra Østersøen 1850","259144","48359415","364","257","48359523","364","365"
"Nr. 2, 8. bind. Fra Østersøen 1850","259145","48359524","364","366","48359529","364","371"
"Nr. 2, 9. bind. Ballast 1850","259146","48359530","364","372","48359535","364","377"
"Nr. 2, 10. bind. Ballast 1850","259147","48359536","364","378","48359541","364","383"
"Nordsøen 1851 1 1 - Nordsøen 1851 6 25","259509","48412568","365","4","48412821","365","257"
"Nordsøen 1851 6 25 - Nordsøen 1851 10 8","259510","48412822","365","259","48413074","365","511"
"Nordsøen 1851 10 8 - Nordsøen 1851 12 31","259511","48413075","365","513","48413211","365","649"
"Østersøen 1851 1 1 - Østersøen 1851 7 5","259512","48413212","366","4","48413464","366","256"
"Østersøen 1851 7 5 - Østersøen 1851 10 16","259513","48413465","366","258","48413717","366","510"
"Østersøen 1851 10 16 - Østersøen 1851 12 31","259514","48413718","366","512","48413870","366","664"
"Nordsøen 1852 1 1 - Nordsøen 1852 6 20","259515","48413871","367","4","48414123","367","256"
"Nordsøen 1852 6 20 - Nordsøen 1852 9 20","259516","48414124","367","258","48414376","367","510"
"Nordsøen 1852 9 20 - Nordsøen 1852 12 31","259517","48414377","367","512","48414523","367","658"
"Østersøen 1852 1 1 - Østersøen 1852 7 21","259518","48414524","368","4","48414776","368","256"
"Østersøen 1852 7 21 - Østersøen 1852 10 29","259519","48414777","368","258","48415028","368","510"
"Østersøen 1852 10 29 - Østersøen 1852 12 31","259520","48415029","368","512","48415113","368","596"
"Afgiftsfrie fra Nordsøen 1852 6 14 - 12 29","259525","0","369","4","0","369","72"
"Nordsøen 1853 1 2 - Nordsøen 1853 6 26","259527","48415963","369","74","48416215","369","326"
"Nordsøen 1853 6 27 - Nordsøen 1853 9 22","259528","48416216","369","328","48416468","369","580"
"Nordsøen 1853 9 22 - Nordsøen 1853 12 31","259526","48415846","369","582","48415962","369","698"
"Nordsøen 1853 9 22 - Nordsøen 1853 12 31","259521","48415114","370","4","48415169","370","59"
"Østersøen 1853 1 1 - Østersøen 1853 7 25","259522","48415170","370","61","48415422","370","313"
"Østersøen 1853 7 25 - Østersøen 1853 10 8","259523","48415423","370","315","48415675","370","567"
"Østersøen 1853 10 8 - Østersøen 1853 12 31","259524","48415676","370","569","48415777","370","670"
"Østersøen 1853 10 8 - Østersøen 1854 12 31","259530","48416531","371","4","48416661","371","134"
"Afgiftsfrie fra Nordsøen 1853 1 14 - 12 30","259529","0","371","136","0","371","200"
"Afgiftsfrie fra Østersøen 1853 1 4 - 12 31","259533","0","371","201","0","371","258"
"Nordsøen 1854 1 1 - Nordsøen 1854 6 23","259531","48416662","371","260","48416916","371","514"
"Nordsøen 1854 6 24 - Nordsøen 1854 10 31","259532","48416917","371","516","48417098","371","697"
"Nordsøen 1854 6 24 - Nordsøen 1854 10 31","259536","48417482","372","4","48417554","372","76"
"Nordsøen 1854 11 1 - Nordsøen 1854 12 31","259534","48417155","372","78","48417228","372","151"
"Østersøen 1854 1 1 - Østersøen 1854 7 13","259535","48417229","372","153","48417481","372","405"
"Østersøen 1854 7 14 - Østersøen 1854 11 25","259537","48417555","372","407","48417807","372","659"
"Østersøen 1854 11 26 - Østersøen 1854 12 31","259538","48417808","373","4","48417840","373","47"
"Nordsøen 1854 1 4 - Nordsøen 1854 12 25","259541","48418147","373","49","48418216","373","118"
"Afgiftsfrie fra Østersøen 1854 1 1 - 12 30","259539","0","373","120","0","373","172"
"Nordsøen 1855 1 1 - Nordsøen 1855 7 22","259540","48417894","373","174","48418146","373","426"
"Nordsøen 1855 7 22 - Nordsøen 1855 12 16","259542","48418217","373","428","48418469","373","680"
"Nordsøen 1855 12 16 - Nordsøen 1855 12 31","259543","48418470","374","4","48418483","374","17"
"Østersøen 1855 1 2 - Østersøen 1855 8 20","259544","48418484","374","19","48418736","374","271"
"Østersøen 1855 8 20 - Østersøen 1855 12 31","259547","48418869","374","273","48419090","374","494"
"Afgiftsfrie fra Nordsøen 1855 1 1 - 12 30","259545","0","374","496","0","374","570"
"Afgiftsfrie fra Østersøen 1855 1 1 - 7 30","259546","0","374","572","0","374","628"
"Nordsøen 1856 1 2 - Nordsøen 1856 6 14","259548","48419091","375","4","48419345","375","258"
"Nordsøen 1856 6 14 - Nordsøen 1856 9 15","259549","48419346","375","260","48419588","375","502"
"Nordsøen 1856 9 15 - Nordsøen 1856 12 31","259550","48419589","375","504","48419785","375","700"
"Nordsøen 1856 9 15 - Nordsøen 1856 12 31","259554","48420434","376","4","48420465","376","35"
"Østersøen 1856 1 1 - Østersøen 1856 7 28","259551","48419786","376","37","48420040","376","291"
"Østersøen 1856 7 28 - Østersøen 1856 10 21","259552","48420041","376","293","48420295","376","547"
"Østersøen 1856 10 21 - Østersøen 1856 12 31","259553","48420296","376","549","48420433","376","686"
"Afgiftsfrie fra Nordsøen 1856 1 1 - 12 27","259555","0","377","4","0","377","79"
"Skibslistebøger 1856 1 1 - Skibslistebøger 1856 12 24 (Afgiftsfrie fra Østersøen)","259561","48420788","377","81","48420868","377","161"
"Nordsøen 1857 1 1 - Nordsøen 1857 4 14","259556","48420542","377","163","48420585","377","211"
"Østersøen 1857 1 1 - Østersøen 1857 9 30","259557","48420586","377","213","48420626","377","253"
"Afgiftsfrie fra Nordsøen 1857 1 1 - 3 31","259562","0","377","255","0","377","265"
"Afgiftsfrie fra Østersøen 1857 1 1 - 4 4","259563","0","377","267","0","377","278"
"Østersøen 1856 10 21 - Østersøen 1856 12 31","259560","48420650","377","280","48420787","377","417"
