display_name,city_id,year,legal_capacity_score,merchant_capital_score,agricultural_surplus_score,peasant_mobility_score,noble_extraction_score,conflict_risk_score,trade_access,composite_raw,composite_0_3,notes,has_formal_charter_by_y,charter_withdrawn_by_y,has_townhall_by_y,legal_family,city_status,is_hanseatic,best_fair_category,has_messe_by_y,has_staple,population,pop_growth_50yr,dist_river_km,n_polity_changes_50yr,is_prince_bishop_seat,n_conflicts_50yr,n_major_conflicts_50yr,imputed
Augsburg,23006,1250,1,1,3,1,1,1,0.0,3.3999999999999995,1,—,0,0,0,A06,0,0,0,0,0,16000.0,1.231,196.6,0,0,0,0,True
Augsburg,23006,1300,3,1,3,2,0,0,0.0,7.3,3,imperial city,0,0,0,A06,2,0,0,0,0,19000.0,1.188,196.6,0,0,0,0,True
Augsburg,23006,1350,3,1,2,2,0,1,0.0,6.1000000000000005,3,imperial city,0,0,0,A06,2,0,0,0,0,15500.0,0.816,196.6,0,0,0,0,True
Augsburg,23006,1400,3,1,2,2,0,1,0.0,6.1000000000000005,3,imperial city,0,0,0,A06,2,0,0,0,0,12000.0,0.774,196.6,0,0,0,0,True
Augsburg,23006,1450,3,1,3,2,0,1,0.0,6.8,3,imperial city; pop ≈21k,0,0,0,A06,2,0,0,0,0,21000.0,1.75,196.6,0,0,0,0,True
Augsburg,23006,1500,3,1,3,2,0,1,0.0,6.8,3,imperial city; pop ≈30k,0,0,0,A06,2,0,0,0,0,30000.0,1.429,196.6,0,0,0,0,True
Bamberg,22016,1250,1,1,1,1,2,0,0.0,1.7000000000000002,0,prince-bishop seat,0,0,0,B08,0,0,0,0,0,8000.0,1.0,121.7,0,1,0,0,True
Bamberg,22016,1300,1,1,1,1,2,0,0.0,1.7000000000000002,0,prince-bishop seat,0,0,0,B08,0,0,0,0,0,8000.0,1.0,121.7,0,1,0,0,True
Bamberg,22016,1350,2,2,1,1,2,0,0.0,3.7,2,annual fair (Messe); prince-bishop seat,1,0,0,B08,0,0,0,1,0,6500.0,0.812,121.7,0,1,0,0,True
Bamberg,22016,1400,3,2,1,1,2,0,0.0,4.699999999999999,2,annual fair (Messe); prince-bishop seat,1,0,1,B08,0,0,0,1,0,5000.0,0.769,121.7,0,1,0,0,True
Bamberg,22016,1450,3,2,2,1,2,1,0.0,4.9,2,annual fair (Messe); prince-bishop seat,1,0,1,B08,0,0,0,1,0,6000.0,1.2,121.7,0,1,1,0,True
Bamberg,22016,1500,3,2,2,1,2,0,0.0,5.4,3,annual fair (Messe); prince-bishop seat,1,0,1,B08,0,0,0,1,0,7000.0,1.167,121.7,0,1,0,0,True
Cologne (Köln),14060,1250,3,0,3,2,1,0,0.0,5.5,3,pop ≈42k,1,0,1,K01,0,0,0,0,0,42000.0,1.05,10.8,0,0,0,0,True
Cologne (Köln),14060,1300,3,3,3,3,0,0,0.0,9.9,3,free imperial city; Hanseatic; staple right; pop ≈44k,1,0,1,K01,3,1,0,0,1,44000.0,1.048,10.8,0,0,0,0,True
Cologne (Köln),14060,1350,3,3,3,3,0,0,0.0,9.9,3,free imperial city; Hanseatic; staple right; pop ≈42k,1,0,1,K01,3,1,0,0,1,42000.0,0.955,10.8,0,0,0,0,True
Cologne (Köln),14060,1400,3,3,3,3,0,0,0.0,9.9,3,free imperial city; Hanseatic; staple right; pop ≈40k,1,0,1,K01,3,1,0,0,1,40000.0,0.952,10.8,0,0,0,0,True
Cologne (Köln),14060,1450,3,3,3,3,0,0,0.0,9.9,3,free imperial city; Hanseatic; staple right; pop ≈42k,1,0,1,K01,3,1,0,0,1,42500.0,1.062,10.8,0,0,0,0,True
Cologne (Köln),14060,1500,3,3,3,3,0,0,3.0,12.9,3,free imperial city; Hanseatic; staple right; pop ≈45k,1,0,1,K01,3,1,0,1,1,45000.0,1.059,10.8,0,0,0,0,True
Erfurt,11039,1250,2,0,2,1,2,3,0.0,0.8999999999999999,0,prince-bishop seat; major conflict in window,0,0,1,,0,0,0,0,0,15500.0,1.033,68.2,0,1,1,1,True
Erfurt,11039,1300,2,3,2,1,2,0,3.0,8.4,3,Hanseatic; staple right; prince-bishop seat,0,0,1,,0,1,0,0,1,16000.0,1.032,68.2,0,1,0,0,True
Erfurt,11039,1350,2,3,2,1,2,3,3.0,6.9,3,Hanseatic; interregional fair; staple right; prince-bishop seat; major conflict in window,0,0,1,,0,1,3,1,1,13500.0,0.844,68.2,0,1,2,2,True
Erfurt,11039,1400,2,3,2,1,2,0,3.0,8.4,3,Hanseatic; interregional fair; staple right; prince-bishop seat,0,0,1,,0,1,3,1,1,11000.0,0.815,68.2,0,1,0,0,True
Erfurt,11039,1450,2,3,3,1,2,0,3.0,9.1,3,Hanseatic; interregional fair; staple right; prince-bishop seat,0,0,1,,0,1,3,1,1,15000.0,1.364,68.2,0,1,0,0,True
Erfurt,11039,1500,2,3,3,1,2,0,3.0,9.1,3,Hanseatic; regional fair; staple right; prince-bishop seat,0,0,1,,0,1,2,1,1,19000.0,1.267,68.2,0,1,0,0,True
Frankfurt am Main,15027,1250,1,3,2,1,1,0,0.0,5.2,2,interregional fair,0,0,0,F01,0,0,3,1,0,8500.0,2.125,3.0,0,0,0,0,True
Frankfurt am Main,15027,1300,3,3,3,3,1,0,3.0,12.099999999999998,3,interregional fair,1,0,1,F01,0,0,3,1,0,13000.0,1.529,3.0,0,0,0,0,True
Frankfurt am Main,15027,1350,3,3,2,3,1,0,3.0,11.4,3,interregional fair,1,0,1,F01,0,0,3,1,0,11000.0,0.846,3.0,0,0,0,0,True
Frankfurt am Main,15027,1400,3,3,2,3,0,1,3.0,11.7,3,free imperial city; interregional fair,1,0,1,F01,3,0,3,1,0,9000.0,0.818,3.0,1,0,1,0,True
Frankfurt am Main,15027,1450,3,3,3,3,0,1,3.0,12.4,3,free imperial city; interregional fair,1,0,1,F01,3,0,3,1,0,10500.0,1.167,3.0,0,0,0,0,True
Frankfurt am Main,15027,1500,3,3,3,3,0,0,3.0,12.9,3,free imperial city; interregional fair,1,0,1,F01,3,0,3,1,0,12000.0,1.143,3.0,0,0,0,0,True
Leipzig,9070,1250,3,3,2,3,1,1,0.0,7.899999999999999,3,Magdeburg/Lübeck/Kulm law; interregional fair,1,0,0,M05,0,0,3,0,0,3500.0,1.167,7.7,0,0,0,0,True
Leipzig,9070,1300,3,3,2,3,1,0,2.0,10.4,3,Magdeburg/Lübeck/Kulm law; interregional fair,1,0,0,M05,0,0,3,0,0,4000.0,1.143,7.7,0,0,0,0,True
Leipzig,9070,1350,3,3,2,3,1,0,2.0,10.4,3,Magdeburg/Lübeck/Kulm law; interregional fair,1,0,0,M05,0,0,3,0,0,3500.0,0.875,7.7,0,0,0,0,True
Leipzig,9070,1400,3,3,2,3,1,0,2.0,10.4,3,Magdeburg/Lübeck/Kulm law; interregional fair,1,0,1,M05,0,0,3,0,0,3000.0,0.857,7.7,0,0,0,0,True
Leipzig,9070,1450,3,3,2,3,1,0,2.0,10.4,3,Magdeburg/Lübeck/Kulm law; interregional fair,1,0,1,M05,0,0,3,0,0,5000.0,1.667,7.7,0,0,0,0,True
Leipzig,9070,1500,3,3,2,1,2,0,2.0,8.4,3,Magdeburg/Lübeck/Kulm law; interregional fair,1,0,1,M05,0,0,3,0,0,7000.0,1.4,7.7,1,0,0,0,True
Magdeburg,11094,1250,3,2,2,3,1,1,0.0,6.8999999999999995,3,Magdeburg/Lübeck/Kulm law; regional fair,1,0,0,M05,0,0,2,1,0,15500.0,0.969,2.8,0,0,0,0,True
Magdeburg,11094,1300,3,3,2,3,1,1,2.0,9.9,3,Magdeburg/Lübeck/Kulm law; Hanseatic; regional fair,1,0,1,M05,0,1,2,1,0,15000.0,0.968,2.8,0,0,0,0,True
Magdeburg,11094,1350,3,3,2,3,1,1,3.0,10.9,3,Magdeburg/Lübeck/Kulm law; Hanseatic; regional fair; staple right,1,0,1,M05,0,1,2,1,1,12500.0,0.833,2.8,0,0,0,0,True
Magdeburg,11094,1400,3,3,2,3,1,0,3.0,11.4,3,Magdeburg/Lübeck/Kulm law; Hanseatic; regional fair; staple right,1,0,1,M05,0,1,2,1,1,10000.0,0.8,2.8,0,0,0,0,True
Magdeburg,11094,1450,3,3,3,3,1,0,3.0,12.099999999999998,3,Magdeburg/Lübeck/Kulm law; Hanseatic; regional fair; staple right,1,0,1,M05,0,1,2,1,1,14000.0,1.4,2.8,0,0,0,0,True
Magdeburg,11094,1500,3,3,3,3,1,0,3.0,12.099999999999998,3,Magdeburg/Lübeck/Kulm law; Hanseatic; regional fair; staple right,1,0,1,M05,0,1,2,1,1,18000.0,1.286,2.8,0,0,0,0,True
Nuremberg (Nürnberg),22094,1250,3,2,3,3,1,3,0.0,6.599999999999998,3,annual fair (Messe); major conflict in window,1,0,1,N04,0,0,0,1,0,10500.0,1.5,138.8,0,0,1,1,True
Nuremberg (Nürnberg),22094,1300,3,2,3,3,1,2,2.0,9.099999999999998,3,annual fair (Messe),1,0,1,N04,0,0,0,1,0,14000.0,1.333,138.8,0,0,2,0,True
Nuremberg (Nürnberg),22094,1350,3,2,2,3,1,0,2.0,9.4,3,annual fair (Messe),1,0,1,N04,0,0,0,1,0,10000.0,0.714,138.8,0,0,0,0,True
Nuremberg (Nürnberg),22094,1400,3,2,1,3,1,0,2.0,8.7,3,annual fair (Messe),1,0,1,N04,0,0,0,1,0,6000.0,0.6,138.8,0,0,0,0,True
Nuremberg (Nürnberg),22094,1450,3,2,3,3,0,0,2.0,10.9,3,free imperial city; annual fair (Messe); pop ≈22k,1,0,1,N04,3,0,0,1,0,22000.0,3.667,138.8,1,0,0,0,True
Nuremberg (Nürnberg),22094,1500,3,2,3,3,0,0,2.0,10.9,3,free imperial city; annual fair (Messe); pop ≈38k,1,0,1,N04,3,0,0,1,0,38000.0,1.727,138.8,0,0,0,0,True
Regensburg,23123,1250,3,1,2,2,1,0,0.0,5.800000000000001,3,—,1,0,1,R04,1,0,0,0,0,14000.0,0.875,224.6,0,0,0,0,True
Regensburg,23123,1300,3,1,2,2,1,3,0.0,4.300000000000001,2,major conflict in window,1,0,1,R04,1,0,0,0,0,12000.0,0.857,224.6,0,0,1,1,True
Regensburg,23123,1350,3,1,2,2,1,3,0.0,4.300000000000001,2,major conflict in window,1,0,1,R04,1,0,0,0,0,10000.0,0.833,224.6,0,0,3,1,True
Regensburg,23123,1400,3,1,1,2,1,1,0.0,4.6000000000000005,2,—,1,0,1,R04,1,0,0,0,0,8000.0,0.8,224.6,0,0,0,0,True
Regensburg,23123,1450,3,1,3,2,1,1,0.0,6.0,3,—,1,0,1,R04,1,0,0,0,0,15000.0,1.875,224.6,0,0,0,0,True
Regensburg,23123,1500,3,2,3,3,0,1,0.0,8.399999999999999,3,imperial city; annual fair (Messe); 2 polity transitions in 50y; pop ≈22k,1,0,1,R04,2,0,0,1,0,22000.0,1.467,224.6,2,0,0,0,True
Rothenburg ob der Tauber,22109,1250,3,0,2,2,1,1,0.0,4.300000000000001,2,—,1,0,1,R05,0,0,0,0,0,4000.0,1.333,81.5,0,0,0,0,True
Rothenburg ob der Tauber,22109,1300,3,2,2,3,0,1,0.0,7.699999999999999,3,free imperial city; annual fair (Messe),1,0,1,R05,3,0,0,1,0,5000.0,1.25,81.5,0,0,0,0,True
Rothenburg ob der Tauber,22109,1350,3,2,2,3,0,0,0.0,8.2,3,free imperial city; annual fair (Messe),1,0,1,R05,3,0,0,1,0,5500.0,1.1,81.5,0,0,0,0,True
Rothenburg ob der Tauber,22109,1400,3,2,2,3,0,1,0.0,7.699999999999999,3,free imperial city; annual fair (Messe),1,0,1,R05,3,0,0,1,0,6000.0,1.091,81.5,0,0,0,0,True
Rothenburg ob der Tauber,22109,1450,3,2,1,3,0,3,0.0,6.0,3,free imperial city; annual fair (Messe); major conflict in window,1,0,1,R05,3,0,0,1,0,6000.0,1.0,81.5,0,0,2,1,True
Rothenburg ob der Tauber,22109,1500,3,2,1,3,0,0,0.0,7.5,3,free imperial city; annual fair (Messe),1,0,1,R05,3,0,0,1,0,6000.0,1.0,81.5,0,0,0,0,True
Speyer,18087,1250,3,2,2,3,0,3,0.0,6.699999999999999,3,imperial city; annual fair (Messe); major conflict in window,1,0,0,S04,2,0,0,1,0,8000.0,1.143,9.0,0,0,1,1,True
Speyer,18087,1300,3,2,2,3,0,2,0.0,7.199999999999999,3,imperial city; annual fair (Messe),1,0,0,S04,2,0,0,1,0,9000.0,1.125,9.0,0,0,0,0,True
Speyer,18087,1350,3,2,2,3,0,1,0.0,7.699999999999999,3,imperial city; annual fair (Messe),1,0,1,S04,2,0,0,1,0,7000.0,0.778,9.0,0,0,0,0,True
Speyer,18087,1400,3,2,2,3,0,1,0.0,7.699999999999999,3,imperial city; annual fair (Messe),1,0,1,S04,2,0,0,1,0,5000.0,0.714,9.0,0,0,0,0,True
Speyer,18087,1450,3,2,2,3,0,3,0.0,6.699999999999999,3,imperial city; annual fair (Messe); major conflict in window,1,0,1,S04,2,0,0,1,0,9000.0,1.8,9.0,0,0,1,1,True
Speyer,18087,1500,3,2,3,3,0,2,0.0,7.899999999999999,3,imperial city; annual fair (Messe),1,0,1,S04,2,0,0,1,0,13000.0,1.444,9.0,0,0,0,0,True
Ulm,16085,1250,3,0,2,2,0,1,0.0,5.1000000000000005,2,free imperial city,0,0,0,U01,3,0,0,0,0,4500.0,2.25,151.6,0,0,0,0,True
Ulm,16085,1300,3,1,2,2,0,2,0.0,5.6000000000000005,3,free imperial city,1,0,0,U01,3,0,0,0,0,7000.0,1.556,151.6,0,0,0,0,True
Ulm,16085,1350,3,1,2,2,0,2,0.0,5.6000000000000005,3,free imperial city,1,0,1,U01,3,0,0,0,0,8000.0,1.143,151.6,0,0,0,0,True
Ulm,16085,1400,3,1,2,2,0,2,0.0,5.6000000000000005,3,free imperial city,1,0,1,U01,3,0,0,0,0,9000.0,1.125,151.6,0,0,0,0,True
Ulm,16085,1450,3,2,3,3,0,1,0.0,8.399999999999999,3,free imperial city; annual fair (Messe),1,0,1,U01,3,0,0,1,0,12500.0,1.389,151.6,0,0,0,0,True
Ulm,16085,1500,3,2,3,3,0,1,0.0,8.399999999999999,3,free imperial city; annual fair (Messe),1,0,1,U01,3,0,0,1,0,16000.0,1.28,151.6,0,0,0,0,True
Würzburg,22145,1250,2,2,2,1,2,1,0.0,3.9,2,annual fair (Messe); prince-bishop seat,0,0,1,W04,0,0,0,1,0,6000.0,1.2,52.3,0,1,0,0,True
Würzburg,22145,1300,3,2,2,1,2,3,0.0,3.9,2,annual fair (Messe); prince-bishop seat; major conflict in window,1,0,1,W04,0,0,0,1,0,7000.0,1.167,52.3,0,1,2,1,True
Würzburg,22145,1350,3,2,1,1,2,0,0.0,4.699999999999999,2,annual fair (Messe); prince-bishop seat,1,0,1,W04,0,0,0,1,0,6500.0,0.929,52.3,0,1,0,0,True
Würzburg,22145,1400,3,2,1,1,2,3,0.0,3.1999999999999993,1,annual fair (Messe); prince-bishop seat; major conflict in window,1,0,1,W04,0,0,0,1,0,6000.0,0.923,52.3,0,1,2,1,True
Würzburg,22145,1450,3,2,2,1,2,2,0.0,4.4,2,annual fair (Messe); prince-bishop seat,1,0,1,W04,0,0,0,1,0,6500.0,1.083,52.3,0,1,0,0,True
Würzburg,22145,1500,3,2,2,1,2,1,0.0,4.9,2,annual fair (Messe); prince-bishop seat,1,0,1,W04,0,0,0,1,0,7000.0,1.077,52.3,0,1,0,0,True
