city_id,name,lat,lon,period,pop_T_minus,pop_T,log_pop_T_minus,d_log_pop,predicted_ols,predicted_ar1,predicted_rf,residual_ols
1002,Allenstein,53.783333,20.483334,1400-1500,1000.0,1000.0,6.907755278982137,0.0,-0.10559319795861422,-0.11614815781829646,0.0,0.10559319795861422
1011,Braunsberg,54.38361,19.816668,1400-1500,2000.0,3000.0,7.600902459542082,0.4054651081081637,-0.018777374345638087,-0.19205294451690558,-0.13212549102950505,0.4242424824538018
1013,Danzig,54.350555,18.652779,1400-1500,20000.0,30000.0,9.903487552536127,0.4054651081081655,-0.5060009688417775,-0.44420318798744796,-0.36643560390583246,0.911466076949943
1018,Elbing,54.166668,19.4,1400-1500,5000.0,10000.0,8.517193191416238,0.6931471805599454,-0.2340787071334065,-0.2923936145902297,-0.17093741701730827,0.9272258876933519
1034,Insterburg,54.633335,21.816668,1400-1500,1000.0,1000.0,6.907755278982137,0.0,-0.12055612195834398,-0.11614815781829646,0.014385422953603686,0.12055612195834398
1036,Koenigsberg Pr.,54.710278,20.509445,1400-1500,10000.0,9000.0,9.210340371976184,-0.10536051565782678,-0.35929762430513845,-0.36829840128883884,-0.44282937375072123,0.25393710864731167
1045,Marienwerder,53.735832,18.922222,1400-1500,1000.0,2000.0,6.907755278982137,0.6931471805599454,-0.0033319071885229423,-0.11614815781829646,0.28851400078049133,0.6964790877484683
1074,Tilsit,55.083332,21.883333,1400-1500,1000.0,2000.0,6.907755278982137,0.6931471805599454,-0.15990662648546694,-0.11614815781829646,0.0,0.8530538070454123
2001,Anklam,53.855278,13.692778,1400-1500,1000.0,2000.0,6.907755278982137,0.6931471805599454,-0.06478412184255311,-0.11614815781829646,0.19356875129483253,0.7579313024024985
2009,Greifswald,54.095554,13.379444,1400-1500,5000.0,2000.0,8.517193191416238,-0.916290731874156,-0.2506450803017721,-0.2923936145902297,-0.2760267607339182,-0.6656456515723839
2018,Stralsund,54.313889,13.089723,1400-1500,15000.0,11000.0,9.615805480084347,-0.31015492830383984,-0.36583688163808326,-0.4126998551327632,-0.1323580021463688,0.05568195333424342
3029,Koeslin,54.190277,16.181667,1400-1500,1000.0,3000.0,6.907755278982137,1.0986122886681091,0.013902634059317687,-0.11614815781829646,0.3433691511754056,1.0847096546087913
3030,Kolberg,54.175835,15.574722,1400-1500,4000.0,5000.0,8.294049640102028,0.2231435513142106,-0.22814974955938805,-0.2679577312155148,-0.2759698778348305,0.45129330087359865
3062,Stargard in Pommern,53.336945,15.046667,1400-1500,1000.0,4000.0,6.907755278982137,1.3862943611198908,0.03139257081010205,-0.11614815781829646,0.3391766033667848,1.3549017903097886
3064,Stettin,53.424721,14.555278,1400-1500,4000.0,9000.0,8.294049640102028,0.8109302162163292,-0.20655561353164043,-0.2679577312155148,-0.08778185085832937,1.0174858297479696
3068,Stolp,54.46611,17.030834,1400-1500,1000.0,4000.0,6.907755278982137,1.3862943611198908,-0.02328506470009084,-0.11614815781829646,0.08740242101061746,1.4095794258199816
3078,Wollin,53.843334,14.615556,1400-1500,1000.0,1000.0,6.907755278982137,0.0,0.002943425796457344,-0.11614815781829646,0.08500694992226969,-0.002943425796457344
4015,Guestrow,53.794445,12.175555,1400-1500,1000.0,1000.0,6.907755278982137,0.0,-0.04130330374184288,-0.11614815781829646,0.20255529632916713,0.04130330374184288
4026,Neubrandenburg,53.55722,13.259722,1400-1500,1000.0,2000.0,6.907755278982137,0.6931471805599454,-0.013409798835359421,-0.11614815781829646,0.10256042001420894,0.7065569793953048
4037,Rostock,54.088333,12.135834,1400-1500,13000.0,10000.0,9.472704636443673,-0.2623642644674895,-0.4477807870341235,-0.3970292453148574,-0.07791688990017613,0.185416522566634
4040,Schwerin,53.628334,11.414166,1400-1500,1000.0,3000.0,6.907755278982137,1.0986122886681091,0.05737499158653192,-0.11614815781829646,0.3118152262672227,1.0412372970815773
4051,Wismar,53.891388,11.465834,1400-1500,6000.0,9000.0,8.699514748210191,0.4054651081081655,-0.4339591221903729,-0.31235918505943916,-0.3589027065397876,0.8394242302985384
5011,Flensburg,54.782501,9.4375,1400-1500,2000.0,3000.0,7.600902459542082,0.4054651081081637,0.22523332558423825,-0.19205294451690558,-0.5795913632571319,0.18023178252392547
5019,Husum,54.476387,9.0500002,1400-1500,1000.0,3000.0,6.907755278982137,1.0986122886681091,1.623167382186975,-0.11614815781829646,0.003433163402087841,-0.5245550935188659
5023,Kiel,54.321667,10.137222,1400-1500,1000.0,3000.0,6.907755278982137,1.0986122886681091,-0.003475601182783339,-0.11614815781829646,0.4222683560469412,1.1020878898508926
5024,Krempe,53.837776,9.4872227,1400-1500,1000.0,1000.0,6.907755278982137,0.0,-0.07542646866069647,-0.11614815781829646,0.15119083455258508,0.07542646866069647
5026,Luebeck,53.866112,10.683888,1400-1500,17000.0,25000.0,9.740968623038354,0.38566248081198395,-0.2627837819467871,-0.42640615292189454,0.01004082359660467,0.648446262758771
5034,Oldenburg (Holstein),54.292778,10.888056,1400-1500,1000.0,1000.0,6.907755278982137,0.0,-0.05148124437021151,-0.11614815781829646,0.05118945413768878,0.05148124437021151
5041,Rendsburg,54.306389,9.6630554,1400-1500,1000.0,1000.0,6.907755278982137,0.0,-0.08927316899722815,-0.11614815781829646,0.1964223385772175,0.08927316899722815
5042,Schleswig,54.514721,9.5663891,1400-1500,2000.0,2000.0,7.600902459542082,0.0,1.5593630723361123,-0.19205294451690558,-0.6716615382242188,-1.5593630723361123
5045,Toenning,54.319721,8.9433336,1400-1500,1000.0,2000.0,6.907755278982137,0.6931471805599454,1.618921888132849,-0.11614815781829646,0.00984004120681285,-0.9257747075729037
6001,Hamburg,53.550556,9.9941664,1400-1500,8000.0,30000.0,8.987196820661973,1.3217558399823197,-0.39296882684574697,-0.34386251791412403,-0.4144653758036157,1.7147246668280667
7010,Berlin,52.517502,13.405278,1400-1500,5000.0,9000.0,8.517193191416238,0.5877866649021186,-0.07773637957107726,-0.2923936145902297,-0.2620215241240883,0.6655230444731959
7016,Berlin-Spandau,52.538334,13.205277,1400-1500,1000.0,1000.0,6.907755278982137,0.0,0.12346772392788619,-0.11614815781829646,0.3872068890794614,-0.12346772392788619
7027,Brandenburg,52.408611,12.563334,1400-1500,2000.0,5000.0,7.600902459542082,0.916290731874156,-0.08569576852605487,-0.19205294451690558,-0.60041260620651,1.0019865004002109
7033,Cottbus,51.759167,14.335,1400-1500,2000.0,3000.0,7.600902459542082,0.4054651081081637,-0.22693490566719654,-0.19205294451690558,-0.6066170913727995,0.6324000137753603
7045,Frankfurt (Oder),52.341667,14.550834,1400-1500,3000.0,11000.0,8.006367567650246,1.2992829841302616,-0.1174007007652329,-0.23645439836082993,-0.12212418766665084,1.4166836848954945
7059,Guben,51.953888,14.711945,1400-1500,1000.0,2000.0,6.907755278982137,0.6931471805599454,0.5134133327016902,-0.11614815781829646,0.17279773614950258,0.1797338478582552
7071,Landsberg (Warthe),52.733334,15.233334,1400-1500,1000.0,2000.0,6.907755278982137,0.6931471805599454,0.16210236564220648,-0.11614815781829646,0.1843558933585898,0.5310448149177389
7091,Nauen,52.606945,12.876111,1400-1500,1000.0,1000.0,6.907755278982137,0.0,-0.004483114421382939,-0.11614815781829646,0.11309358311428294,0.004483114421382939
7093,Neu Ruppin,52.923332,12.806389,1400-1500,1000.0,4000.0,6.907755278982137,1.3862943611198908,-0.017134413126951742,-0.11614815781829646,0.10244283254607821,1.4034287742468425
7102,Potsdam,52.400276,13.053333,1400-1500,1000.0,1000.0,6.907755278982137,0.0,-0.04175374231052009,-0.11614815781829646,0.25499452907504583,0.04175374231052009
7104,Prenzlau,53.316666,13.861944,1400-1500,1000.0,1000.0,6.907755278982137,0.0,0.01832837559859879,-0.11614815781829646,0.366220361218531,-0.01832837559859879
7155,Zuellichau,52.083332,15.616667,1400-1500,1000.0,1000.0,6.907755278982137,0.0,1.551842661864781,-0.11614815781829646,0.0,-1.551842661864781
8007,Breslau,51.110001,17.032223,1400-1500,10000.0,25000.0,9.210340371976184,0.9162907318741542,1.3791179556028308,-0.36829840128883884,-0.051798492571624555,-0.4628272237286766
8010,Brieg,50.866665,17.483334,1400-1500,1000.0,2000.0,6.907755278982137,0.6931471805599454,1.7304101868734363,-0.11614815781829646,0.1061356510997941,-1.0372630063134909
8023,Fraustadt,51.799999,16.299999,1400-1500,1000.0,1000.0,6.907755278982137,0.0,1.7756731808490034,-0.11614815781829646,0.020123855703332204,-1.7756731808490034
8031,Glatz,50.433334,16.666666,1400-1500,1000.0,4000.0,6.907755278982137,1.3862943611198908,1.7309025737251176,-0.11614815781829646,0.13903286705988957,-0.3446082126052268
8032,Gleiwitz,50.283333,18.666666,1400-1500,1000.0,1000.0,6.907755278982137,0.0,1.7102065398918869,-0.11614815781829646,0.003758157267643695,-1.7102065398918869
8033,Glogau,51.662498,16.085556,1400-1500,2000.0,9000.0,7.600902459542082,1.5040773967762746,1.5869783145857888,-0.19205294451690558,-0.5992608058718201,-0.08290091780951414
8034,Goerlitz,51.155277,14.987778,1400-1500,8000.0,8000.0,8.987196820661973,0.0,0.8956423266559431,-0.34386251791412403,-0.13385200649075524,-0.8956423266559431
8035,Goldberg in Niederschlesien,51.133335,15.916667,1400-1500,1000.0,1000.0,6.907755278982137,0.0,1.788605959843147,-0.11614815781829646,0.2635233455113503,-1.788605959843147
8050,Hindenburg O.S.,50.299999,18.783333,1400-1500,1000.0,1000.0,6.907755278982137,0.0,1.5765826359033266,-0.11614815781829646,0.006018789854242431,-1.5765826359033266
8051,Hirschberg im Riesengebirge,50.900002,15.733334,1400-1500,1000.0,2000.0,6.907755278982137,0.6931471805599454,1.1068185894990428,-0.11614815781829646,0.0,-0.4136714089390974
8075,Lauban,51.116665,15.3,1400-1500,1000.0,2000.0,6.907755278982137,0.6931471805599454,1.7306289678068174,-0.11614815781829646,0.10157971175256666,-1.037481787246872
8082,Liegnitz,51.208332,16.160278,1400-1500,2000.0,2000.0,7.600902459542082,0.0,1.6752144584629607,-0.19205294451690558,-0.17209823514050804,-1.6752144584629607
8096,Neisse,50.483334,17.333334,1400-1500,4000.0,5000.0,8.294049640102028,0.2231435513142106,1.4620465740598114,-0.2679577312155148,-0.003847240743968881,-1.2389030227456008
8109,Oppeln,50.666668,17.933332,1400-1500,1000.0,4000.0,6.907755278982137,1.3862943611198908,1.6968717828521298,-0.11614815781829646,0.09407296411220802,-0.310577421732239
8133,Sagan,51.616665,15.316667,1400-1500,1000.0,2000.0,6.907755278982137,0.6931471805599454,1.6473183885464449,-0.11614815781829646,0.0,-0.9541712079864995
8142,Schweidnitz,50.849998,16.483334,1400-1500,1000.0,2000.0,6.907755278982137,0.6931471805599454,1.2194909284034907,-0.11614815781829646,0.26355057005277943,-0.5263437478435453
8160,Waldenburg (Schles.),50.764999,16.281111,1400-1500,1000.0,1000.0,6.907755278982137,0.0,1.010289590297645,-0.11614815781829646,0.0,-1.010289590297645
9008,Bautzen,51.180832,14.4275,1400-1500,5000.0,5000.0,8.517193191416238,0.0,1.4576254335548,-0.2923936145902297,0.09509595331623136,-1.4576254335548
9017,Chemnitz,50.832222,12.924167,1400-1500,1000.0,3000.0,6.907755278982137,1.0986122886681091,-0.13918303390858933,-0.11614815781829646,0.036599734581069236,1.2377953225766984
9023,Doebeln,51.119999,13.114722,1400-1500,1000.0,2000.0,6.907755278982137,0.6931471805599454,-0.1368016316911238,-0.11614815781829646,0.13608872069559075,0.8299488122510692
9025,Dresden,51.051666,13.736667,1400-1500,4000.0,5000.0,8.294049640102028,0.2231435513142106,-0.3809539218676965,-0.2679577312155148,-0.1665494090963729,0.6040974731819071
9035,Frankenberg/Sa,50.91,13.030556,1400-1500,1000.0,1000.0,6.907755278982137,0.0,-0.14706483608065568,-0.11614815781829646,0.0,0.14706483608065568
9037,Freiberg,50.914722,13.344167,1400-1500,4000.0,8000.0,8.294049640102028,0.6931471805599454,-0.2796268238309352,-0.2679577312155148,-0.08663198710812466,0.9727740043908806
9045,Glauchau,50.81778,12.542222,1400-1500,1000.0,1000.0,6.907755278982137,0.0,-0.14480776918733995,-0.11614815781829646,0.0,0.14480776918733995
9047,Grimma,51.235279,12.726944,1400-1500,1000.0,2000.0,6.907755278982137,0.6931471805599454,0.01507734517311965,-0.11614815781829646,0.37180082342573173,0.6780698353868257
9049,Grossenhain,51.291943,13.530278,1400-1500,1000.0,2000.0,6.907755278982137,0.6931471805599454,-0.18703103239270602,-0.11614815781829646,0.03520999845557296,0.8801782129526514
9070,Leipzig,51.340557,12.375,1400-1500,3000.0,7000.0,8.006367567650246,0.8472978603872043,-0.17484356238212317,-0.23645439836082993,0.08481083719230588,1.0221414227693275
9082,Marienberg i. S.,50.65139,13.159722,1400-1500,1000.0,3000.0,6.907755278982137,1.0986122886681091,-0.1349031818229287,-0.11614815781829646,0.0004641610584106777,1.2335154704910378
9087,Meissen,51.159721,13.468611,1400-1500,1000.0,2000.0,6.907755278982137,0.6931471805599454,-0.13746891654198312,-0.11614815781829646,0.04074411104700089,0.8306160971019285
9088,Mittweida,50.986668,12.975833,1400-1500,1000.0,3000.0,6.907755278982137,1.0986122886681091,-0.1387611342657702,-0.11614815781829646,0.003557411220449115,1.2373734229338793
9113,Pirna,50.960556,13.938889,1400-1500,1000.0,1000.0,6.907755278982137,0.0,1.732752882292421,-0.11614815781829646,0.2727948240851816,-1.732752882292421
9115,Plauen,50.495834,12.135278,1400-1500,1000.0,1000.0,6.907755278982137,0.0,1.6303915895699355,-0.11614815781829646,0.0,-1.6303915895699355
9122,Reichenbach i. V.,50.621666,12.302778,1400-1500,1000.0,1000.0,6.907755278982137,0.0,1.4700951856675477,-0.11614815781829646,0.10610117765053573,-1.4700951856675477
9133,Schneeberg,50.595001,12.640555,1400-1500,1000.0,2000.0,6.907755278982137,0.6931471805599454,-0.12737979780838904,-0.11614815781829646,0.0004641610584106777,0.8205269783683344
9159,Zittau,50.896111,14.806111,1400-1500,5000.0,5000.0,8.517193191416238,0.0,1.3587096228247737,-0.2923936145902297,-0.4152932445052361,-1.3587096228247737
9163,Zwickau,50.718887,12.492222,1400-1500,2000.0,4000.0,7.600902459542082,0.6931471805599454,-0.05422519974555384,-0.19205294451690558,-0.4441321011706456,0.7473723803054992
10002,Altenburg,50.986946,12.437222,1400-1500,3000.0,3000.0,8.006367567650246,0.0,-0.2723661519208407,-0.23645439836082993,-0.03905196374788383,0.2723661519208407
10019,Eisenach,50.977222,10.322222,1400-1500,1000.0,4000.0,6.907755278982137,1.3862943611198908,-0.09914219471698771,-0.11614815781829646,0.18812059132562023,1.4854365558368785
10028,Gotha,50.948612,10.703333,1400-1500,3000.0,3000.0,8.006367567650246,0.0,-0.1878077164827694,-0.23645439836082993,-0.34539400657718916,0.1878077164827694
10039,Jena,50.93,11.591666,1400-1500,1000.0,1000.0,6.907755278982137,0.0,-0.031552954080380946,-0.11614815781829646,0.4347785941727284,0.031552954080380946
10053,Meiningen,50.57111,10.419444,1400-1500,1000.0,2000.0,6.907755278982137,0.6931471805599454,-0.10678626707758965,-0.11614815781829646,0.2580964046715976,0.799933447637535
10098,Weimar,50.980556,11.329722,1400-1500,1000.0,2000.0,6.907755278982137,0.6931471805599454,-0.025486702825299634,-0.11614815781829646,0.39358431729711185,0.718633883385245
11008,Aschersleben,51.755833,11.455,1400-1500,1000.0,1000.0,6.907755278982137,0.0,-0.12148370121720142,-0.11614815781829646,0.24964261940099644,0.12148370121720142
11013,Bernburg,51.794167,11.736944,1400-1500,1000.0,3000.0,6.907755278982137,1.0986122886681091,0.0031162475264870926,-0.11614815781829646,0.3605138766775174,1.095496041141622
11020,Burg b. M.,52.269722,11.854722,1400-1500,1000.0,2000.0,6.907755278982137,0.6931471805599454,-0.07440592734062745,-0.11614815781829646,0.18885591470746907,0.7675531079005729
11028,Dessau,51.830833,12.241667,1400-1500,1000.0,2000.0,6.907755278982137,0.6931471805599454,-0.16068238527822576,-0.11614815781829646,0.13848223193063242,0.8538295658381712
11034,Eilenburg,51.459999,12.633333,1400-1500,1000.0,1000.0,6.907755278982137,0.0,0.3966596408866616,-0.11614815781829646,0.18333037614605469,-0.3966596408866616
11035,Eisleben,51.528332,11.547778,1400-1500,4000.0,9000.0,8.294049640102028,0.8109302162163292,-0.4374368978111056,-0.2679577312155148,-0.3126945101960673,1.2483671140274348
11039,Erfurt,50.976944,11.027223,1400-1500,11000.0,19000.0,9.305650551780507,0.5465437063680696,-0.4534426950499695,-0.37873557692938475,-0.38428673312503137,0.9999864014180391
11058,Halberstadt,51.896111,11.047222,1400-1500,4000.0,10000.0,8.294049640102028,0.916290731874156,-0.24829950207622664,-0.2679577312155148,-0.1935366998233204,1.1645902339503826
11060,Halle a. d. S.,51.482224,11.970555,1400-1500,3000.0,7000.0,8.006367567650246,0.8472978603872043,-0.2406236008707452,-0.23645439836082993,-0.28199584554079893,1.0879214612579495
11081,Koethen,51.75111,11.973333,1400-1500,1000.0,1000.0,6.907755278982137,0.0,-0.19271911944685138,-0.11614815781829646,0.1530758835833345,0.19271911944685138
11084,Langensalza,51.106667,10.649445,1400-1500,5000.0,4000.0,8.517193191416238,-0.2231435513142106,-0.26326018542577256,-0.2923936145902297,-0.4327013971960493,0.040116634111561966
11094,Magdeburg,52.12611,11.6325,1400-1500,10000.0,18000.0,9.210340371976184,0.5877866649021186,-0.3732865427558496,-0.36829840128883884,-0.40795931325549867,0.9610732076579682
11096,Merseburg,51.358055,11.992778,1400-1500,3000.0,5000.0,8.006367567650246,0.5108256237659923,-0.37308439759969847,-0.23645439836082993,0.01832098918223905,0.8839100213656907
11101,Naumburg (Saale),51.151943,11.809722,1400-1500,1000.0,5000.0,6.907755278982137,1.6094379124341014,-0.001413153542603518,-0.11614815781829646,0.3710809575935022,1.6108510659767048
11104,Nordhausen,51.500278,10.791389,1400-1500,3000.0,6000.0,8.006367567650246,0.6931471805599454,0.007548304146233198,-0.23645439836082993,0.06515735114590966,0.6855988764137122
11114,Quedlinburg,51.789165,11.143888,1400-1500,2000.0,5000.0,7.600902459542082,0.916290731874156,-0.14189281241195117,-0.19205294451690558,-0.5218752883874699,1.0581835442861072
11121,Salzwedel,52.852779,11.153334,1400-1500,2000.0,5000.0,7.600902459542082,0.916290731874156,-0.1292869693588763,-0.19205294451690558,-0.5134814809589698,1.0455777012330323
11145,Stendal,52.605,11.859167,1400-1500,6000.0,6000.0,8.699514748210191,0.0,-0.2931253309057078,-0.31235918505943916,-0.09864100524125836,0.2931253309057078
11148,Suhl,50.609444,10.686666,1400-1500,1000.0,2000.0,6.907755278982137,0.6931471805599454,-0.1671364565634781,-0.11614815781829646,0.022869797488460405,0.8602836371234235
11155,Torgau,51.558334,13.004167,1400-1500,2000.0,3000.0,7.600902459542082,0.4054651081081637,-0.1659275283914854,-0.19205294451690558,-0.5492148257744206,0.5713926364996491
11161,Weissenfels,51.200554,11.97,1400-1500,1000.0,1000.0,6.907755278982137,0.0,-0.08673367494674622,-0.11614815781829646,0.17617500800853,0.08673367494674622
11167,Wittenberg,51.866943,12.645278,1400-1500,2000.0,2000.0,7.600902459542082,0.0,-0.16434815483405596,-0.19205294451690558,-0.6551919752581057,0.16434815483405596
11172,Zeitz,51.050278,12.134444,1400-1500,1000.0,2000.0,6.907755278982137,0.6931471805599454,0.014593448441130974,-0.11614815781829646,0.42555294894039425,0.6785537321188144
11173,Zerbst,51.96389,12.085278,1400-1500,5000.0,6000.0,8.517193191416238,0.18232155679395312,-0.27474352420189807,-0.2923936145902297,0.010773053936871564,0.4570650809958512
12016,Braunschweig,52.262222,10.520278,1400-1500,18000.0,18000.0,9.798127036878302,0.0,-0.5118543363470973,-0.43266542560197285,-0.3819517558070869,0.5118543363470973
12017,Bremen,53.075832,8.8072224,1400-1500,7000.0,18000.0,8.85366542803745,0.944461608840852,-0.3824394538194238,-0.32923983436436943,-0.2932386197054802,1.3269010626602757
12024,Celle,52.62611,10.080556,1400-1500,1000.0,1000.0,6.907755278982137,0.0,-0.002033969616205278,-0.11614815781829646,0.3533037367337506,0.002033969616205278
12033,Einbeck,51.816387,9.8658333,1400-1500,3000.0,7000.0,8.006367567650246,0.8472978603872043,-0.2748583649183043,-0.23645439836082993,-0.09908941981301204,1.1221562253055086
12037,Emden,53.370556,7.2058334,1400-1500,2000.0,5000.0,7.600902459542082,0.916290731874156,-0.28988396142882933,-0.19205294451690558,-0.6700316922870505,1.2061746933029853
12048,Goettingen,51.532776,9.9350004,1400-1500,5000.0,7000.0,8.517193191416238,0.33647223662121206,-0.30349234149424054,-0.2923936145902297,-0.3375461765801158,0.6399645781154526
12049,Goslar,51.906387,10.428889,1400-1500,6000.0,12000.0,8.699514748210191,0.6931471805599454,-0.14703756343517171,-0.31235918505943916,-0.10925911470950377,0.8401847439951171
12052,Hameln,52.104168,9.3561115,1400-1500,1000.0,1000.0,6.907755278982137,0.0,-0.0791717580139426,-0.11614815781829646,0.36840547896537573,0.0791717580139426
12053,Hannover,52.371387,9.7366667,1400-1500,5000.0,6000.0,8.517193191416238,0.18232155679395312,-0.3484712514005719,-0.2923936145902297,-0.00715225406970563,0.530792808194525
12059,Helmstedt,52.227501,11.010278,1400-1500,1000.0,2000.0,6.907755278982137,0.6931471805599454,-0.15357713844484966,-0.11614815781829646,0.24742046193275238,0.8467243190047951
12062,Hildesheim,52.152779,9.9513893,1400-1500,6000.0,10000.0,8.699514748210191,0.5108256237659923,-0.39700845951521435,-0.31235918505943916,-0.43148004282470254,0.9078340832812066
12071,Leer,53.229443,7.4513888,1400-1500,1000.0,3000.0,6.907755278982137,1.0986122886681091,-0.22246056778217205,-0.11614815781829646,0.15205500576870062,1.3210728564502812
12076,Lueneburg,53.24889,10.408611,1400-1500,5000.0,12000.0,8.517193191416238,0.8754687373538985,-0.007151099559223217,-0.2923936145902297,-0.1992058865121001,0.8826198369131217
12085,Norden,53.594723,7.2022223,1400-1500,1000.0,2000.0,6.907755278982137,0.6931471805599454,-0.1703951561331134,-0.11614815781829646,0.0,0.8635423366930588
12091,Oldenburg,53.143055,8.2127781,1400-1500,2000.0,2000.0,7.600902459542082,0.0,-0.21175212627526685,-0.19205294451690558,-0.3759063926764541,0.21175212627526685
12092,Osnabrueck,52.276669,8.0436115,1400-1500,5000.0,6000.0,8.517193191416238,0.18232155679395312,-0.4106753341364564,-0.2923936145902297,-0.4254483024317687,0.5929968909304095
12109,Salzgitter,52.046665,10.371944,1400-1500,1000.0,1000.0,6.907755278982137,0.0,-0.13363213249546013,-0.11614815781829646,0.1982170143595546,0.13363213249546013
12118,Stade,53.601112,9.4758329,1400-1500,1000.0,2000.0,6.907755278982137,0.6931471805599454,-0.07551760372216054,-0.11614815781829646,0.33574619985955145,0.7686647842821059
12127,Verden,52.923332,9.2308331,1400-1500,1000.0,2000.0,6.907755278982137,0.6931471805599454,-0.08100063502460797,-0.11614815781829646,0.358394221668008,0.7741478155845534
12138,Wolfenbuettel,52.162777,10.536111,1400-1500,1000.0,2000.0,6.907755278982137,0.6931471805599454,-0.19114905025311635,-0.11614815781829646,0.03595088467103658,0.8842962308130617
13009,Beckum,51.755554,8.0424995,1400-1500,1000.0,1000.0,6.907755278982137,0.0,-0.037540379656247236,-0.11614815781829646,0.36055634234075584,0.037540379656247236
13014,Bielefeld,52.020557,8.5319443,1400-1500,1000.0,2000.0,6.907755278982137,0.6931471805599454,-0.1443094501079818,-0.11614815781829646,0.22490858587441453,0.8374566306679272
13019,Bochum,51.482498,7.2169442,1400-1500,1000.0,1000.0,6.907755278982137,0.0,-0.17490698368499458,-0.11614815781829646,0.09491855547964193,0.17490698368499458
13025,Bottrop,51.523613,6.9297223,1400-1500,1000.0,1000.0,6.907755278982137,0.0,-0.1680040910379439,-0.11614815781829646,0.00045775512027837885,0.1680040910379439
13034,Coesfeld,51.944721,7.1666665,1400-1500,1000.0,1000.0,6.907755278982137,0.0,-0.12310815541621412,-0.11614815781829646,0.24935380807576313,0.12310815541621412
13039,Dortmund,51.514168,7.4638891,1400-1500,9000.0,8000.0,9.104979856318357,-0.11778303565638382,-0.13229647441962888,-0.3567606389033636,0.029844354911871367,0.014513438763245068
13067,Hamm,51.678055,7.8169446,1400-1500,2000.0,2000.0,7.600902459542082,0.0,-0.13565080931351603,-0.19205294451690558,-0.5158740765658751,0.13565080931351603
13069,Hattingen,51.398888,7.1838889,1400-1500,1000.0,1000.0,6.907755278982137,0.0,-0.07351591426825621,-0.11614815781829646,0.08271801943026977,0.07351591426825621
13073,Herford,52.115555,8.6733332,1400-1500,2000.0,2000.0,7.600902459542082,0.0,-0.054610859059102124,-0.19205294451690558,-0.09312123880807865,0.054610859059102124
13082,Ibbenbueren,52.275276,7.7147222,1400-1500,1000.0,1000.0,6.907755278982137,0.0,-0.18303250575915642,-0.11614815781829646,0.018838371914270905,0.18303250575915642
13083,Iserlohn,51.374443,7.6991668,1400-1500,1000.0,2000.0,6.907755278982137,0.6931471805599454,-0.09115280156396977,-0.11614815781829646,0.18088943376084735,0.7842999821239152
13094,Lippstadt,51.671391,8.3466663,1400-1500,1000.0,3000.0,6.907755278982137,1.0986122886681091,-0.02531770389521215,-0.11614815781829646,0.26256911195463667,1.1239299925633213
13104,Minden,52.288055,8.914444,1400-1500,2000.0,4000.0,7.600902459542082,0.6931471805599454,-0.27390997137822515,-0.19205294451690558,-0.5091878512994762,0.9670571519381705
13105,Muenster,51.961666,7.6266665,1400-1500,11000.0,10000.0,9.305650551780507,-0.09531017980432388,-0.5279053347692293,-0.37873557692938475,-0.4169076320632603,0.4325951549649054
13117,Paderborn,51.719444,8.7572222,1400-1500,4000.0,4000.0,8.294049640102028,0.0,-0.37046297875885736,-0.2679577312155148,-0.42170101106390967,0.37046297875885736
13123,Recklinghausen,51.614445,7.1975002,1400-1500,1000.0,1000.0,6.907755278982137,0.0,-0.04338971413956094,-0.11614815781829646,0.41436970408378615,0.04338971413956094
13125,Rheine,52.279167,7.438611,1400-1500,1000.0,1000.0,6.907755278982137,0.0,-0.1112684468374674,-0.11614815781829646,0.3121385975332501,0.1112684468374674
13137,Siegen,50.874443,8.0244446,1400-1500,2000.0,3000.0,7.600902459542082,0.4054651081081637,-0.2777783057493364,-0.19205294451690558,-0.5344691336979916,0.6832434138575001
13138,Soest,51.572498,8.1061115,1400-1500,8000.0,10000.0,8.987196820661973,0.2231435513142106,-0.43234336988765953,-0.34386251791412403,-0.49483687452181657,0.6554869212018701
13143,Unna,51.534721,7.6897221,1400-1500,1000.0,3000.0,6.907755278982137,1.0986122886681091,-0.049054350912604905,-0.11614815781829646,0.4234721152120268,1.147666639580714
13150,Warburg,51.488888,9.145833,1400-1500,1000.0,2000.0,6.907755278982137,0.6931471805599454,-0.11051777494234183,-0.11614815781829646,0.22585190683928563,0.8036649555022872
14001,Aachen,50.773335,6.084722,1400-1500,10000.0,18000.0,9.210340371976184,0.5877866649021186,-0.18467821621623304,-0.36829840128883884,-0.1736631640118578,0.7724648811183517
14012,Bonn,50.734165,7.0991669,1400-1500,3000.0,3000.0,8.006367567650246,0.0,-0.26435131724401106,-0.23645439836082993,-0.2793533262417554,0.26435131724401106
14018,Dueren,50.801666,6.4827776,1400-1500,2000.0,3000.0,7.600902459542082,0.4054651081081637,-0.21644703221561756,-0.19205294451690558,-0.648023131767576,0.6219121403237813
14019,Duesseldorf,51.224167,6.7800002,1400-1500,2000.0,2000.0,7.600902459542082,0.0,-0.20953217772341715,-0.19205294451690558,-0.5343041924067757,0.20953217772341715
14022,Duisburg,51.433056,6.7652779,1400-1500,1000.0,2000.0,6.907755278982137,0.6931471805599454,-0.023820190003975172,-0.11614815781829646,0.4272710703842828,0.7169673705639206
14026,Emmerich,51.83139,6.2424998,1400-1500,2000.0,4000.0,7.600902459542082,0.6931471805599454,-0.242447982539854,-0.19205294451690558,-0.5923423041052983,0.9355951630997994
14028,Eschweiler,50.817223,6.2666669,1400-1500,1000.0,1000.0,6.907755278982137,0.0,-0.17428703407248092,-0.11614815781829646,0.019593685463118137,0.17428703407248092
14029,Essen,51.455833,7.0124998,1400-1500,3000.0,3000.0,8.006367567650246,0.0,-0.3134838126123005,-0.23645439836082993,-0.3456960321990195,0.3134838126123005
14031,Essen-Werden,51.388332,7.0091667,1400-1500,1000.0,2000.0,6.907755278982137,0.6931471805599454,-0.17623784544416488,-0.11614815781829646,0.03166737215116822,0.8693850260041103
14048,Hueckeswagen,51.148335,7.334722,1400-1500,1000.0,2000.0,6.907755278982137,0.6931471805599454,-0.15411607448823217,-0.11614815781829646,0.0,0.8472632550481776
14059,Kleve,51.787777,6.1386113,1400-1500,1000.0,4000.0,6.907755278982137,1.3862943611198908,-0.07059469199233748,-0.11614815781829646,0.07272045896794449,1.4568890531122283
14060,Koeln,50.938057,6.9569445,1400-1500,40000.0,45000.0,10.596634733096073,0.11778303565638382,-0.31608532829517366,-0.5201079746860571,-0.07529112348993587,0.4338683639515575
14064,Koenigswinter,50.676666,7.1913891,1400-1500,3000.0,2000.0,8.006367567650246,-0.4054651081081637,-0.32436741395585256,-0.23645439836082993,0.020357804515070584,-0.08109769415231116
14070,Leverkusen,51.028057,6.9944444,1400-1500,1000.0,2000.0,6.907755278982137,0.6931471805599454,-0.15937676957672609,-0.11614815781829646,0.00045775512027837885,0.8525239501366715
14073,Mettmann,51.251667,6.978611,1400-1500,1000.0,3000.0,6.907755278982137,1.0986122886681091,-0.1715206740406714,-0.11614815781829646,0.0344556950566555,1.2701329627087805
14077,Muelheim a. d. Ruhr,51.43111,6.8797221,1400-1500,1000.0,1000.0,6.907755278982137,0.0,-0.1469066510133945,-0.11614815781829646,0.08192675940126548,0.1469066510133945
14079,Neuss,51.198612,6.6913891,1400-1500,2000.0,2000.0,7.600902459542082,0.0,-0.24726449220908364,-0.19205294451690558,-0.5230630669880104,0.24726449220908364
14088,Radevormwald,51.203335,7.355,1400-1500,1000.0,1000.0,6.907755278982137,0.0,-0.048403372927659616,-0.11614815781829646,0.00658085207264686,0.048403372927659616
14091,Remscheid,51.179722,7.1941667,1400-1500,1000.0,1000.0,6.907755278982137,0.0,-0.1408921918352315,-0.11614815781829646,0.0028901761903704862,0.1408921918352315
14097,Rheydt,51.165833,6.4411111,1400-1500,1000.0,1000.0,6.907755278982137,0.0,-0.17338916261200943,-0.11614815781829646,0.03164283401873982,0.17338916261200943
14100,Solingen,51.171391,7.082778,1400-1500,1000.0,1000.0,6.907755278982137,0.0,-0.1269751430584598,-0.11614815781829646,0.05761904871599225,0.1269751430584598
14104,Velbert,51.34,7.041389,1400-1500,1000.0,1000.0,6.907755278982137,0.0,-0.17365771803938412,-0.11614815781829646,0.0344556950566555,0.17365771803938412
14105,Viersen,51.252777,6.3933334,1400-1500,1000.0,2000.0,6.907755278982137,0.6931471805599454,-0.12609347345819377,-0.11614815781829646,0.00045775512027837885,0.8192406540181392
14107,Wesel,51.657223,6.6172223,1400-1500,6000.0,6000.0,8.699514748210191,0.0,-0.26626683642816995,-0.31235918505943916,0.021214688116372508,0.26626683642816995
14110,Wuelfrath,51.280834,7.0330558,1400-1500,1000.0,1000.0,6.907755278982137,0.0,-0.15768199627523316,-0.11614815781829646,0.0,0.15768199627523316
14113,Wuppertal-Barmen,51.271946,7.1999998,1400-1500,1000.0,1000.0,6.907755278982137,0.0,-0.15608091283218406,-0.11614815781829646,0.0,0.15608091283218406
14115,Wuppertal-Cronenberg,51.205276,7.1302776,1400-1500,1000.0,2000.0,6.907755278982137,0.6931471805599454,-0.12141262632016736,-0.11614815781829646,0.0,0.8145598068801128
14116,Wuppertal-Elberfeld,51.256111,7.1475,1400-1500,1000.0,1000.0,6.907755278982137,0.0,-0.1111603364410847,-0.11614815781829646,0.037081439889606355,0.1111603364410847
15015,Darmstadt,49.873055,8.6563892,1400-1500,1000.0,1000.0,6.907755278982137,0.0,-0.062035690382096886,-0.11614815781829646,0.043328837881087344,0.062035690382096886
15027,Frankfurt,50.110832,8.6822224,1400-1500,9000.0,12000.0,9.104979856318357,0.2876820724517799,-0.047807664213610934,-0.3567606389033636,-0.13284145887742538,0.33548973666539084
15036,Fulda,50.553055,9.6750002,1400-1500,2000.0,4000.0,7.600902459542082,0.6931471805599454,-0.23212982277426675,-0.19205294451690558,-0.6634545767559332,0.9252770033342121
15043,Giessen,50.586113,8.6747227,1400-1500,1000.0,2000.0,6.907755278982137,0.6931471805599454,-0.007414481395553341,-0.11614815781829646,0.004097907070999621,0.7005616619554987
15055,Hanau,50.135555,8.915,1400-1500,1000.0,1000.0,6.907755278982137,0.0,-0.09757283154849672,-0.11614815781829646,0.1443297681716535,0.09757283154849672
15061,Hersfeld,50.867779,9.7058334,1400-1500,1000.0,2000.0,6.907755278982137,0.6931471805599454,0.008238068838072654,-0.11614815781829646,0.32827607105378254,0.6849091117218727
15075,Kassel,51.314445,9.4949999,1400-1500,2000.0,4000.0,7.600902459542082,0.6931471805599454,-0.14213913434930148,-0.19205294451690558,-0.38547655819229376,0.8352863149092469
15092,Marburg,50.807499,8.7722225,1400-1500,1000.0,2000.0,6.907755278982137,0.6931471805599454,-0.017236088235762503,-0.11614815781829646,0.1324021216255338,0.7103832687957079
15106,Offenbach,50.105556,8.7641668,1400-1500,1000.0,1000.0,6.907755278982137,0.0,-0.18304818996194672,-0.11614815781829646,0.025315551658848006,0.18304818996194672
15150,Wetzlar,50.554165,8.5008335,1400-1500,4000.0,2000.0,8.294049640102028,-0.6931471805599454,1.6907397549812069,-0.2679577312155148,0.05204176689661187,-2.3838869355411525
15151,Wiesbaden,50.081665,8.2388887,1400-1500,1000.0,1000.0,6.907755278982137,0.0,-0.22078131716671434,-0.11614815781829646,0.27271276075899115,0.22078131716671434
16017,Esslingen/Neckar,48.741112,9.3094444,1400-1500,10000.0,7000.0,9.210340371976184,-0.35667494393873334,-0.0736343091263938,-0.36829840128883884,-0.16214690518462482,-0.28304063481233954
16026,Goeppingen,48.703056,9.6538887,1400-1500,1000.0,1000.0,6.907755278982137,0.0,-0.142594967422923,-0.11614815781829646,0.0,0.142594967422923
16033,Heilbronn,49.140278,9.2177782,1400-1500,6000.0,6000.0,8.699514748210191,0.0,-0.028032839986835922,-0.31235918505943916,0.028038541830989708,0.028032839986835922
16074,Schorndorf,48.805279,9.5249996,1400-1500,1000.0,3000.0,6.907755278982137,1.0986122886681091,-0.08329028597159138,-0.11614815781829646,0.11725777657380392,1.1819025746397005
16075,Schwaebisch Gmuend,48.801945,9.7961111,1400-1500,1000.0,1000.0,6.907755278982137,0.0,0.013449669713971768,-0.11614815781829646,0.3455743584757056,-0.013449669713971768
16076,Schwaebisch Hall,49.111389,9.7397223,1400-1500,6000.0,6000.0,8.699514748210191,0.0,-0.13760454173116976,-0.31235918505943916,-0.0905171928645484,0.13760454173116976
16081,Stuttgart,48.775555,9.1774998,1400-1500,4000.0,6000.0,8.294049640102028,0.4054651081081637,-0.23021427791041527,-0.2679577312155148,-0.32101966842957735,0.635679386018579
16085,Ulm,48.398335,9.9902782,1400-1500,9000.0,16000.0,9.104979856318357,0.5753641449035616,-0.07593807041963108,-0.3567606389033636,0.005217760939953191,0.6513022153231927
17006,Biberach,48.098057,9.7883329,1400-1500,1000.0,3000.0,6.907755278982137,1.0986122886681091,0.22731588215393428,-0.11614815781829646,0.3375154112450023,0.8712964065141748
17041,Ravensburg,47.783611,9.6149998,1400-1500,3000.0,5000.0,8.006367567650246,0.5108256237659923,0.054867341679850634,-0.23645439836082993,0.22892451898210786,0.45595828208614164
17042,Reutlingen,48.491943,9.2119446,1400-1500,3000.0,5000.0,8.006367567650246,0.5108256237659923,-0.030834585052742947,-0.23645439836082993,0.09899361729065553,0.5416602088187352
17045,Rottenburg,48.479443,8.936389,1400-1500,4000.0,3000.0,8.294049640102028,-0.2876820724517817,-0.27020257840699524,-0.2679577312155148,-0.3276654710021166,-0.017479494044786437
17061,Tuebingen,48.521946,9.0577774,1400-1500,1000.0,4000.0,6.907755278982137,1.3862943611198908,-0.09482210733058771,-0.11614815781829646,0.11769099356165387,1.4811164684504785
18005,Andernach,50.439445,7.3983335,1400-1500,2000.0,3000.0,7.600902459542082,0.4054651081081637,-0.07233580604102419,-0.19205294451690558,-0.3997265379831136,0.4778009141491879
18010,Bad Kreuznach,49.844444,7.8616667,1400-1500,2000.0,3000.0,7.600902459542082,0.4054651081081637,-0.13250624274859435,-0.19205294451690558,-0.6009780442726443,0.5379713508567581
18017,Bingen,49.968334,7.896389,1400-1500,1000.0,1000.0,6.907755278982137,0.0,-0.18510461637182396,-0.11614815781829646,0.11808790490294431,0.18510461637182396
18039,Kaiserslautern,49.443611,7.77,1400-1500,1000.0,2000.0,6.907755278982137,0.6931471805599454,0.11918249223333799,-0.11614815781829646,0.3492173910676234,0.5739646883266074
18045,Koblenz,50.360001,7.5925002,1400-1500,2000.0,1000.0,7.600902459542082,-0.6931471805599454,-0.09650461647949515,-0.19205294451690558,-0.4256983993166424,-0.5966425640804502
18051,Landau,49.196388,8.1122227,1400-1500,1000.0,2000.0,6.907755278982137,0.6931471805599454,0.2493148438575461,-0.11614815781829646,0.2993732710275731,0.4438323367023993
18058,Mainz,50.001945,8.2716665,1400-1500,9000.0,6000.0,9.104979856318357,-0.4054651081081655,-0.2945173704066564,-0.3567606389033636,-0.3099099342872641,-0.11094773770150912
18067,Neuwied,50.42889,7.4594445,1400-1500,1000.0,1000.0,6.907755278982137,0.0,-0.16413582228033818,-0.11614815781829646,0.02168976132052396,0.16413582228033818
18073,Oppenheim,49.848888,8.3561115,1400-1500,2000.0,4000.0,7.600902459542082,0.6931471805599454,-0.15976275101043136,-0.19205294451690558,-0.5921125014141873,0.8529099315703768
18076,Pirmasens,49.197224,7.6080556,1400-1500,1000.0,1000.0,6.907755278982137,0.0,-0.17276194126003275,-0.11614815781829646,0.11730811432481435,0.17276194126003275
18077,Pruem,50.207779,6.4200001,1400-1500,1000.0,1000.0,6.907755278982137,0.0,-0.17628924337535223,-0.11614815781829646,0.1372601596898998,0.17628924337535223
18087,Speyer,49.316113,8.436389,1400-1500,5000.0,13000.0,8.517193191416238,0.9555114450274349,-0.06478024950241812,-0.2923936145902297,-0.0973870317171448,1.020291694529853
18090,Trier,49.756668,6.6411109,1400-1500,10000.0,8000.0,9.210340371976184,-0.2231435513142106,-0.38633159038967024,-0.36829840128883884,-0.28711395092288905,0.16318803907545965
18097,Worms,49.629723,8.3616667,1400-1500,10000.0,6000.0,9.210340371976184,-0.5108256237659923,-0.28488723188139087,-0.36829840128883884,-0.38209386502679743,-0.2259383918846014
18099,Zweibruecken,49.249168,7.3630557,1400-1500,1000.0,1000.0,6.907755278982137,0.0,-0.005285997576591428,-0.11614815781829646,0.0,0.005285997576591428
19011,"Saarbruecken, St. Johann",49.232777,6.9963889,1400-1500,2000.0,1000.0,7.600902459542082,-0.6931471805599454,-0.14938093211893388,-0.19205294451690558,-0.6218057042267481,-0.5437662484410115
20005,Bruchsal,49.125557,8.5974998,1400-1500,1000.0,1000.0,6.907755278982137,0.0,0.02224958184319603,-0.11614815781829646,0.3106275175086227,-0.02224958184319603
20013,Heidelberg,49.410557,8.7038889,1400-1500,5000.0,8000.0,8.517193191416238,0.4700036292457348,-0.2227569529779363,-0.2923936145902297,-0.011083882533477711,0.6927605822236711
20024,Mannheim,49.488888,8.4624996,1400-1500,1000.0,1000.0,6.907755278982137,0.0,-0.16304663138730469,-0.11614815781829646,0.02725567965949399,0.16304663138730469
20031,Pforzheim,48.891109,8.6988888,1400-1500,1000.0,3000.0,6.907755278982137,1.0986122886681091,-0.07565031656153942,-0.11614815781829646,0.11725777657380392,1.1742626052296485
21003,Baden-Baden,48.761665,8.2397223,1400-1500,1000.0,1000.0,6.907755278982137,0.0,-0.07042284268354915,-0.11614815781829646,0.018582748270205677,0.07042284268354915
21009,Breisach,48.031113,7.5830555,1400-1500,2000.0,3000.0,7.600902459542082,0.4054651081081637,-0.20133218385270601,-0.19205294451690558,-0.6448355662081365,0.6067972919608697
21018,Freiburg/Br.,47.99472,7.8497224,1400-1500,9000.0,6000.0,9.104979856318357,-0.4054651081081655,-0.27843554492667977,-0.3567606389033636,-0.11297107772755524,-0.12702956318148573
21035,Kehl,48.572224,7.8130555,1400-1500,17000.0,20000.0,9.740968623038354,0.16251892949777336,-0.5920210734333948,-0.42640615292189454,-0.12044231456134005,0.7545400029311682
21037,Konstanz,47.662498,9.1758337,1400-1500,1000.0,1000.0,6.907755278982137,0.0,0.12136481692839263,-0.11614815781829646,0.38040103400924674,-0.12136481692839263
21039,Lahr,48.33889,7.8741665,1400-1500,1000.0,1000.0,6.907755278982137,0.0,-0.05084710767875511,-0.11614815781829646,0.0,0.05084710767875511
22006,Ansbach,49.302502,10.571667,1400-1500,1000.0,2000.0,6.907755278982137,0.6931471805599454,-0.1305610216280928,-0.11614815781829646,0.09663043868228026,0.8237082021880382
22009,Aschaffenburg,49.973331,9.1477776,1400-1500,1000.0,1000.0,6.907755278982137,0.0,-0.07434330332516925,-0.11614815781829646,0.4060211869448369,0.07434330332516925
22016,Bamberg,49.893612,10.886111,1400-1500,5000.0,7000.0,8.517193191416238,0.33647223662121206,-0.2366279043509174,-0.2923936145902297,-0.2927844750692989,0.5731001409721295
22018,Bayreuth,49.943333,11.577778,1400-1500,1000.0,2000.0,6.907755278982137,0.6931471805599454,-0.013725173885962505,-0.11614815781829646,0.1211149858666758,0.7068723544459079
22024,Coburg,50.259167,10.96,1400-1500,4000.0,3000.0,8.294049640102028,-0.2876820724517817,-0.30381174416539203,-0.2679577312155148,-0.20767598418122424,0.01612967171361035
22027,Dinkelsbuehl,49.068611,10.32,1400-1500,4000.0,3000.0,8.294049640102028,-0.2876820724517817,-0.043274802268172596,-0.2679577312155148,-0.20060328183048162,-0.24440727018360908
22032,Eichstaett,48.890835,11.185,1400-1500,1000.0,2000.0,6.907755278982137,0.6931471805599454,-0.08991784322824925,-0.11614815781829646,0.16854907392201654,0.7830650237881946
22035,Erlangen,49.595001,11.004723,1400-1500,1000.0,1000.0,6.907755278982137,0.0,1.2832859442917943,-0.11614815781829646,0.15142268422306784,-1.2832859442917943
22039,Fuerth,49.477222,10.989722,1400-1500,2000.0,2000.0,7.600902459542082,0.0,-0.24020934330837385,-0.19205294451690558,-0.547812537232258,0.24020934330837385
22058,Hof,50.316387,11.913333,1400-1500,1000.0,2000.0,6.907755278982137,0.6931471805599454,0.04660727039816703,-0.11614815781829646,0.10422161273245902,0.6465399101617784
22094,Nuernberg,49.450832,11.075,1400-1500,6000.0,38000.0,8.699514748210191,1.8458266904983311,-0.30136044108113014,-0.31235918505943916,-0.1021647629714772,2.1471871315794613
22109,Rothenburg o. d. Tauber,49.376945,10.179167,1400-1500,6000.0,6000.0,8.699514748210191,0.0,-0.005518758810978963,-0.31235918505943916,-0.028564194636107133,0.005518758810978963
22121,Schweinfurt,50.046665,10.233611,1400-1500,3000.0,4000.0,8.006367567650246,0.2876820724517817,0.07038874510714233,-0.23645439836082993,0.036908737139226384,0.21729332734463935
22145,Wuerzburg,49.79361,9.9308329,1400-1500,6000.0,7000.0,8.699514748210191,0.15415067982725894,-0.16912629344118724,-0.31235918505943916,-0.13391346156664896,0.3232769732684462
23004,Amberg,49.444721,11.854445,1400-1500,3000.0,4000.0,8.006367567650246,0.2876820724517817,-0.2473752185319047,-0.23645439836082993,0.1138520558911375,0.5350572909836864
23006,Augsburg,48.369446,10.8925,1400-1500,12000.0,30000.0,9.392661928770137,0.916290731874156,-0.3767804222720703,-0.3882639717580483,-0.4102364945910979,1.2930711541462263
23055,Harburg (Schwaben),48.784721,10.686944,1400-1500,1000.0,2000.0,6.907755278982137,0.6931471805599454,-0.13162543214948186,-0.11614815781829646,0.014978618465491875,0.8247726127094273
23063,Ingolstadt,48.764999,11.423333,1400-1500,3000.0,4000.0,8.006367567650246,0.2876820724517817,-0.19484065469199807,-0.23645439836082993,-0.2807138133656631,0.48252272714377975
23064,Kaufbeuren,47.879723,10.620277,1400-1500,1000.0,1000.0,6.907755278982137,0.0,0.29536792305857384,-0.11614815781829646,0.3435661049585427,-0.29536792305857384
23067,Kempten (Allgaeu),47.723888,10.3175,1400-1500,3000.0,4000.0,8.006367567650246,0.2876820724517817,0.06845120164005825,-0.23645439836082993,-0.05661166775782684,0.21923087081172343
23074,Landshut,48.537224,12.152223,1400-1500,9000.0,8000.0,9.104979856318357,-0.11778303565638382,-0.3443866264063782,-0.3567606389033636,-0.06450406551844795,0.22660359074999437
23076,Lauingen (Donau),48.570835,10.430278,1400-1500,2000.0,3000.0,7.600902459542082,0.4054651081081637,-0.11658374920791648,-0.19205294451690558,-0.6092343902755452,0.5220488573160802
23084,Memmingen,47.984722,10.181389,1400-1500,4000.0,5000.0,8.294049640102028,0.2231435513142106,0.042531564423681334,-0.2679577312155148,0.16017239379573628,0.18061198689052926
23092,Muenchen,48.136944,11.575277,1400-1500,7000.0,13000.0,8.85366542803745,0.6190392084062228,-0.2942478765087926,-0.32923983436436943,-0.15863108263567338,0.9132870849150154
23095,Neuburg a. d. Donau,48.734165,11.179444,1400-1500,1000.0,2000.0,6.907755278982137,0.6931471805599454,-0.02447605409350162,-0.11614815781829646,0.1090859775422708,0.717623234653447
23105,Noerdlingen,48.851665,10.49,1400-1500,4000.0,6000.0,8.294049640102028,0.4054651081081637,-0.039418127882383525,-0.2679577312155148,-0.1965305827040206,0.44488323599054724
23112,Passau,48.573891,13.460278,1400-1500,4000.0,4000.0,8.294049640102028,0.0,-0.12922515216206265,-0.2679577312155148,-0.12668057244663403,0.12922515216206265
23123,Regensburg,49.017223,12.096945,1400-1500,8000.0,22000.0,8.987196820661973,1.0116009116784799,-0.2601837190069749,-0.34386251791412403,-0.35399146991613867,1.2717846306854548
23139,Straubing,48.881668,12.569445,1400-1500,1000.0,1000.0,6.907755278982137,0.0,-0.14449280459525782,-0.11614815781829646,0.03494667861997172,0.14449280459525782
