city_id,name,lat,lon,charter_year,market_year,match_km,pop1100,pop1200,pop1300,pop1400,pop1500,on_river,on_coast,cid
1001,Allenburg,54.4925,21.192223,1400.0,1939.0,43.26686994573615,,,,,,1,0,420
1002,Allenstein,53.783333,20.483334,,,1.1559953723778675,0.0,0.0,0.0,1000.0,1000.0,1,0,1404
1003,Angerapp,54.416668,22.016666,1725.0,,23.572363319255473,,,,,,0,0,780
1007,Bartenstein (Ostpreussen),54.250278,20.816668,1332.0,,56.093210693165176,,,,,,1,1,895
1010,Bischofswerder,53.501667,19.349167,1331.0,,39.071298230155215,,,,,,0,0,993
1011,Braunsberg,54.38361,19.816668,1254.0,,2.0165501895752707,0.0,0.0,1000.0,2000.0,3000.0,1,0,294
1012,Christburg,53.916668,19.35,1288.0,,24.99200066825508,,,,,,1,0,1133
1013,Danzig,54.350555,18.652779,1224.0,1260.0,3.458995648011446,2000.0,5000.0,9000.0,20000.0,30000.0,0,1,704
1018,Elbing,54.166668,19.4,1237.0,,1.3535790514617163,1000.0,2000.0,3000.0,5000.0,10000.0,1,1,612
1025,Gehlenburg,53.616665,22.066668,1722.0,1645.0,88.62738205265394,,,,,,0,0,239
1059,Ragnit,55.033333,22.033333,1722.0,,11.0586541696119,,,,,,1,0,1833
1082,Zoppot,54.433334,18.549999,1901.0,,7.412931219130344,,,,,,0,1,705
2001,Anklam,53.855278,13.692778,1292.0,1700.0,1.0231634207580056,0.0,1000.0,2000.0,1000.0,2000.0,1,0,82
2002,Barth,54.36861,12.726389,1255.0,,26.713398475131264,,,,,,0,1,1886
2004,Damgarten,54.255001,12.473333,1258.0,,30.127684813649957,,,,,,1,1,1648
2005,Demmin,53.905277,13.038055,1249.0,,29.616157644423996,,,,,,1,1,762
2007,Gartz (Oder),53.208611,14.388611,1249.0,1563.0,23.262933769541778,,,,,,1,0,1911
2015,Pasewalk,53.503887,13.997222,1250.0,1639.0,22.117713697162944,,,,,,1,0,1561
2019,Treptow (Tollense),53.69278,13.250834,,1505.0,15.876528835418242,,,,,,1,0,1314
3001,Arnhausen,53.8325,15.939167,1287.0,,41.72238779389387,,,,,,0,0,967
3002,Arnswalde,53.166668,15.4,1284.0,1499.0,30.59178296524065,,,,,,0,0,1872
3008,Buetow,54.16861,17.491667,1346.0,1780.0,45.37507387331354,,,,,,1,0,1806
3012,Driesen (Neumark),52.833332,15.833333,1317.0,1800.0,45.11601162312201,,,,,,1,0,745
3015,Flatow,53.362499,17.033056,,1532.0,69.33638344573254,,,,,,1,0,337
3019,Greifenberg i. Pomm.,53.916111,15.199722,1262.0,1775.0,38.93174930873608,,,,,,0,1,2194
3030,Kolberg,54.175835,15.574722,1255.0,1500.0,3.1316755211361764,2000.0,2000.0,3000.0,4000.0,5000.0,1,0,952
3050,Radolin,53.0,16.549999,1764.0,1764.0,69.14216681179845,,,,,,1,0,1556
4001,Boizenburg,53.374168,10.7225,1267.0,,24.38218247360123,,,,,,1,0,1104
4002,Brueel,53.736946,11.713056,1340.0,,22.53249812399472,,,,,,0,1,2189
4003,Buetzow,53.8475,11.984445,1229.0,,13.274926888240989,,,,,,1,0,776
4004,Crivitz,53.577778,11.648056,1251.0,,16.128535328397742,,,,,,1,0,1745
4006,Doemitz,53.141666,11.248889,1505.0,,32.01131144504444,,,,,,1,0,1693
4007,Feldberg,53.335556,13.439722,1919.0,,24.596975187156364,,,,,,1,0,1320
4034,Rehna,53.779724,11.049444,1791.0,1230.0,26.85116727149457,,,,,,1,1,1103
5001,Altona,53.549999,9.9333334,1664.0,,3.0829514111027185,2000.0,2000.0,5000.0,8000.0,30000.0,1,1,794
5002,Barmstedt,53.790279,9.7683334,1895.0,1600.0,19.439376926576077,,,,,,0,0,979
5005,Bredstedt,54.619999,8.9608335,1900.0,1530.0,17.64287078402593,,,,,,0,1,843
5006,Burg auf Fehmarn,54.43861,11.1975,1200.0,,27.592216349436132,,,,,,0,1,1397
5007,Cuxhaven,53.864445,8.6972218,1907.0,1908.0,35.80582549956139,,,,,,0,1,301
5008,Eckernfoerde,54.472778,9.8369446,1200.0,,19.259614040102345,,,,,,0,1,1736
5011,Flensburg,54.782501,9.4375,1284.0,,0.5555612486769546,1000.0,1000.0,2000.0,2000.0,3000.0,0,1,664
5013,Garding,54.329445,8.7788887,1590.0,1575.0,9.855373974675734,,,,,,0,1,1964
5016,Glueckstadt,53.787777,9.4236107,1617.0,,0.896709416615267,0.0,0.0,0.0,0.0,0.0,1,1,733
5023,Kiel,54.321667,10.137222,1242.0,1482.0,1.0382144778547737,0.0,1000.0,2000.0,1000.0,3000.0,1,1,927
5033,Nortorf,54.167221,9.8558331,1907.0,,19.07495435095728,,,,,,1,0,1610
5046,Uetersen,53.684166,9.6622219,1870.0,,15.752660531394982,,,,,,1,1,1868
5050,Westerland,54.907776,8.3086109,,,57.256834484468605,,,,,,1,0,1621
7001,Altlandsberg,52.566666,13.728056,1257.0,1421.0,22.783394413173582,,,,,,1,0,229
7002,Alt Ruppin,52.949722,12.842778,,1798.0,4.375175339412851,0.0,1000.0,2000.0,1000.0,4000.0,1,0,1318
7004,Babelsberg,52.392502,13.090834,1924.0,,1.6411595785572806,1000.0,1000.0,1000.0,1000.0,1000.0,1,0,1554
7005,Baerwalde (Neumark),52.785278,14.495,1298.0,1939.0,21.138245130058944,,,,,,1,0,966
7008,Beeskow,52.172222,14.246667,1272.0,1347.0,27.095710263915443,,,,,,1,0,681
7009,Belzig,52.141945,12.588056,1702.0,1566.0,28.965085321835403,,,,,,1,0,293
7016,Berlin-Spandau,52.538334,13.205277,1232.0,,0.9930614115556878,0.0,1000.0,1000.0,1000.0,1000.0,1,0,1834
7021,Betsche,52.466667,15.766666,1412.0,1939.0,41.974473046998256,,,,,,0,0,1896
7024,Bobersberg,51.950001,15.083333,1809.0,1665.0,26.47388791553183,,,,,,1,0,774
7031,Calau,51.746666,13.949166,1200.0,1397.0,27.762435202635164,,,,,,1,0,513
7032,Christianstadt,51.798332,15.234722,1659.0,,20.681881775973782,,,,,,1,0,2216
7035,Dahme,51.869167,13.424723,1265.0,1537.0,44.30146033522766,,,,,,1,0,1974
7036,Doberlug,51.610001,13.545834,1434.0,1497.0,36.73813973961126,,,,,,1,0,768
7049,Friesack,52.737499,12.579722,1619.0,1713.0,24.837297555602138,,,,,,0,0,1309
7060,Havelberg,52.830555,12.075277,1179.0,1750.0,29.79090429152169,,,,,,1,0,1878
7062,Jueterbog,51.991943,13.081388,1174.0,1285.0,32.537596062568966,,,,,,1,0,2191
8001,Auras,51.245834,16.850834,,1840.0,19.264066527123866,,,,,,1,0,2201
8002,Bauerwitz,50.15139,17.995001,1250.0,1575.0,25.53523929890055,,,,,,0,0,1408
8003,Bernstadt an der Weide,51.133335,17.533333,,1706.0,29.856527545361974,,,,,,1,0,321
8004,Beuthen O.S.,50.348057,18.92,1475.0,1840.0,5.752479549329232,0.0,0.0,0.0,0.0,0.0,0,0,466
8005,Beuthen/Oder,51.733334,15.816667,1249.0,1840.0,19.465850346484988,,,,,,1,0,731
8006,Bolkenhain,50.920277,16.099722,1241.0,1840.0,20.086733928616525,,,,,,0,0,2156
8012,Broslawitz,50.416668,18.75,1300.0,,13.146316901160754,,,,,,0,0,2214
8013,Bunzlau,51.266666,15.566667,1242.0,1840.0,24.003745219841772,,,,,,0,0,1096
8014,Carlsruhe O.S.,50.900002,17.833334,,1817.0,25.210279810796212,,,,,,1,0,1409
8015,Cosel,50.333611,18.145834,1281.0,1595.0,37.69927101583759,,,,,,1,0,730
8017,Deutsch Wartenberg,51.849998,15.716666,,1539.0,19.7716168041853,,,,,,0,0,2232
8021,Frankenberg (Schlesien),50.516666,16.783333,,,11.997840379601227,,,,,,1,0,943
8023,Fraustadt,51.799999,16.299999,1272.0,1404.0,1.375348202182939,0.0,0.0,1000.0,1000.0,1000.0,0,0,2202
8026,Freyhan,51.633335,17.35,1400.0,,33.16654726002051,,,,,,0,0,1599
8029,Friedland (O.S.),50.5,17.6,,1840.0,19.229827863463896,,,,,,1,0,1384
8034,Goerlitz,51.155277,14.987778,1215.0,1840.0,0.6068975435438154,1000.0,2000.0,5000.0,8000.0,8000.0,1,0,738
8035,Goldberg in Niederschlesien,51.133335,15.916667,1211.0,1765.0,0.4377313657069053,0.0,1000.0,2000.0,1000.0,1000.0,0,0,2238
8044,Guhrau,51.666668,16.549999,,1315.0,20.489927358108577,,,,,,0,0,1045
8051,Hirschberg im Riesengebirge,50.900002,15.733334,1250.0,1519.0,2.512000873688372,1000.0,1000.0,2000.0,1000.0,2000.0,1,0,884
8054,Jauer,51.053055,16.193611,,1329.0,18.811185401332892,,,,,,0,0,1033
8064,Kostenblut,51.045555,16.611389,1250.0,1254.0,23.612675366036875,,,,,,0,0,1906
8073,Landsberg O.S.,51.033333,18.433332,,1830.0,52.40174020485016,,,,,,1,0,530
8098,Neumittelwalde,51.399166,17.665556,1637.0,1637.0,51.00288908296744,,,,,,1,0,896
8121,Ratibor,50.092224,18.219723,1211.0,1275.0,23.57510567061261,,,,,,0,0,1670
8168,Wittichenau,51.385277,14.243333,1303.0,1348.0,28.141683177085543,,,,,,1,0,191
9001,Adorf,50.320557,12.254444,1358.0,,21.815008053773134,,,,,,1,0,1521
9002,Altenberg,50.766388,13.757222,1451.0,1555.0,23.159372655285193,,,,,,1,0,2036
9003,Annaberg,50.580555,13.003056,1497.0,,14.084414623675077,,,,,,0,0,1152
9004,Aue,50.585278,12.700833,,1632.0,5.2612537007031825,0.0,0.0,0.0,1000.0,2000.0,0,0,1738
9005,Auerbach,50.50528,12.402778,,,14.677416427980235,,,,,,0,0,1607
9006,Augustusburg,50.810555,13.101666,,1615.0,11.47964284056614,,,,,,1,0,678
9009,Berggiesshuebel,50.874443,13.948334,,1668.0,10.73344906781943,,,,,,1,0,1513
9010,Bernstadt auf dem Eigen,51.046665,14.823611,,1403.0,16.3145605937335,,,,,,1,0,2235
9012,Borna,51.123055,12.497222,,,16.586488479543867,,,,,,1,0,61
9013,Brand-Erbisdorf,50.869167,13.321944,1834.0,,3.474743492386861,0.0,1000.0,6000.0,4000.0,8000.0,0,0,682
9014,Brandis,51.333889,12.609445,,,12.931726038723253,,,,,,1,0,602
9016,Burgstaedt,50.918056,12.806666,1270.0,1586.0,12.61391212377732,,,,,,1,0,447
9018,Colditz,51.125557,12.806666,,1788.0,13.090943656815892,,,,,,1,0,764
9019,Coswig,51.126667,13.580277,1939.0,,9.076725485705829,,,,,,1,0,1182
9020,Crimmitschau,50.812222,12.386666,1414.0,,10.106903388527265,,,,,,0,0,729
9022,Dippoldiswalde,50.896389,13.666667,,1500.0,17.64702358706263,,,,,,1,0,575
9023,Doebeln,51.119999,13.114722,,1400.0,0.3683843182688422,1000.0,1000.0,1000.0,1000.0,2000.0,1,0,560
9026,Ebersbach,51.007221,14.581388,1925.0,,0.8087920652864201,0.0,0.0,0.0,0.0,0.0,1,0,592
9029,Bad Elster,50.282501,12.238055,1935.0,1885.0,22.67852511799694,,,,,,1,0,828
9042,Geringswalde,51.076946,12.903334,,1564.0,12.039652582932339,,,,,,1,0,1221
9048,Groitzsch,51.154167,12.280833,,1210.0,15.654969275649888,,,,,,1,0,2225
9070,Leipzig,51.340557,12.375,1156.0,,2.3120838945637496,3000.0,3000.0,4000.0,3000.0,7000.0,1,0,1036
9114,Planitz,50.679722,12.476111,1924.0,,5.597370226175063,1000.0,2000.0,3000.0,2000.0,4000.0,1,0,2248
10001,Allstedt,51.401669,11.384444,1500.0,,16.57762617470067,,,,,,1,0,607
10003,Apolda,51.025276,11.517222,1308.0,,11.469738502156737,,,,,,1,0,848
10004,Arnstadt,50.833057,10.946389,1266.0,,16.078550416263706,,,,,,1,0,629
10005,Auma,50.699722,11.900833,1378.0,,19.66147805532697,,,,,,1,0,713
10007,Bad Berka,50.899445,11.283055,1414.0,,9.323882300024279,,,,,,1,0,2167
10008,Berla a. d. Werra,50.939167,10.068334,1847.0,,18.20164446263696,,,,,,1,0,605
10014,Camburg,51.053612,11.711389,1433.0,1200.0,12.375519515286761,,,,,,1,0,1310
10015,Clingen,51.233891,10.930555,1353.0,1663.0,22.142384713373204,,,,,,1,0,1007
10021,Eisfeld,50.427223,10.907222,1342.0,,20.20369931439713,,,,,,1,0,482
10022,Bad Frankenhausen,51.354443,11.104722,1282.0,,27.727395087224114,,,,,,1,0,1358
10023,Friedrichsroda,50.860001,10.573889,1597.0,1786.0,14.321892530534173,,,,,,0,0,748
10024,Gehren,50.648613,11.003333,1855.0,,20.234442360466883,,,,,,0,0,1895
10025,Geisa,50.716667,9.9497223,1300.0,,24.470217970593744,,,,,,1,0,154
10041,Kaltennordheim,50.626667,10.156111,1562.0,,19.66261313400804,,,,,,1,0,1181
10074,Bad Salzungen,50.811668,10.231944,1300.0,,17.26041395513431,,,,,,0,0,1737
11001,Aken,51.852501,12.043889,,1485.0,12.478762945972766,,,,,,0,0,950
11002,Alsleben,51.700279,11.677222,,1700.0,11.668542377099346,,,,,,1,0,232
11003,Ammendorf,51.423611,11.993055,1937.0,,6.470499910007561,,,,,,1,0,793
11008,Aschersleben,51.755833,11.455,1266.0,,0.7342630076159931,1000.0,2000.0,2000.0,1000.0,1000.0,0,0,121
11009,Ballenstedt,51.720276,11.2375,1566.0,,10.71695784132903,,,,,,0,0,1583
11010,Barby,51.952499,11.869166,1200.0,,15.935494168320265,,,,,,1,0,2229
11016,Bitterfeld,51.625,12.324722,1382.0,1543.0,23.710188055564892,,,,,,1,0,547
11019,Buckau,52.110554,11.632778,1862.0,,1.0673396168036544,8000.0,16000.0,15000.0,10000.0,18000.0,1,0,1124
11020,Burg b. M.,52.269722,11.854722,1100.0,1562.0,1.1871613119911963,2000.0,2000.0,2000.0,1000.0,2000.0,1,0,325
11025,Dardesheim,51.976112,10.838056,1681.0,,18.01257395702677,,,,,,1,0,790
11063,Heiligenstadt,51.378334,10.137777,1227.0,1460.0,21.300230000166575,,,,,,0,0,741
11068,Hohenmoelsen,51.156113,12.099722,900.0,1578.0,10.275470882810199,,,,,,1,0,2168
11086,Bad Lauchstaedt,51.386944,11.866944,1411.0,,8.858464395427598,,,,,,1,0,1193
11105,Oebisfelde,52.435001,10.987223,1448.0,1523.0,14.148971801049761,,,,,,0,0,2193
11111,Osterwieck,51.9725,10.706667,1353.0,1558.0,21.24192424033375,,,,,,1,0,746
12001,Achim,53.012779,9.0327778,1949.0,,16.237117389314086,,,,,,1,0,2077
12002,Alfeld,51.987221,9.8269444,1221.0,1456.0,18.82731507225494,,,,,,0,0,603
12003,Altenau,51.803333,10.4475,1617.0,,8.087962814878672,,,,,,0,0,476
12005,Aurich,53.469723,7.4822221,1539.0,1200.0,21.742044699075826,,,,,,1,1,620
12006,Bassum,52.847778,8.7252779,1929.0,1716.0,26.302425503561892,,,,,,1,0,300
12007,Bentheim,52.302502,7.1594443,1865.0,1746.0,18.570420428320208,,,,,,1,0,1619
12010,Bockenem,52.007778,10.129167,1300.0,,20.00017324749111,,,,,,1,0,824
12011,Bodenwerder,51.975834,9.5119448,1287.0,1287.0,17.701004361344697,,,,,,1,0,795
12012,Borkum,53.587776,6.6644444,1950.0,,35.369932337977005,,,,,,0,1,1357
12014,Bramsche,52.406666,7.978889,1929.0,,15.588274923089779,,,,,,1,0,1431
12016,Braunschweig,52.262222,10.520278,1227.0,1100.0,1.9370159795922655,3000.0,11000.0,12000.0,18000.0,18000.0,1,0,297
12021,Bueckeburg,52.260277,9.0502777,1365.0,,9.131952820989877,,,,,,1,0,1211
12022,Burgdorf,52.446667,10.008611,1398.0,1578.0,19.592079605863642,,,,,,1,0,800
12024,Celle,52.62611,10.080556,1292.0,1306.0,0.6804377755140179,1000.0,1000.0,1000.0,1000.0,1000.0,1,0,417
12026,Cloppenburg,52.846111,8.0433331,1411.0,1668.0,35.79954605718392,,,,,,1,0,1396
12044,Fuerstenau,52.516388,7.6747222,1350.0,1495.0,27.568862538212098,,,,,,1,0,847
12059,Helmstedt,52.227501,11.010278,,1000.0,1.0889500123132863,2000.0,3000.0,2000.0,1000.0,2000.0,0,0,816
12065,Hornburg (Schladen-Werla),52.030277,10.605833,,1500.0,16.377220047373488,,,,,,0,0,2192
12071,Leer,53.229443,7.4513888,1823.0,1508.0,1.4250338899974104,2000.0,2000.0,2000.0,1000.0,3000.0,1,0,1030
12080,Hann. Muenden,51.417221,9.6511106,1150.0,1500.0,16.061290564273037,,,,,,1,0,910
12082,Neuenhaus,52.498055,6.9663887,1369.0,,31.46997918835298,,,,,,0,0,626
12109,Salzgitter,52.046665,10.371944,1400.0,1500.0,11.64906747664578,,,,,,0,0,1692
13002,Ahlen,51.762779,7.8897223,1224.0,1214.0,9.75937732411952,,,,,,0,0,200
13003,Altena,51.298054,7.668889,1367.0,,8.037194810417688,,,,,,0,0,863
13004,Anholt,51.846111,6.4274998,1349.0,,10.968453490940185,,,,,,1,0,621
13005,Arnsberg,51.395557,8.0647221,1237.0,,19.771281876527684,,,,,,0,0,1811
13006,Attendorn,51.125,7.9050002,1222.0,,29.67341889186817,,,,,,0,0,1788
13013,Beverungen,51.662777,9.3725004,1417.0,,24.67643156799656,,,,,,1,0,2158
13014,Bielefeld,52.020557,8.5319443,,1233.0,0.8196620703250354,0.0,1000.0,1000.0,1000.0,2000.0,0,0,242
13015,Billerbeck,51.977501,7.2908335,1318.0,1740.0,9.821760483875988,,,,,,1,0,483
13016,Blankenstein,51.405834,7.2261109,,1954.0,3.263736874743595,1000.0,1000.0,1000.0,1000.0,1000.0,1,0,809
13018,Bocholt,51.837776,6.6155558,1201.0,,16.667750669453365,,,,,,0,0,2187
13019,Bochum,51.482498,7.2169442,,1298.0,7.508868079867664,,,,,,0,0,822
13025,Bottrop,51.523613,6.9297223,1919.0,1423.0,0.7835012413001353,0.0,0.0,0.0,1000.0,1000.0,0,0,280
13027,Breckerfeld,51.261391,7.4650002,1396.0,,10.522199948947192,,,,,,0,0,1588
13028,Bredenborn,51.810555,9.1822224,1582.0,1657.0,31.402304006590175,,,,,,0,0,1444
13029,Brilon,51.395279,8.5680552,1220.0,1592.0,35.03652867526569,,,,,,1,0,1069
13030,Buende,52.197498,8.5836115,1719.0,,12.34006234661846,,,,,,1,0,820
13035,Datteln,51.653057,7.3425002,1936.0,1845.0,12.75901694612165,,,,,,0,0,1602
13039,Dortmund,51.514168,7.4638891,1202.0,990.0,0.7741664700037598,3000.0,4000.0,7000.0,9000.0,8000.0,0,0,568
13040,Drensteinfurt,51.796944,7.7413888,1428.0,,15.11805529362255,,,,,,1,0,797
13047,Ennepetal,51.297501,7.356111,1949.0,1949.0,9.663262977310305,,,,,,1,0,183
13055,Gelsenkirchen,51.511112,7.1005554,1277.0,,0.9890488407167847,0.0,1000.0,1000.0,1000.0,0.0,0,0,708
13060,Greven,52.092499,7.6130557,1949.0,1200.0,15.852310907380158,,,,,,1,0,1283
13063,Hagen,51.360001,7.4672222,1746.0,,1.4223715695103243,0.0,0.0,0.0,0.0,1000.0,0,0,785
13065,Hallenberg,51.111946,8.6211109,1338.0,1554.0,34.09625022536624,,,,,,1,0,1148
13085,Kamen,51.592224,7.6622224,1243.0,1500.0,7.027293441114425,,,,,,0,0,2032
13102,Menden,50.790001,7.1655555,1275.0,1482.0,8.984863177073837,,,,,,1,0,269
13153,Wattenscheid,51.482498,7.1347222,1413.0,1954.0,4.036640270169949,1000.0,1000.0,1000.0,1000.0,1000.0,0,0,261
14001,Aachen,50.773335,6.084722,1088.0,814.0,0.8120897024139928,0.0,1000.0,1000.0,1000.0,1000.0,0,0,331
14003,Alsdorf,50.874722,6.166389,1950.0,,9.483652036256785,,,,,,1,0,631
14004,Angermund,51.328888,6.7794442,1423.0,1440.0,10.152391841477987,,,,,,1,0,584
14005,Bedburg,50.991943,6.5719442,1490.0,1845.0,21.931439561205433,,,,,,1,0,582
14006,Bensberg,50.965279,7.1536112,1948.0,,4.199735588742411,0.0,0.0,0.0,0.0,1000.0,0,0,227
14009,Bergisch Neukirchen,51.076668,7.0330558,1856.0,,6.378151263864366,,,,,,1,0,1047
14010,Bergneustadt,51.020832,7.6480556,1302.0,1500.0,25.319999274432945,,,,,,1,0,837
14011,Blankenberg,50.761391,7.3647223,1245.0,1245.0,16.504897104926233,,,,,,1,0,948
14013,Bruehl,50.829445,6.9022222,1285.0,1285.0,10.612665195011369,,,,,,1,0,947
14014,Burg a. d. Wupper,51.137779,7.1547222,1825.0,,5.014811567579646,0.0,1000.0,1000.0,1000.0,1000.0,0,0,1609
14017,Duelken,51.250832,6.3308334,1352.0,1470.0,3.4231955599325796,0.0,0.0,1000.0,1000.0,2000.0,0,0,2096
14019,Duesseldorf,51.224167,6.7800002,1288.0,1288.0,2.687251504039881,1000.0,1000.0,2000.0,2000.0,2000.0,1,0,583
14023,Duisburg-Hamborn,51.488056,6.7727776,1911.0,,7.025863351798532,,,,,,0,0,1385
14029,Essen,51.455833,7.0124998,,1041.0,1.658778612479111,2000.0,2000.0,1000.0,3000.0,3000.0,0,0,633
14031,Essen-Werden,51.388332,7.0091667,1492.0,1578.0,1.1238455594590848,1000.0,2000.0,2000.0,1000.0,2000.0,1,0,2171
14033,Geilenkirchen,50.964443,6.1197224,,1400.0,12.13362057496452,,,,,,1,0,811
14034,Geldern,51.517502,6.3233333,1229.0,1845.0,16.83947363312964,,,,,,1,0,2073
14036,Goch,51.674446,6.1586113,1250.0,1845.0,14.038459719782704,,,,,,1,0,942
14038,Grevenbroich,51.09111,6.5830555,1305.0,1845.0,13.868572435323436,,,,,,1,0,1319
14040,Haan,51.192223,7.0105557,1921.0,,5.434798733536553,1000.0,1000.0,2000.0,1000.0,1000.0,0,0,1817
14044,Hilden,51.168056,6.9336109,1861.0,1845.0,9.45781027555534,,,,,,0,0,1196
14055,Kempen,51.364445,6.418611,1294.0,1372.0,7.490444974362745,,,,,,0,0,1620
14066,Langenberg (Rheinland),51.351112,7.1197224,1831.0,1845.0,6.574131857487725,,,,,,0,0,2062
14076,Monschau,50.555279,6.2391667,1361.0,1845.0,16.94225001045028,,,,,,0,0,641
14077,Muelheim a. d. Ruhr,51.43111,6.8797221,1808.0,1252.0,3.6620757600270157,1000.0,1000.0,1000.0,1000.0,1000.0,1,0,1281
14080,Neviges,51.310833,7.0888891,1922.0,1845.0,5.340438329575806,0.0,1000.0,1000.0,1000.0,1000.0,0,0,2203
14095,Rheinberg,51.544998,6.6025,1232.0,1000.0,14.028740262665577,,,,,,1,0,2172
14113,Wuppertal-Barmen,51.271946,7.1999998,1808.0,,1.4080967466204324,0.0,0.0,0.0,0.0,1000.0,1,0,2205
14115,Wuppertal-Cronenberg,51.205276,7.1302776,1808.0,1845.0,0.5869839624045222,1000.0,1000.0,2000.0,1000.0,2000.0,1,0,522
14116,Wuppertal-Elberfeld,51.256111,7.1475,1610.0,1610.0,1.9666725146004775,1000.0,1000.0,1000.0,1000.0,1000.0,1,0,610
15004,Babenhausen,49.962776,8.9522219,1295.0,1295.0,14.273635914891718,,,,,,1,0,120
15007,Beerfelden,49.567223,8.9736109,1328.0,1328.0,24.5663186069538,,,,,,1,0,812
15008,Bensheim,49.679722,8.6188889,1320.0,956.0,18.750330016721144,,,,,,1,0,2200
15011,Braunfels,50.514446,8.3894444,1607.0,,12.01707359790402,,,,,,1,0,2176
15012,Buedingen,50.2925,9.1138887,1330.0,1330.0,22.73449371828911,,,,,,1,0,799
15014,Camberg,50.298054,8.2658329,1365.0,1477.0,24.38036531023765,,,,,,1,0,2182
15015,Darmstadt,49.873055,8.6563892,1330.0,1330.0,1.2440377617891785,1000.0,1000.0,2000.0,1000.0,1000.0,0,0,535
15018,Dreieichenhain,50.000832,8.7108335,1256.0,,11.405908579217707,,,,,,1,0,680
15024,Floersheim,50.013611,8.4300003,1953.0,,11.454045336153785,,,,,,1,0,1129
15032,Friedberg (Hessen),50.337502,8.7538891,1200.0,1300.0,23.14782356849186,,,,,,1,0,1394
15036,Fulda,50.553055,9.6750002,1150.0,1019.0,0.4900794836366419,2000.0,2000.0,3000.0,2000.0,4000.0,1,0,691
15038,Geisenheim,49.983055,7.9661112,1354.0,1661.0,4.945444767209917,1000.0,2000.0,2000.0,1000.0,1000.0,1,0,249
15041,Gernsheim,49.752224,8.4930553,1356.0,1495.0,14.953859242887031,,,,,,1,0,1410
15043,Giessen,50.586113,8.6747227,1248.0,1400.0,1.9097503042650412,0.0,1000.0,1000.0,1000.0,2000.0,0,0,719
15053,Hadamar,50.448612,8.0458336,1324.0,1400.0,34.79109323743521,,,,,,1,0,946
15141,Viernheim,49.536945,8.5819445,1948.0,,9.709480584163853,,,,,,1,0,1142
16001,Aalen,48.834999,10.092222,1385.0,1398.0,21.456391931751334,,,,,,1,0,1741
16002,Asperg,48.905834,9.1352777,1510.0,1962.0,4.352206132761358,0.0,0.0,0.0,0.0,0.0,1,0,1101
16003,Backnang,48.946667,9.4244442,1220.0,1600.0,18.716104162614386,,,,,,1,0,1739
16004,Bartenstein (Schrozberg),49.355835,9.8888893,1806.0,1949.0,20.531843598039796,,,,,,1,0,1652
16005,Beilstein,49.040833,9.313611,1304.0,1618.0,12.032487895371995,,,,,,1,0,813
16008,Blaubeuren,48.412498,9.7836113,1267.0,1418.0,16.03334039028307,,,,,,1,0,2029
16009,Boeblingen,48.685276,9.0094442,1278.0,1552.0,15.660586664476854,,,,,,1,0,1890
16011,Bopfingen,48.857777,10.351389,1230.0,1962.0,10.907353288566856,,,,,,1,0,1352
16013,Crailsheim,49.135555,10.071111,1338.0,1316.0,21.5719700268775,,,,,,1,0,556
16015,Eislingen/Fils,48.700832,9.7075005,1933.0,,2.753653649524621,0.0,1000.0,1000.0,1000.0,1000.0,1,0,737
16017,Esslingen/Neckar,48.741112,9.3094444,1229.0,866.0,1.2552924750235628,3000.0,4000.0,5000.0,10000.0,7000.0,1,0,634
16019,Forchtenberg,49.287224,9.5622225,1298.0,,22.233633797258307,,,,,,1,0,1742
16025,Giengen/Brenz,48.620556,10.244722,1279.0,1962.0,14.062697309809705,,,,,,1,0,1014
16034,Heimsheim,48.805557,8.8636112,1456.0,1456.0,15.924275301977307,,,,,,1,0,1503
16035,Herrenberg,48.595554,8.8672218,1503.0,1962.0,14.70635010248452,,,,,,1,0,1654
16065,Neuffen,48.555557,9.3741665,,1962.0,16.586440716103272,,,,,,0,0,1617
16089,Waldenbuch,48.636665,9.1313887,1363.0,1618.0,13.736196058298246,,,,,,1,0,2014
17001,Alpirsbach,48.345001,8.4027777,1869.0,1962.0,39.82601377256634,,,,,,0,0,1000
17003,Aulendorf,47.951111,9.6383333,1950.0,1682.0,19.075789630020118,,,,,,0,0,1598
17006,Biberach,48.098057,9.7883329,1218.0,1485.0,13.492525067836716,,,,,,1,0,241
17014,Freudenstadt,48.463612,8.4111109,1599.0,1962.0,36.57776151659364,,,,,,1,0,159
17015,Fridingen/Donau,48.021667,8.9327774,1371.0,1772.0,42.30332070895084,,,,,,1,0,1734
17025,Isny,47.692223,10.039166,1281.0,,21.23970327751591,,,,,,1,0,917
17028,Leutkirch,47.825001,10.024167,1293.0,1500.0,20.784422184948564,,,,,,1,0,1187
18001,Adenau,50.382221,6.9299998,1816.0,1601.0,33.72955269055868,,,,,,1,0,74
18003,Altenkirchen,50.686943,7.6455555,1314.0,1603.0,32.74046562334826,,,,,,1,0,1321
18006,Annweiler,49.202778,7.9661112,1219.0,1480.0,11.185072945599412,,,,,,1,0,1005
18008,Bad Duerkheim,49.460278,8.1691666,1359.0,1500.0,20.41101555468143,,,,,,1,0,1102
18010,Bad Kreuznach,49.844444,7.8616667,1290.0,1361.0,2.962219950566078,2000.0,2000.0,3000.0,2000.0,3000.0,1,0,156
18012,Baumholder,49.615555,7.3366666,1835.0,1491.0,37.47089670908627,,,,,,1,0,893
18014,Bergzabern,49.100277,7.998889,1286.0,1286.0,8.587911849862813,,,,,,0,0,2190
18015,Bernkastel-Cues,49.915279,7.0752778,1291.0,1964.0,36.84713658775465,,,,,,1,0,2003
18019,Bitburg,49.975555,6.5247221,1262.0,1964.0,23.35022705846301,,,,,,0,0,1224
18024,Deidesheim,49.409168,8.1866665,1395.0,1964.0,20.21898904938163,,,,,,1,0,1836
18036,Hornbach,49.187222,7.3680553,1237.0,,7.102709941718313,,,,,,0,0,2247
18076,Pirmasens,49.197224,7.6080556,,,0.6617201974739026,1000.0,2000.0,2000.0,1000.0,1000.0,0,0,1512
19002,Dillingen,49.351387,6.7266665,1949.0,1613.0,3.878026412800848,0.0,0.0,0.0,0.0,0.0,1,0,1675
19003,Dudweiler,49.275555,7.0358334,1962.0,1852.0,6.48697672133309,,,,,,1,0,1674
20004,Bretten,49.036945,8.7066669,1282.0,1150.0,13.05400832253737,,,,,,0,0,318
20009,Ettlingen,48.941944,8.4058332,1227.0,1579.0,6.469567850418787,,,,,,1,0,908
20012,Gruensfeld,49.607498,9.7444448,1320.0,1359.0,25.22397833597852,,,,,,1,0,2204
21004,St. Blasien,47.761391,8.125556,1897.0,,31.8331143823317,,,,,,1,0,683
21009,Breisach,48.031113,7.5830555,1196.0,1493.0,1.7648993902998344,2000.0,2000.0,3000.0,2000.0,3000.0,1,0,299
21019,Freistett,48.664165,7.9397221,1746.0,1764.0,16.794340522010764,,,,,,1,0,1887
21028,Hauenstein,47.581944,8.1072226,1317.0,1551.0,38.90575106941726,,,,,,1,0,2245
21034,Kandern,47.714722,7.6627779,1810.0,1756.0,19.338051474388337,,,,,,1,0,186
21037,Konstanz,47.662498,9.1758337,900.0,900.0,0.9416499504176269,2000.0,2000.0,2000.0,1000.0,1000.0,1,0,957
21049,Muellheim,47.808056,7.6308331,1810.0,1622.0,23.387480243263127,,,,,,1,0,1285
22001,Abenberg,49.24139,10.963333,1350.0,1515.0,24.44961166170787,,,,,,1,0,1381
22006,Ansbach,49.302502,10.571667,1434.0,1438.0,3.2377063427397883,0.0,1000.0,1000.0,1000.0,2000.0,1,0,86
22011,Bad Berneck i. Fichtelgeb.,50.04361,11.666945,1350.0,1100.0,12.123129413991139,,,,,,1,0,194
22012,Bad Kissingen,50.199722,10.078889,1200.0,1328.0,21.51240189916806,,,,,,1,0,1744
22015,Baiersdorf,49.656944,11.031111,1715.0,1353.0,6.382265085281999,,,,,,1,0,630
22016,Bamberg,49.893612,10.886111,1306.0,1245.0,1.5756346772171876,4000.0,8000.0,8000.0,5000.0,7000.0,1,0,173
22032,Eichstaett,48.890835,11.185,1042.0,1199.0,2.7541126720648483,1000.0,2000.0,2000.0,1000.0,2000.0,1,0,601
22039,Fuerth,49.477222,10.989722,1818.0,1007.0,1.0669284981472018,1000.0,1000.0,1000.0,2000.0,2000.0,1,0,690
22134,Velden,49.612778,11.511111,1376.0,1250.0,31.598361851384258,,,,,,1,0,66
23001,Abensberg,48.815556,11.848333,1366.0,1313.0,29.239864459415042,,,,,,1,0,1604
23002,Aichach,48.459167,11.13,1204.0,1324.0,22.08903094910457,,,,,,1,0,137
23003,Altoetting,48.227779,12.678889,1898.0,1845.0,44.82388858241859,,,,,,1,0,1691
23008,Bad Aibling,47.863335,12.010278,1265.0,1229.0,44.186814583381086,,,,,,1,0,1282
23011,Bad Woerishofen,48.002777,10.5925,1949.0,,13.805020688182521,,,,,,1,0,912
23012,Baernau,49.809166,12.429722,1343.0,1343.0,39.28616858559011,,,,,,1,0,443
23016,Bogen,48.909168,12.693055,1952.0,1338.0,9.56272259187237,,,,,,1,0,1888
23027,Dingolfing,48.629444,12.496667,1274.0,1275.0,26.938826670126172,,,,,,1,0,1006
23028,Donauwoerth,48.718887,10.777778,1220.0,980.0,9.877732993515876,,,,,,1,0,801
23038,Freyung,48.808887,13.5475,1354.0,1525.0,26.07901693110241,,,,,,1,0,1468
23043,Garmisch-Partenkirchen,47.492222,11.086111,,1361.0,34.192366994435396,,,,,,1,0,858
23045,Geisenfeld,48.683887,11.611944,1282.0,1508.0,15.257345413145696,,,,,,1,0,857
23078,Lindau (Bodensee),47.546391,9.6841669,1274.0,,15.463489781876413,,,,,,0,0,566
23095,Neuburg a. d. Donau,48.734165,11.179444,1332.0,1900.0,0.46491929866311316,2000.0,2000.0,2000.0,1000.0,2000.0,1,0,1315
23141,Tegernsee,47.708611,11.756945,1954.0,1500.0,42.14827736947409,,,,,,1,0,1743
