cid,city,country,lat,lon,elev,transport,in_hre,in_cne,pop800,pop1200,pop1300,pop1400,pop1500,on_river,on_coast,inland,atlantic,baltic,northsea,medit,charter_year,market_year,first_mention,legal_family,name_loc,in_stadtebuch,in_via,staple,water,l1200,l1500,pred1500,resid,res_p,disp
947,Koeln,Germany,50.92,6.95,46,river north sea,True,True,4000.0,40000.0,44000.0,40000.0,45000.0,1,0,0,0,0,1,0,,1500.0,-38.0,,Koeln,True,True,1.0,1,10.596634733096073,10.714417768752456,40798.87654868167,0.09800794431084192,0.11206413426481454,Cologne
1381,Nuernberg,Germany,49.45,11.07,301,river north sea,True,True,0.0,7000.0,14000.0,6000.0,38000.0,1,0,0,0,0,1,0,1200.0,1050.0,1039.0,,Nuernberg,True,True,0.0,1,8.85366542803745,10.545341438708522,9082.097736180023,1.4312809655824328,1.4703744118460467,Nuremberg
137,Augsburg,Germany,48.35,10.88,474,river black sea,True,True,3000.0,13000.0,19000.0,12000.0,30000.0,1,0,0,0,0,0,0,,900.0,14.0,A06,Augsburg,True,False,,1,9.472704636443673,10.308952660644293,15485.203571611763,0.6613124219487325,0.6915135467689328,Augsburg
704,Gdansk,Poland,54.38,18.67,15,baltic,False,True,0.0,5000.0,9000.0,20000.0,30000.0,0,1,0,0,1,0,0,1224.0,1260.0,997.0,,Danzig,True,True,1.0,1,8.517193191416238,10.308952660644293,6795.6556762288365,1.4849138447880428,1.5288406186409116,Danzig
794,Hamburg,Germany,53.55,9.98,3,north sea + river,True,True,1000.0,2000.0,5000.0,8000.0,30000.0,1,1,0,0,0,1,0,1215.0,900.0,811.0,H02,Hamburg,True,True,1.0,1,7.600902459542082,10.308952660644293,3084.8046699891715,2.274709042358241,2.33179807089999,Hamburg
89,Antwerpen,Belgium,51.22,4.42,3,north sea + river,True,True,1000.0,3000.0,7000.0,15000.0,30000.0,1,1,0,0,0,1,0,,,,,,False,True,1.0,1,8.006367567650246,10.308952660644293,4375.313969848004,1.9252190998908425,1.9764837379474258,Antwerpen
2038,Utrecht,Netherlands,52.08,5.13,1,river north sea,True,True,2000.0,3000.0,6000.0,13000.0,25000.0,1,0,0,0,0,1,0,,,,,,False,True,1.0,1,8.006367567650246,10.126631103850338,4375.313969848004,1.7428975430968876,1.794162181153471,Utrecht
1103,Luebeck,Germany,53.87,10.67,15,baltic + river,True,True,0.0,11000.0,15000.0,17000.0,25000.0,1,1,0,0,1,0,0,1160.0,,1000.0,,Luebeck,True,True,1.0,1,9.305650551780507,10.126631103850338,13408.5556280209,0.6229828419497299,0.6555836509887776,Lübeck
1604,Regensburg,Germany,49.02,12.1,332,river black sea,True,True,3000.0,16000.0,12000.0,8000.0,22000.0,1,0,0,0,0,0,0,1207.0,934.0,98.0,R04,Regensburg,True,False,,1,9.680344001221918,9.998797732340453,18520.15035840186,0.17218310546903481,0.19940155011188843,Regensburg
2180,Wien,Austria,48.22,16.33,170,river black sea,True,True,3000.0,17000.0,20000.0,20000.0,20000.0,1,0,0,0,0,0,0,,,,,,False,False,,1,9.740968623038354,9.903487552536127,19513.658082565453,0.024617638669505837,0.0509652279331565,Vienna
1887,Strasbourg,France,48.58,7.75,140,river north sea,False,True,2000.0,10000.0,15000.0,17000.0,20000.0,1,0,0,0,0,1,0,,,1299.0,,Kehl,True,False,,1,9.210340371976184,9.903487552536127,12351.043330842596,0.4819917338180879,0.5159616463713252,Strasbourg
629,Erfurt,Germany,50.97,11.02,194,river north sea,True,True,1000.0,15000.0,16000.0,11000.0,19000.0,1,0,0,0,0,1,0,,1289.0,742.0,,Erfurt,True,True,1.0,1,9.615805480084347,9.852194258148577,17518.027301165628,0.08120849696314103,0.10935401903121011,Erfurt
300,Bremen,Germany,53.08,8.8,3,river north sea,True,True,2000.0,8000.0,13000.0,7000.0,18000.0,1,0,0,0,0,1,0,1186.0,965.0,780.0,B04,Bremen,True,True,1.0,1,8.987196820661973,9.798127036878302,10189.9541226125,0.5689694128686735,0.6061447188111586,Bremen
1124,Magdeburg,Germany,52.12,11.63,42,river north sea,True,True,1000.0,16000.0,15000.0,10000.0,18000.0,1,0,0,0,0,1,0,1188.0,965.0,805.0,M05,Magdeburg,True,True,1.0,1,9.680344001221918,9.798127036878302,18520.15035840186,-0.028487589993115847,-0.0012691453502622352,Magdeburg
2029,Ulm,Germany,48.4,10.0,585,river black sea,True,True,0.0,2000.0,7000.0,9000.0,16000.0,1,0,0,0,0,0,0,1274.0,1300.0,-2000.0,U01,Ulm,True,False,,1,7.600902459542082,9.680344001221918,3084.8046699891715,1.6461003829358667,1.7031894114776156,Ulm
71,Amsterdam,Netherlands,52.37,4.9,2,north sea,True,True,0.0,1000.0,1000.0,3000.0,12000.0,0,1,0,0,0,1,0,,,,,,False,True,1.0,1,6.907755278982137,9.392661928770137,1697.287411608411,1.9558753133458735,2.0229212031872548,Amsterdam
680,Frankfurt am Main,Germany,50.1,8.67,119,river north sea,True,True,2000.0,4000.0,13000.0,9000.0,12000.0,1,0,0,0,0,1,0,1297.0,1240.0,794.0,,Frankfurt,True,True,0.0,1,8.294049640102028,9.392661928770137,5606.604860734382,0.7609613076222974,0.808093474864414,Frankfurt
1648,Rostock,Germany,54.08,12.12,14,baltic + river,True,True,0.0,3000.0,10000.0,13000.0,10000.0,1,1,0,0,1,0,0,1218.0,1390.0,1160.0,R02,Rostock,True,True,1.0,1,8.006367567650246,9.210340371976184,4375.313969848004,0.8266068112227334,0.8778714492793167,Rostock
186,Basel,Switzerland,47.55,7.58,250,river north sea,True,True,2000.0,5000.0,7000.0,10000.0,10000.0,1,0,0,0,0,1,0,,,,,,False,False,,1,8.517193191416238,9.210340371976184,6795.6556762288365,0.38630155611993366,0.43022832997280247,Basel
1036,Leipzig,Germany,51.32,12.37,110,river north sea,True,True,0.0,3000.0,4000.0,3000.0,7000.0,1,0,0,0,0,1,0,1156.0,,1015.0,L13,Leipzig,True,True,1.0,1,8.006367567650246,8.85366542803745,4375.313969848004,0.46993186728400005,0.5211965053405834,Leipzig
1129,Mainz,Germany,50.02,8.27,106,river north sea,True,True,3000.0,9000.0,13000.0,9000.0,6000.0,1,0,0,0,0,1,0,1300.0,975.0,-38.0,M01,Mainz,True,True,1.0,1,9.104979856318357,8.699514748210191,11278.804169416519,-0.6311657578724468,-0.5956823716006632,Mainz
