id,cid,lat,lon,match_dist_km,city,country,closeness,betw_topo,node_idx,city_w,country_w,lat_w,lon_w,elev,transport,in_hre,in_cne,pop1100,pop1200,pop1300,pop1400,pop1500,on_river,on_coast,inland,atlantic,baltic,northsea,medit,logMA1200,logMA1300,logMA1400,logMA1500,log_betw,closeness_z,lpop1200,lpop1500,g
6712,1693.0,52.850548,11.151767,1.0576910015285348,Salzwedel,Germany,0.0037077055695136,6.0,0,Salzwedel,Germany,52.86,11.15,19,river north sea,True,True,2000.0,3000.0,3000.0,2000.0,5000.0,1,0,0,0,0,1,0,12.030905177422701,12.422387323220669,12.340773035883988,12.804217138503324,1.9459101490553132,1.1554775912025246,8.006367567650246,8.517193191416238,0.5108256237659923
1017,337.0,53.121971,18.000143,0.8928362838513159,Bydgoszcz,Poland,0.0020936549787612,9032.0,1,Bydgoszcz,Poland,53.13,18.0,60,river baltic,False,True,0.0,1000.0,2000.0,1000.0,2000.0,1,0,0,0,1,0,0,10.507196655611235,11.011056310504737,11.16062072227805,11.599855107443835,9.108639817149843,-1.1465499168557545,6.907755278982137,7.600902459542082,0.6931471805599454
1036,319.0,51.20876,3.224332,1.3107042891660488,Brugge,Belgium,0.0030212459711017,0.0,2,Brugge,Belgium,51.22,3.23,2,north sea,True,True,7000.0,10000.0,40000.0,37000.0,35000.0,0,1,0,0,0,1,0,12.151636937318086,12.65730056582008,12.627233185860359,13.042856505746274,0.0,0.17641975511686026,9.210340371976184,10.46310334047155,1.2527629684953663
2456,767.0,53.218044,6.566612,1.1271915962284076,Groningen,Netherlands,0.0036259590340763,0.0,3,Groningen,Netherlands,53.22,6.55,1,river north sea,True,True,2000.0,3000.0,4000.0,5000.0,14000.0,1,0,0,0,0,1,0,12.20961856242871,12.673919008703505,12.611055731743823,13.023988988752444,0.0,1.0388872102421594,8.006367567650246,9.546812608597396,1.5404450409471497
268,89.0,51.221248,4.399862,1.4093408827240856,Antwerpen,Belgium,0.0030915022505911,0.0,4,Antwerpen,Belgium,51.22,4.42,3,north sea + river,True,True,2000.0,3000.0,7000.0,15000.0,30000.0,1,1,0,0,0,1,0,12.216638228686485,12.769724238403517,12.714137715144735,13.088882066558346,0.0,0.2766222450047619,8.006367567650246,10.308952660644293,2.302585092994047
941,294.0,54.381613,19.823706,2.084757463441107,Braniewo,Poland,0.0018703043145669,450.0,5,Braniewo,Poland,54.4,19.83,14,river baltic,False,True,0.0,0.0,1000.0,2000.0,3000.0,1,0,0,0,1,0,0,10.22382531991939,10.765389765180906,11.012146346528006,11.438287285466213,6.111467339502679,-1.465102120773159,,8.006367567650246,
1239,483.0,51.945492,7.167782,1.7293317684733072,Coesfeld,Germany,0.0031454332073803,0.0,6,Coesfeld,Germany,51.93,7.17,89,river north sea,True,True,1000.0,1000.0,2000.0,1000.0,1000.0,1,0,0,0,0,1,0,12.160154995599841,12.623453554940042,12.562929982411877,12.952651716845596,0.0,0.3535408662524191,6.907755278982137,6.907755278982137,0.0
2048,691.0,50.55032,9.677818,0.1582192477761261,Fulda,Germany,0.0030246390072616,284.0,7,Fulda,Germany,50.55,9.68,261,river north sea,True,True,2000.0,2000.0,3000.0,2000.0,4000.0,1,0,0,0,0,1,0,11.863370710775134,12.26941808752307,12.137075330049125,12.552513182555225,5.652489180268651,0.18125904740464752,7.600902459542082,8.294049640102028,0.6931471805599454
2791,799.0,50.13654,8.917454,0.7495159788146992,Hanau,Germany,0.0028228091842667,0.0,8,Hanau,Germany,50.13,8.92,103,river north sea,True,True,2000.0,2000.0,2000.0,1000.0,1000.0,1,0,0,0,0,1,0,11.977711216291963,12.43745970469787,12.345670193421089,12.729385263148114,0.0,-0.10659921871339854,7.600902459542082,6.907755278982137,-0.6931471805599454
4746,1148.0,50.808961,8.770484,1.22795340129231,Marburg,Germany,0.0029072327139874,32.0,9,Marburg,Germany,50.82,8.77,186,river north sea,True,True,1000.0,1000.0,2000.0,1000.0,2000.0,1,0,0,0,0,1,0,11.839969272104149,12.255771339861186,12.13111820782086,12.528425515170053,3.4965075614664802,0.013809205197175519,6.907755278982137,7.600902459542082,0.6931471805599454
6297,1602.0,51.61491,7.198298,3.8836000204720458,Recklinghausen,Germany,0.0031358943464337,0.0,10,Recklinghausen,Germany,51.58,7.2,85,land north sea,True,True,1000.0,1000.0,1000.0,1000.0,1000.0,0,0,1,0,0,1,0,12.216378067984909,12.687056774094026,12.628643037524467,13.016584754374547,0.0,0.33993613761477476,6.907755278982137,6.907755278982137,0.0
7115,1788.0,50.874588,8.024642,0.6337345356158576,Siegen,Germany,0.0027350735244095,10.0,11,Siegen,Germany,50.87,8.03,267,land north sea,True,True,0.0,1000.0,2000.0,2000.0,3000.0,0,0,1,0,0,1,0,11.868244685858544,12.30427488247466,12.210969679589274,12.591458170072658,2.3978952727983707,-0.23173154330476667,6.907755278982137,8.006367567650246,1.0986122886681091
5160,1309.0,52.606647,12.876269,0.8517755432458973,Nauen,Germany,0.0032503958423433,0.0,12,Nauen,Germany,52.6,12.87,35,land north sea,True,True,0.0,1000.0,1000.0,1000.0,1000.0,0,0,1,0,0,1,0,11.75827695512154,12.15889300673855,12.072070385921593,12.541043820729506,0.0,0.5032430344418742,6.907755278982137,6.907755278982137,0.0
7722,1833.0,55.082141,21.903648,1.5239043478020602,Sovetsk,Russia,0.0017571103891696,0.0,13,Sovetsk,Russia,55.08,21.88,10,river baltic,False,False,0.0,0.0,1000.0,1000.0,2000.0,1,0,0,0,1,0,0,9.96608382503856,10.531998654222592,10.807711548050673,11.219268525225466,0.0,-1.6265441049975893,,7.600902459542082,
5622,1397.0,54.292143,10.886782,1.7348569552442914,Oldenburg,Germany,0.0029707971281715,0.0,14,Oldenburg,Germany,54.28,10.87,8,baltic,True,True,2000.0,1000.0,1000.0,1000.0,1000.0,0,1,0,0,1,0,0,11.583529313244094,11.98118322901833,11.897224413708647,12.36640903813328,0.0,0.10446747255495209,6.907755278982137,6.907755278982137,0.0
8757,476.0,51.819369,10.33924,2.2454661891157173,Clausthal Zellerfeld,Germany,0.003398981545678,250.0,15,Clausthal Zellerfeld,Germany,51.8,10.33,560,land north sea,True,True,0.0,0.0,0.0,0.0,1000.0,0,0,1,0,0,1,0,11.993881979586615,12.368718008480986,12.24983696808445,12.698242294255138,5.5254529391317835,0.7151622755985089,,6.907755278982137,
11958,1202.0,51.500037,3.673561,3.7075233753330377,Middelburg,Netherlands,0.0031155024055123,0.0,16,Middelburg,Netherlands,51.5,3.62,1,north sea + river,True,True,1000.0,3000.0,8000.0,5000.0,7000.0,1,1,0,0,0,1,0,12.236161245599055,12.788897836850587,12.76281030680509,13.147506371428344,0.0,0.31085228534104925,8.006367567650246,8.85366542803745,0.8472978603872043
10318,1737.0,50.721343,10.451045,1.4890287813725378,Schmalkalden,Germany,0.0029532885658877,264.0,17,Schmalkalden,Germany,50.72,10.43,295,land north sea,True,True,1000.0,2000.0,2000.0,1000.0,1000.0,0,0,1,0,0,1,0,11.762240036207713,12.137485310732528,11.980092881623449,12.430811837573776,5.579729825986222,0.07949601736340758,7.600902459542082,6.907755278982137,-0.6931471805599454
11006,229.0,52.513976,13.405676,0.7721347814984091,Berlin,Germany,0.0034557389239819,0.0,18,Berlin,Germany,52.52,13.4,35,river north sea,True,True,2000.0,3000.0,4000.0,5000.0,9000.0,1,0,0,0,0,1,0,11.862753829452657,12.266589780393318,12.17490700047161,12.637112211173806,0.0,0.7961120592604581,8.006367567650246,9.104979856318357,1.098612288668111
0,741.0,51.532781,9.935188,1.0702370312314582,Goettingen,Germany,0.00326650322124,0.0,19,Goettingen,Germany,51.53,9.95,150,land north sea,True,True,2000.0,4000.0,8000.0,5000.0,7000.0,0,0,1,0,0,1,0,11.940373185311332,12.314978677616496,12.180840817750164,12.62498815129032,0.0,0.5262160623725762,8.294049640102028,8.85366542803745,0.5596157879354227
8468,903.0,52.526845,5.967086,5.216807171223239,Kampen,Netherlands,0.0034322065169875,0.0,20,Kampen,Netherlands,52.55,5.9,1,north sea + river,True,True,0.0,1000.0,2000.0,5000.0,7000.0,1,1,0,0,0,1,0,12.247553705166792,12.728114850400349,12.675864960479986,13.088453950101995,0.0,0.7625491408845976,6.907755278982137,8.85366542803745,1.9459101490553135
5224,1314.0,53.557107,13.261152,1.080374263711333,Neubrandenburg,Germany,0.0026356721638888,14.0,21,Neubrandenburg,Germany,53.55,13.25,18,river baltic,True,True,1000.0,1000.0,2000.0,1000.0,2000.0,1,0,0,0,1,0,0,11.281459521781755,11.737543915854541,11.652543038226703,12.080820464068331,2.70805020110221,-0.3735019856738633,6.907755278982137,7.600902459542082,0.6931471805599454
11895,749.0,52.001605,4.774255,4.2394044165504745,Gouda,Netherlands,0.003275176747471,0.0,22,Gouda,Netherlands,52.02,4.72,-2,river north sea,True,True,0.0,1000.0,2000.0,4000.0,11000.0,1,0,0,0,0,1,0,12.294736065616007,12.817271570415635,12.78295643394268,13.18131722260703,0.0,0.5385866138844217,6.907755278982137,9.305650551780507,2.3978952727983707
7520,1124.0,52.121847,11.630887,0.2141195420403779,Magdeburg,Germany,0.0036383338573303,0.0,23,Magdeburg,Germany,52.12,11.63,42,river north sea,True,True,8000.0,16000.0,15000.0,10000.0,18000.0,1,0,0,0,0,1,0,11.999521447171931,12.390920154917172,12.312304047292143,12.76925604068602,0.0,1.0565367087778823,9.680344001221918,9.798127036878302,0.11778303565638382
17598,623.0,50.693516,4.039493,0.9833042667785464,Enghien,Belgium,0.0026433125132326,0.0,24,Enghien,Belgium,50.7,4.03,104,land north sea,True,True,1000.0,1000.0,2000.0,1000.0,5000.0,0,0,1,0,0,1,0,11.890379692365173,12.464649693037087,12.432185278841889,12.802476867989606,0.0,-0.3626049949219166,6.907755278982137,8.517193191416238,1.6094379124341014
11861,595.0,52.512613,5.04934,4.358229272217159,Edam,Netherlands,0.0031336388535263,0.0,25,Edam,Netherlands,52.55,5.03,1,north sea,True,True,0.0,1000.0,2000.0,1000.0,4000.0,0,1,0,0,0,1,0,12.198425335999238,12.716616114048763,12.692432762207398,13.101539748402962,0.0,0.3367192578299569,6.907755278982137,8.294049640102028,1.3862943611198908
132,1404.0,53.77672,20.476163,1.6081461029485171,Olsztyn,Poland,0.0015120688383694,0.0,26,Olsztyn,Poland,53.78,20.5,90,river baltic,False,True,0.0,0.0,0.0,1000.0,1000.0,1,0,0,0,1,0,0,9.374561812038108,9.938429676886102,10.192057864978935,10.61845072970856,0.0,-1.9760327726956477,,6.907755278982137,
1521,565.0,51.81514,4.667133,1.6949938134932103,Dordrecht,Netherlands,0.0032786001759695,0.0,27,Dordrecht,Netherlands,51.8,4.67,1,north sea + river,True,True,1000.0,3000.0,8000.0,8000.0,10000.0,1,1,0,0,0,1,0,12.302075698125812,12.823108159781745,12.791923574897691,13.198196318274112,0.0,0.5434692530164106,8.006367567650246,9.210340371976184,1.2039728043259377
626,466.0,50.346983,18.923447,5.553969352767395,Chorzow,Poland,0.0015962518203235,436.0,28,Chorzow,Poland,50.3,18.95,319,land baltic,False,True,0.0,0.0,0.0,0.0,0.0,0,0,1,0,1,0,0,9.560659479066377,10.02076865377573,10.01828527985043,10.429545981923265,6.07993319509559,-1.8559674282268759,,,
50,603.0,51.81823,9.86698,0.2860513212680735,Einbeck,Germany,0.0033327899212416,0.0,29,Einbeck,Germany,51.82,9.87,112,land north sea,True,True,0.0,1000.0,2000.0,3000.0,7000.0,0,0,1,0,0,1,0,11.986214052628892,12.367197645501143,12.226836496004601,12.661507215421482,0.0,0.6207569693902167,6.907755278982137,8.85366542803745,1.9459101490553135
64,621.0,51.875076,6.243247,5.33843068214911,Emmerich,Germany,0.0033607063313442,0.0,30,Emmerich,Germany,51.83,6.27,17,river north sea,True,True,2000.0,2000.0,3000.0,2000.0,4000.0,1,0,0,0,0,1,0,12.317388907063043,12.807434109446481,12.766684692962503,13.163074095405156,0.0,0.6605725392060701,7.600902459542082,8.294049640102028,0.6931471805599454
65,331.0,50.776489,6.083815,0.4736751283192175,Burscheid,Germany,0.0027505664448626,0.0,31,Burscheid,Germany,50.78,6.08,195,land north sea,True,True,0.0,1000.0,1000.0,1000.0,1000.0,0,0,1,0,0,1,0,11.949923261159743,12.448309922414367,12.399477306936227,12.790688068335228,0.0,-0.20963488210496503,6.907755278982137,6.907755278982137,0.0
69,2.0,50.938341,4.039006,1.1218355774514877,Aalst,Belgium,0.0029830080956335,910.0,32,Aalst,Belgium,50.93,4.03,17,river north sea,True,True,2000.0,3000.0,4000.0,4000.0,5000.0,1,0,0,0,0,1,0,12.155654046767493,12.727792385653048,12.694420576091776,13.077305460867144,6.814542897259958,0.12188327300047862,8.006367567650246,8.517193191416238,0.5108256237659923
244,69.0,52.156362,5.389577,1.003049947347642,Amersfoort,Netherlands,0.0030828383765891,152.0,33,Amersfoort,Netherlands,52.15,5.4,3,river north sea,True,True,1000.0,2000.0,3000.0,2000.0,7000.0,1,0,0,0,0,1,0,12.152145154278237,12.670520699862706,12.643187805656579,13.045998855656485,5.030437921392435,0.2642654599118871,7.600902459542082,8.85366542803745,1.252762968495368
322,121.0,51.755573,11.455672,0.7324325147543669,Aschersleben,Germany,0.0034259309955757,178.0,34,Aschersleben,Germany,51.75,11.45,114,land north sea,True,True,1000.0,2000.0,2000.0,1000.0,1000.0,0,0,1,0,0,1,0,11.989433813181462,12.34471125471909,12.239690709107466,12.707636223621089,5.187385805840755,0.7535987256992612,7.600902459542082,6.907755278982137,-0.6931471805599454
296,114.0,51.978705,5.910977,0.634540948727431,Arnhem,Netherlands,0.0034402845965149,0.0,35,Arnhem,Netherlands,51.98,5.92,13,river north sea,True,True,2000.0,2000.0,2000.0,3000.0,6000.0,1,0,0,0,0,1,0,12.350343633592951,12.849122031959787,12.808303810480233,13.208996051161925,0.0,0.7740704410166394,7.600902459542082,8.699514748210191,1.0986122886681091
317,120.0,49.974495,9.146622,0.6580662588873177,Aschaffenburg,Germany,0.0028203523507939,8.0,36,Aschaffenburg,Germany,49.98,9.15,138,river north sea,True,True,1000.0,1000.0,2000.0,1000.0,1000.0,1,0,0,0,0,1,0,12.008836787751209,12.468719960657172,12.381277610771829,12.764666411948365,2.1972245773362196,-0.11010325896437198,6.907755278982137,6.907755278982137,0.0
476,191.0,51.181365,14.423985,3.907445056634742,Bautzen,Germany,0.0027495184286486,840.0,37,Bautzen,Germany,51.18,14.48,205,river north sea,True,True,3000.0,7000.0,3000.0,5000.0,5000.0,1,0,0,0,0,1,0,11.442905359275656,11.85222717261685,11.81738569418388,12.24184403383448,6.734591659972948,-0.21112960734303515,8.85366542803745,8.517193191416238,-0.33647223662121206
479,194.0,49.944915,11.57351,0.7316795190480714,Bayreuth,Germany,0.0024084485184303,290.0,38,Bayreuth,Germany,49.95,11.58,343,river north sea,True,True,0.0,1000.0,1000.0,1000.0,2000.0,1,0,0,0,0,1,0,11.19949054188715,11.597274356836147,11.465763671436573,11.976706273673631,5.673323267171493,-0.6975779999720977,6.907755278982137,7.600902459542082,0.6931471805599454
485,200.0,51.754833,8.040517,0.9016173926421448,Beckum,Germany,0.0033081352637726,896.0,39,Beckum,Germany,51.75,8.03,100,land north sea,True,True,1000.0,1000.0,2000.0,1000.0,1000.0,0,0,1,0,0,1,0,12.221751098715618,12.665399768543974,12.587192707215825,12.979387842509087,6.799055862058796,0.5855934497207771,6.907755278982137,6.907755278982137,0.0
565,225.0,51.494526,4.287204,0.7868864063686835,Bergen op Zoom,Netherlands,0.0031543138405101,0.0,40,Bergen op Zoom,Netherlands,51.5,4.28,10,north sea,True,True,0.0,1000.0,1000.0,1000.0,1000.0,0,1,0,0,0,1,0,12.257782318412554,12.810114389489508,12.77779017394712,13.172466086070905,0.0,0.3662068024200355,6.907755278982137,6.907755278982137,0.0
586,232.0,51.798839,11.735776,0.4176394734458499,Bernburg,Germany,0.0035346634624221,218.0,41,Bernburg,Germany,51.8,11.73,85,river north sea,True,True,2000.0,2000.0,2000.0,1000.0,3000.0,1,0,0,0,0,1,0,12.041609991940135,12.399698011008292,12.302910816865946,12.76428283277702,5.389071729816501,0.9086775882414608,7.600902459542082,8.006367567650246,0.4054651081081637
652,242.0,52.020467,8.531712,0.803104385234767,Bielefeld,Germany,0.0034512002394446,1226.0,42,Bielefeld,Germany,52.02,8.52,118,land north sea,True,True,0.0,1000.0,1000.0,1000.0,2000.0,0,0,1,0,0,1,0,12.133638637907419,12.549382227801136,12.44268200163338,12.850391926802319,7.112327444710911,0.7896387945963113,6.907755278982137,7.600902459542082,0.6931471805599454
11862,50.0,52.630722,4.749201,1.298367388034401,Alkmaar,Netherlands,0.0031428359169923,0.0,43,Alkmaar,Netherlands,52.63,4.73,3,river north sea,True,True,1000.0,2000.0,3000.0,2000.0,5000.0,1,0,0,0,0,1,0,12.202906123932024,12.725035513584983,12.701166471189154,13.11085230813713,0.0,0.34983650038319036,7.600902459542082,8.517193191416238,0.916290731874156
1750,612.0,54.158416,19.396069,2.0214580725956015,Elblag,Poland,0.001931180133679,0.0,44,Elblag,Poland,54.17,19.42,10,baltic + river,False,True,1000.0,2000.0,3000.0,5000.0,10000.0,1,1,0,0,1,0,0,10.269699241644147,10.832209764562602,11.058149915235292,11.465330472733532,0.0,-1.3782784419030265,7.600902459542082,9.210340371976184,1.6094379124341014
928,293.0,52.413985,12.553797,2.24143713781715,Brandenburg,Germany,0.0035975051368796,0.0,45,Brandenburg,Germany,52.4,12.53,29,river north sea,True,True,2000.0,2000.0,1000.0,2000.0,5000.0,1,0,0,0,0,1,0,11.9602297579122,12.359842463003243,12.26857769101496,12.730423731172383,0.0,0.9983050535033597,7.600902459542082,8.517193191416238,0.916290731874156
942,297.0,52.262815,10.517142,1.841712930936054,Braunschweig,Germany,0.00363075267757,144.0,46,Braunschweig,Germany,52.25,10.5,71,river north sea,True,True,3000.0,11000.0,12000.0,18000.0,18000.0,1,0,0,0,0,1,0,12.054401954974466,12.44886749467727,12.31724394068279,12.792164249503086,4.976733742420574,1.0457241081991044,9.305650551780507,9.798127036878302,0.49247648509779474
949,298.0,51.588294,4.776283,1.0193133301791086,Breda,Netherlands,0.0031669099127461,0.0,47,Breda,Netherlands,51.58,4.77,3,river north sea,True,True,1000.0,1000.0,2000.0,1000.0,6000.0,1,0,0,0,0,1,0,12.249672803798171,12.786624672554977,12.757342292549525,13.147948784669582,0.0,0.3841718556512629,6.907755278982137,8.699514748210191,1.7917594692280545
989,321.0,50.861908,17.470135,1.6752202363079554,Brzeg,Poland,0.0020135282823649,872.0,48,Brzeg,Poland,50.87,17.45,134,river baltic,False,True,0.0,0.0,1000.0,1000.0,2000.0,1,0,0,0,1,0,0,10.433496209941957,10.860302055362306,10.85641694740322,11.271294616512963,6.771935555839602,-1.260830014574459,,7.600902459542082,
991,1117.0,51.902257,4.164831,5.430928098943549,Maassluis,Netherlands,0.0032076554929407,0.0,49,Maassluis,Netherlands,51.93,4.23,4,north sea + river,True,True,0.0,0.0,1000.0,1000.0,1000.0,1,1,0,0,0,1,0,12.277493631365365,12.809727166042896,12.780278800559136,13.183858718855907,0.0,0.442284932761219,,6.907755278982137,
1127,325.0,52.270597,11.858961,1.2103376316866308,Burg,Germany,0.0035891298178324,0.0,50,Burg,Germany,52.28,11.85,54,river north sea,True,True,2000.0,2000.0,2000.0,1000.0,2000.0,1,0,0,0,0,1,0,12.02778872772728,12.398351981329446,12.311544598176022,12.775036834393624,0.0,0.9863598177431647,7.600902459542082,7.600902459542082,0.0
1177,417.0,52.624105,10.081862,0.4734449480363879,Celle,Germany,0.0037330647391408,0.0,51,Celle,Germany,52.62,10.08,40,river north sea,True,True,1000.0,1000.0,1000.0,1000.0,1000.0,1,0,0,0,0,1,0,12.142218402336827,12.534684524936445,12.432502366951704,12.883396187282758,0.0,1.1916459160355881,6.907755278982137,6.907755278982137,0.0
1238,482.0,50.258278,10.964611,0.9970280775445602,Coburg,Germany,0.002552489416751,154.0,52,Coburg,Germany,50.25,10.97,292,river north sea,True,True,1000.0,2000.0,3000.0,4000.0,3000.0,1,0,0,0,0,1,0,11.416968979626638,11.785374785805292,11.611650378499906,12.116850188475356,5.043425116919247,-0.49214075276344277,7.600902459542082,8.006367567650246,0.4054651081081637
1251,513.0,51.760836,14.335247,4.652999241084083,Cottbus,Germany,0.0027692826616135,2.0,53,Cottbus,Germany,51.72,14.35,75,river north sea,True,True,0.0,1000.0,1000.0,2000.0,3000.0,1,0,0,0,0,1,0,11.393581568940077,11.812353809905932,11.76207614131231,12.200551437786055,1.0986122886681098,-0.1829410188182706,6.907755278982137,8.006367567650246,1.0986122886681091
2194,719.0,50.586324,8.674582,1.9274686323968584,Giessen,Germany,0.0028709476905776,440.0,54,Giessen,Germany,50.58,8.7,159,land north sea,True,True,0.0,1000.0,1000.0,1000.0,2000.0,0,0,1,0,0,1,0,11.87636912570939,12.315769336046607,12.202906703516481,12.591688971550056,6.089044875446846,-0.03794203636766355,6.907755278982137,7.600902459542082,0.6931471805599454
1333,704.0,54.349211,18.650284,3.654098622909447,Gdansk,Poland,0.0019210442142754,0.0,55,Gdansk,Poland,54.38,18.67,15,baltic,False,True,2000.0,5000.0,9000.0,20000.0,30000.0,0,1,0,0,1,0,0,10.160525854493306,10.700642112757885,10.793693430877775,11.235633818212646,0.0,-1.3927347206716318,8.517193191416238,10.308952660644293,1.7917594692280545
1374,542.0,52.011187,4.358343,1.3687641697250514,Delft,Netherlands,0.0032180391054485,248.0,56,Delft,Netherlands,52.0,4.35,2,river north sea,True,True,1000.0,5000.0,6000.0,7000.0,12000.0,1,0,0,0,0,1,0,12.256082659279413,12.794444404218638,12.762887729312387,13.165404078103327,5.517452896464707,0.45709448195560354,8.517193191416238,9.392661928770137,0.8754687373538985
1737,605.0,50.974621,10.319604,0.5987605501912201,Eisenach,Germany,0.0031670843083645,526.0,57,Eisenach,Germany,50.98,10.32,215,river north sea,True,True,0.0,1000.0,2000.0,1000.0,4000.0,1,0,0,0,0,1,0,11.907681318439368,12.278104930755754,12.12500028666168,12.564634450211358,6.267200548541362,0.3844205860895413,6.907755278982137,8.294049640102028,1.3862943611198908
1401,547.0,51.835326,12.246898,1.3034404735224976,Dessau,Germany,0.0034703318921026,0.0,58,Dessau,Germany,51.83,12.23,60,river north sea,True,True,0.0,1000.0,1000.0,1000.0,2000.0,1,0,0,0,0,1,0,12.006574448924104,12.366777044104646,12.276293641525406,12.73275184447329,0.0,0.816925170219024,6.907755278982137,7.600902459542082,0.6931471805599454
1417,548.0,52.251815,6.160268,0.6925562312842332,Deventer,Netherlands,0.0034733660248296,0.0,59,Deventer,Netherlands,52.25,6.17,7,river north sea,True,True,4000.0,6000.0,6000.0,5000.0,7000.0,1,0,0,0,0,1,0,12.293974741442089,12.79133116374927,12.753162070151582,13.161456794753482,0.0,0.8212525791866688,8.699514748210191,8.85366542803745,0.15415067982725894
1467,560.0,51.122234,13.123306,0.3390408106747327,Doebeln,Germany,0.0027313059846178,0.0,60,Doebeln,Germany,51.12,13.12,158,river north sea,True,True,1000.0,1000.0,1000.0,1000.0,2000.0,1,0,0,0,0,1,0,11.526215961031099,11.89152236689115,11.827743918285238,12.270268150973564,0.0,-0.23710496857897367,6.907755278982137,7.600902459542082,0.6931471805599454
250,71.0,52.373074,4.89257,0.6093197704074962,Amsterdam,Netherlands,0.0032116636205176,2010.0,61,Amsterdam,Netherlands,52.37,4.9,2,north sea,True,True,0.0,1000.0,1000.0,3000.0,12000.0,0,1,0,0,0,1,0,12.246449847164554,12.764811049587264,12.731443325992503,13.12997278017238,7.606387389772652,0.44800149455345445,6.907755278982137,9.392661928770137,2.484906649788
1545,568.0,51.514287,7.466708,0.6748626715020372,Dortmund,Germany,0.0031139201834927,602.0,62,Dortmund,Germany,51.52,7.47,86,land north sea,True,True,3000.0,4000.0,7000.0,9000.0,8000.0,0,0,1,0,0,1,0,12.177549510422788,12.639498044384352,12.569950160837099,12.967221704202224,6.401917196727186,0.30859565309306175,8.294049640102028,8.987196820661973,0.6931471805599454
1570,575.0,51.049734,13.737918,0.5542745314886587,Dresden,Germany,0.0031283420613517,2710.0,63,Dresden,Germany,51.05,13.73,111,river north sea,True,True,0.0,1000.0,5000.0,4000.0,5000.0,1,0,0,0,0,1,0,11.81487848179031,12.159448001506032,12.111218427196697,12.548392414972572,7.905072849498666,0.32916474785346733,6.907755278982137,8.517193191416238,1.6094379124341014
8844,1896.0,52.085174,15.625421,1.6896645063505171,Sulechow,Poland,0.0026973018857112,0.0,64,Sulechow,Poland,52.1,15.62,85,land baltic,False,True,0.0,0.0,1000.0,1000.0,1000.0,0,0,1,0,1,0,0,11.308164185824415,11.730588606806148,11.661238904714278,12.11865227457252,0.0,-0.285603058736877,,6.907755278982137,
1639,583.0,51.225891,6.772236,2.929306308532732,Duesseldorf,Germany,0.0032260362131735,0.0,65,Duesseldorf,Germany,51.2,6.78,37,river north sea,True,True,1000.0,1000.0,2000.0,2000.0,2000.0,1,0,0,0,0,1,0,12.30288018834058,12.769921217778105,12.712334747331807,13.097490130742898,0.0,0.46850029666384857,6.907755278982137,7.600902459542082,0.6931471805599454
1721,602.0,51.459806,12.633292,1.4272871596086492,Eilenburg,Germany,0.0030638691872167,82.0,66,Eilenburg,Germany,51.45,12.62,106,river north sea,True,True,1000.0,1000.0,1000.0,1000.0,1000.0,1,0,0,0,0,1,0,11.783100794177162,12.135067323675726,12.051261203906012,12.50811833706417,4.418840607796598,0.23721079632759676,6.907755278982137,6.907755278982137,0.0
1728,604.0,51.439449,5.478408,1.201513818152678,Eindhoven,Netherlands,0.0029336978688545,0.0,67,Eindhoven,Netherlands,51.43,5.47,17,river north sea,True,True,0.0,1000.0,1000.0,1000.0,1000.0,1,0,0,0,0,1,0,12.054420792183427,12.571985628179654,12.537899667833337,12.9421581776174,0.0,0.051554933155235655,6.907755278982137,6.907755278982137,0.0
1741,607.0,51.528307,11.546615,1.474633690259544,Eisleben,Germany,0.0033327881447904,808.0,68,Eisleben,Germany,51.52,11.53,114,river north sea,True,True,2000.0,2000.0,4000.0,4000.0,9000.0,1,0,0,0,0,1,0,11.947372913651089,12.291038184023966,12.171403456979379,12.631899156851237,6.695798917058491,0.6207544357400617,7.600902459542082,9.104979856318357,1.5040773967762746
1790,620.0,53.366864,7.206328,0.5457682671912132,Emden,Germany,0.0036648327207404,482.0,69,Emden,Germany,53.37,7.2,2,north sea + river,True,True,2000.0,2000.0,3000.0,2000.0,5000.0,1,1,0,0,0,1,0,12.20421942273487,12.658676030685175,12.59490668657582,13.019587555751919,6.180016653652572,1.0943305132917127,7.600902459542082,8.517193191416238,0.916290731874156
1811,624.0,52.704595,5.2937,1.0550687917560249,Enkhuizen,Netherlands,0.002931838453574,0.0,70,Enkhuizen,Netherlands,52.7,5.28,1,north sea,True,True,0.0,0.0,1000.0,1000.0,4000.0,0,1,0,0,0,1,0,12.056360316022214,12.573006742531565,12.546033392577174,12.955983364403272,0.0,0.048902956104987495,,8.294049640102028,
1826,629.0,50.977868,11.028775,1.069066184532316,Erfurt,Germany,0.0031418802264106,994.0,71,Erfurt,Germany,50.97,11.02,194,river north sea,True,True,8000.0,15000.0,16000.0,11000.0,19000.0,1,0,0,0,0,1,0,11.781955370892677,12.16203947937427,12.023473756814472,12.477851949468013,6.902742737158593,0.34847345388336554,9.615805480084347,9.852194258148577,0.23638877806422975
2777,794.0,53.54798,9.9931,0.8941229595318408,Hamburg,Germany,0.0038616820199018,722.0,72,Hamburg,Germany,53.55,9.98,3,north sea + river,True,True,2000.0,2000.0,5000.0,8000.0,30000.0,1,1,0,0,0,1,0,12.097486139236528,12.483828210751119,12.384975488224532,12.812801222291943,6.583409222158765,1.3750853447745945,7.600902459542082,10.308952660644293,2.7080502011022105
1831,630.0,49.601809,11.003096,1.2347060517066832,Erlangen,Germany,0.0023618592024688,70.0,73,Erlangen,Germany,49.6,11.02,279,river north sea,True,True,1000.0,1000.0,1000.0,1000.0,1000.0,1,0,0,0,0,1,0,11.28465288078991,11.711887512651254,11.575221420885372,12.097331659424968,4.2626798770413155,-0.7640256612408791,6.907755278982137,6.907755278982137,0.0
1865,633.0,51.456963,7.012649,1.53649581582668,Essen,Germany,0.0031384154595807,392.0,74,Essen,Germany,51.47,7.02,116,land north sea,True,True,2000.0,2000.0,1000.0,3000.0,3000.0,0,0,1,0,0,1,0,12.225083319786993,12.702671357552159,12.644114394392291,13.032245915432782,5.973809611869261,0.343531856267321,7.600902459542082,8.006367567650246,0.4054651081081637
1962,664.0,54.782514,9.436726,0.5139801492356889,Flensburg,Germany,0.0026882203613181,40.0,75,Flensburg,Germany,54.78,9.43,26,baltic,True,True,1000.0,1000.0,2000.0,2000.0,3000.0,0,1,0,0,1,0,0,11.317490514130236,11.714744663389173,11.618144047052755,12.084585468842961,3.713572066704308,-0.2985555145569104,6.907755278982137,8.006367567650246,1.0986122886681091
1983,677.0,53.186226,5.544241,1.1746389570298883,Franeker,Netherlands,0.0035538818920444,0.0,76,Franeker,Netherlands,53.18,5.53,4,river north sea,True,True,1000.0,1000.0,2000.0,1000.0,2000.0,1,0,0,0,0,1,0,12.227410722466113,12.697950567903485,12.649791729418846,13.070200154880284,0.0,0.9360877288564421,6.907755278982137,7.600902459542082,0.6931471805599454
1987,680.0,50.110394,8.682175,1.4455900319360342,Frankfurt am Main,Germany,0.0029045368418861,1730.0,77,Frankfurt am Main,Germany,50.1,8.67,119,river north sea,True,True,3000.0,4000.0,13000.0,9000.0,12000.0,1,0,0,0,0,1,0,12.060787131642355,12.497410579585651,12.419002456704026,12.801417801922526,7.456454555176209,0.009964237901257807,8.294049640102028,9.392661928770137,1.0986122886681091
2002,682.0,50.916999,13.343914,2.1271198244854386,Freiberg,Germany,0.0028416662005132,838.0,78,Freiberg,Germany,50.9,13.33,348,land north sea,True,True,0.0,1000.0,6000.0,4000.0,8000.0,0,0,1,0,0,1,0,11.608749901105995,11.950645337725062,11.910809319100679,12.34171925268457,6.732210706467206,-0.0797045412057318,6.907755278982137,8.987196820661973,2.079441541679836
3339,863.0,51.374437,7.69752,1.3124087299461498,Iserlohn,Germany,0.0029416289909789,14.0,79,Iserlohn,Germany,51.37,7.68,247,land north sea,True,True,1000.0,1000.0,2000.0,1000.0,2000.0,0,0,1,0,0,1,0,12.058650041560309,12.514053516664905,12.446426401541983,12.832886604368193,2.70805020110221,0.06286663639721873,6.907755278982137,7.600902459542082,0.6931471805599454
2159,711.0,51.05355,3.724503,0.5048693998296216,Gent,Belgium,0.0030005332397091,0.0,80,Gent,Belgium,51.05,3.72,4,river north sea,True,True,8000.0,25000.0,64000.0,64000.0,45000.0,1,0,0,0,0,1,0,12.062592931631745,12.574666251142755,12.532798752574045,13.01447643579828,0.0,0.14687837784778668,10.126631103850338,10.714417768752456,0.5877866649021186
3582,1129.0,50.00752,8.283357,1.6842391473173992,Mainz,Germany,0.0029252253904713,478.0,81,Mainz,Germany,50.02,8.27,106,river north sea,True,True,7000.0,9000.0,13000.0,9000.0,6000.0,1,0,0,0,0,1,0,12.058310583638802,12.524176275622546,12.44984647740345,12.845752902097438,6.171700597410915,0.03947112462327148,9.104979856318357,8.699514748210191,-0.4054651081081655
2305,742.0,51.829716,4.974971,0.3470248133431047,Gorinchem,Netherlands,0.0033125736398047,0.0,82,Gorinchem,Netherlands,51.83,4.98,2,river north sea,True,True,1000.0,2000.0,2000.0,1000.0,4000.0,1,0,0,0,0,1,0,12.318460773869713,12.844482402776908,12.814551273753924,13.211607492799141,0.0,0.5919236501342836,7.600902459542082,8.294049640102028,0.6931471805599454
2337,746.0,51.905882,10.428955,0.8973497980362873,Goslar,Germany,0.0035174331934632,830.0,83,Goslar,Germany,51.9,10.42,406,river north sea,True,True,2000.0,4000.0,9000.0,6000.0,12000.0,1,0,0,0,0,1,0,12.032761775380854,12.395274897133689,12.292288155593388,12.736706900643235,6.7226297948554485,0.884103046810178,8.294049640102028,9.392661928770137,1.0986122886681091
2347,748.0,50.949588,10.701229,1.3157631456262204,Gotha,Germany,0.0031011992257218,252.0,84,Gotha,Germany,50.95,10.72,290,land north sea,True,True,3000.0,4000.0,5000.0,3000.0,3000.0,0,0,1,0,0,1,0,11.8459112669847,12.209482795031903,12.058036618482141,12.515493545186116,5.53338948872752,0.2904524828075454,8.294049640102028,8.006367567650246,-0.2876820724517817
2602,768.0,51.291728,13.530913,1.508863220059522,Grossenhain,Germany,0.0030008873403989,2.0,85,Grossenhain,Germany,51.28,13.52,115,river north sea,True,True,0.0,1000.0,1000.0,1000.0,2000.0,1,0,0,0,0,1,0,11.721376617033139,12.081724392019096,12.022851436288075,12.45926314762172,1.0986122886681098,0.14738341129172722,6.907755278982137,7.600902459542082,0.6931471805599454
2671,774.0,51.951893,14.725474,3.5796276552605497,Gubin,Poland,0.0030767508593328,278.0,86,Gubin,Poland,51.98,14.7,45,river baltic,False,True,0.0,0.0,1000.0,1000.0,2000.0,1,0,0,0,1,0,0,11.61955695273749,12.039794800039637,11.972213863082919,12.424676909058832,5.631211781821365,0.2555831842384527,,7.600902459542082,
2758,790.0,51.895294,11.052109,1.334467473242703,Halberstadt,Germany,0.0034738224680444,206.0,87,Halberstadt,Germany,51.9,11.07,120,river north sea,True,True,5000.0,8000.0,6000.0,4000.0,10000.0,1,0,0,0,0,1,0,11.969435350113958,12.349346206382284,12.246225399745093,12.69745145715209,5.332718793265369,0.8219035778866822,8.987196820661973,9.210340371976184,0.2231435513142106
2765,793.0,51.482658,11.969805,0.2958648407875068,Halle,Germany,0.0034251919458129,4132.0,88,Halle,Germany,51.48,11.97,105,river north sea,True,True,2000.0,3000.0,4000.0,3000.0,7000.0,1,0,0,0,0,1,0,11.98776584568181,12.33862666792535,12.233318797956931,12.696641396668943,8.326758814511733,0.7525446615369991,8.006367567650246,8.85366542803745,0.8472978603872043
2778,795.0,52.104508,9.356435,0.666670869381942,Hameln,Germany,0.0035605573602286,166.0,89,Hameln,Germany,52.1,9.35,68,river north sea,True,True,1000.0,1000.0,1000.0,1000.0,1000.0,1,0,0,0,0,1,0,12.112266152164036,12.506972530328701,12.375924333882738,12.816333648249426,5.117993812416755,0.9456085651159999,6.907755278982137,6.907755278982137,0.0
2781,797.0,51.681393,7.818742,1.2698118191260093,Hamm,Germany,0.0032679699690349,2150.0,90,Hamm,Germany,51.67,7.82,63,river north sea,True,True,0.0,2000.0,3000.0,2000.0,2000.0,1,0,0,0,0,1,0,12.262437136100804,12.722275019104158,12.656395372665967,13.045834774986591,7.67368812926773,0.5283080003766198,7.600902459542082,7.600902459542082,0.0
2795,800.0,52.371646,9.736082,3.179730136419834,Hannover,Germany,0.0035253450703463,186.0,91,Hannover,Germany,52.4,9.73,53,river north sea,True,True,1000.0,2000.0,5000.0,5000.0,6000.0,1,0,0,0,0,1,0,12.048093715556043,12.43700755289891,12.324666061139151,12.776560520924665,5.231108616854587,0.8953873016715928,7.600902459542082,8.699514748210191,1.0986122886681091
2807,802.0,52.350136,5.618408,1.250397612215896,Harderwijk,Netherlands,0.003121169669689,280.0,92,Harderwijk,Netherlands,52.35,5.6,2,north sea,True,True,0.0,1000.0,2000.0,2000.0,4000.0,0,1,0,0,0,1,0,12.083464899109249,12.57454817944744,12.535911040946402,12.949178788861934,5.638354669333745,0.3189351782224398,6.907755278982137,8.294049640102028,1.3862943611198908
2862,2249.0,52.474399,6.069561,2.9331461556768597,Zwolle,Netherlands,0.0034953247968996,0.0,93,Zwolle,Netherlands,52.5,6.08,1,river north sea,True,True,1000.0,2000.0,3000.0,3000.0,7000.0,1,0,0,0,0,1,0,12.296374364331207,12.78057016930734,12.737832701494737,13.142998059896263,0.0,0.852571112594446,7.600902459542082,8.85366542803745,1.252762968495368
2945,816.0,52.227697,11.010533,1.116809383306607,Helmstedt,Germany,0.0035679986416822,0.0,94,Helmstedt,Germany,52.22,11.0,123,land north sea,True,True,2000.0,3000.0,2000.0,1000.0,2000.0,0,0,1,0,0,1,0,12.030036376432689,12.408052731330946,12.311196260976761,12.759896543654024,0.0,0.9562216367876913,8.006367567650246,7.600902459542082,-0.4054651081081637
2978,820.0,52.114175,8.671844,1.581213282697219,Herford,Germany,0.003508084677196,1364.0,95,Herford,Germany,52.1,8.67,65,river north sea,True,True,2000.0,2000.0,4000.0,2000.0,2000.0,1,0,0,0,0,1,0,12.120989344440302,12.523714790926354,12.416240048775903,12.837165444637183,7.21890970761906,0.8707697958390347,7.600902459542082,7.600902459542082,0.0
3017,2261.0,51.688763,5.303699,1.27524477877382,s Hertogenbosch,Netherlands,0.0033110577274293,544.0,96,s Hertogenbosch,Netherlands,51.7,5.3,3,river north sea,True,True,1000.0,2000.0,3000.0,9000.0,16000.0,1,0,0,0,0,1,0,12.30802411717495,12.82433251450138,12.773793304550908,13.170088585545896,6.300785794663244,0.5897615915173041,7.600902459542082,9.680344001221918,2.079441541679836
3050,824.0,52.152756,9.951685,0.3273073876893074,Hildesheim,Germany,0.0033307333842376,0.0,97,Hildesheim,Germany,52.15,9.95,129,river north sea,True,True,3000.0,5000.0,8000.0,6000.0,10000.0,1,0,0,0,0,1,0,11.951888271766789,12.333228121605323,12.219708502975145,12.66094905123806,0.0,0.6178238489653227,8.517193191416238,9.210340371976184,0.6931471805599454
4754,1133.0,54.037262,19.026117,0.9009083680792432,Malbork,Poland,0.0019581833879129,36.0,98,Malbork,Poland,54.03,19.02,6,river baltic,False,True,0.0,0.0,1000.0,0.0,1000.0,1,0,0,0,1,0,0,10.368475027296942,10.897988749913836,11.14037903106606,11.564837356028775,3.6109179126442243,-1.339765253772689,,6.907755278982137,
3064,2199.0,52.943016,5.399164,2.207196158703447,Workum,Netherlands,0.0034952346741426,0.0,99,Workum,Netherlands,52.95,5.43,-1,river north sea,True,True,0.0,0.0,0.0,1000.0,2000.0,1,0,0,0,0,1,0,12.21457159273536,12.68822899471405,12.635883360900882,13.054566454179009,0.0,0.8524425756905198,,7.600902459542082,
3196,833.0,52.639206,5.059233,1.255320337170294,Hoorn,Netherlands,0.0031216615607095,482.0,100,Hoorn,Netherlands,52.63,5.07,-1,north sea,True,True,1000.0,1000.0,2000.0,3000.0,6000.0,0,1,0,0,0,1,0,12.190137122666583,12.708439435508966,12.678259293476351,13.089636899551218,6.180016653652572,0.31963673408856047,6.907755278982137,8.699514748210191,1.7917594692280545
3298,1809.0,53.010189,5.623388,3.817485702646525,Sneek,Netherlands,0.0035589322762959,298.0,101,Sneek,Netherlands,53.03,5.67,6,river north sea,True,True,1000.0,1000.0,2000.0,2000.0,3000.0,1,0,0,0,0,1,0,12.241593332989241,12.713780281714236,12.663943942778314,13.083982951124193,5.700443573390687,0.9432908013870234,6.907755278982137,8.006367567650246,1.0986122886681091
3325,420.0,54.637991,21.810544,1.0769919282295888,Cernjahovsk,Russia,0.0017881524568498,0.0,102,Cernjahovsk,Russia,54.63,21.82,30,river baltic,False,False,0.0,0.0,0.0,1000.0,1000.0,1,0,0,0,1,0,0,10.048989591577945,10.625580825306407,10.883882271293595,11.304245798268521,0.0,-1.5822705895847198,,6.907755278982137,
7230,1811.0,51.572658,8.106354,0.988332034600161,Soest,Germany,0.0032211867271204,14.0,103,Soest,Germany,51.57,8.12,101,land north sea,True,True,6000.0,12000.0,12000.0,8000.0,10000.0,0,0,1,0,0,1,0,12.123514079167437,12.58679849432962,12.513483769223644,12.910130732493535,2.70805020110221,0.46158375367681787,9.392661928770137,9.210340371976184,-0.18232155679395312
3574,964.0,48.720509,21.257458,0.5500341470806743,Kosice,Slovakia,0.0010556387915378,0.0,104,Kosice,Slovakia,48.72,21.25,210,river black sea,False,False,0.0,1000.0,5000.0,5000.0,4000.0,1,0,0,0,0,0,0,7.360158769866641,7.815831503578459,7.845330095180736,8.266684729042412,0.0,-2.627012691993515,6.907755278982137,8.294049640102028,1.3862943611198908
3580,910.0,51.315808,9.50533,1.8210221697149684,Kassel,Germany,0.0033727431135814,366.0,105,Kassel,Germany,51.32,9.48,152,river north sea,True,True,3000.0,3000.0,4000.0,2000.0,4000.0,1,0,0,0,0,1,0,12.024926179699078,12.415669524477618,12.275894968630862,12.712296687577927,5.905361848054571,0.6777399092856069,8.006367567650246,8.294049640102028,0.2876820724517817
3646,927.0,54.323309,10.139494,0.9656887757036186,Kiel,Germany,0.0031599474585176,0.0,106,Kiel,Germany,54.33,10.13,5,baltic + river,True,True,0.0,1000.0,2000.0,1000.0,3000.0,1,1,0,0,1,0,0,11.69492260140224,12.092915399488929,12.007067759068526,12.470324210116232,0.0,0.3742417077058182,6.907755278982137,8.006367567650246,1.0986122886681091
3852,946.0,50.360368,7.595445,1.59052902043096,Koblenz,Germany,0.0030165398770179,0.0,107,Koblenz,Germany,50.35,7.58,73,river north sea,True,True,3000.0,3000.0,4000.0,2000.0,1000.0,1,0,0,0,0,1,0,12.170170046998976,12.633457458262011,12.565413042187158,12.946766503482335,0.0,0.1697077238469063,8.006367567650246,6.907755278982137,-1.0986122886681091
3880,952.0,54.175813,15.576246,3.1858066915152885,Kolobrzeg,Poland,0.0025217087199065,0.0,108,Kolobrzeg,Poland,54.2,15.55,6,river baltic,False,True,2000.0,2000.0,3000.0,4000.0,5000.0,1,0,0,0,1,0,0,11.118359014319228,11.558148243231035,11.483093452345457,11.935506316567063,0.0,-0.5360414899889162,7.600902459542082,8.517193191416238,0.916290731874156
3888,947.0,50.936623,6.960704,1.9948328954448824,Koeln,Germany,0.0031408921875487,52.0,109,Koeln,Germany,50.92,6.95,46,river north sea,True,True,20000.0,40000.0,44000.0,40000.0,45000.0,1,0,0,0,0,1,0,12.070866768153936,12.598807292599561,12.540454111461763,12.950888796462541,3.970291913552122,0.34706427089235126,10.596634733096073,10.714417768752456,0.11778303565638382
5972,1521.0,50.493533,12.136025,0.8358969108004382,Plauen,Germany,0.0025490493118445,0.0,110,Plauen,Germany,50.5,12.13,412,river north sea,True,True,1000.0,1000.0,1000.0,1000.0,1000.0,1,0,0,0,0,1,0,11.401808925883351,11.753621046465408,11.63610204254772,12.115716955003974,0.0,-0.49704717649683816,6.907755278982137,6.907755278982137,0.0
3911,895.0,54.708932,20.51082,1.4133830550867343,Kaliningrad,Russia,0.0018673919063461,0.0,111,Kaliningrad,Russia,54.72,20.5,5,baltic + river,False,False,0.0,1000.0,3000.0,10000.0,9000.0,1,1,0,0,1,0,0,10.1772594236717,10.721713489099246,10.888131814561843,11.37571028915894,0.0,-1.4692559210799085,6.907755278982137,9.104979856318357,2.19722457733622
3976,967.0,54.19001,16.182474,1.1246433639495934,Koszalin,Poland,0.0022872943644922,476.0,112,Koszalin,Poland,54.18,16.18,30,land baltic,False,True,0.0,1000.0,1000.0,1000.0,3000.0,0,0,1,0,1,0,0,10.832650533486225,11.28086817362444,11.243323917617298,11.68533093076202,6.1675164908883415,-0.870373200245853,6.907755278982137,8.006367567650246,1.0986122886681091
3990,950.0,51.750994,11.973732,0.2796757992737021,Koethen,Germany,0.0034001520432884,0.0,113,Koethen,Germany,51.75,11.97,80,land north sea,True,True,1000.0,1000.0,1000.0,1000.0,1000.0,0,0,1,0,0,1,0,11.967589918677623,12.326574826543457,12.23249675893873,12.694672564672574,0.0,0.716831689006425,6.907755278982137,6.907755278982137,0.0
4168,966.0,52.579019,14.637092,4.639526527118507,Kostrzyn,Poland,0.0032411582395528,0.0,114,Kostrzyn,Poland,52.62,14.65,10,river baltic,False,True,1000.0,1000.0,2000.0,1000.0,2000.0,1,0,0,0,1,0,0,11.719302066266323,12.140992266662481,12.066992692589704,12.525929139457677,0.0,0.49006797298216276,6.907755278982137,7.600902459542082,0.6931471805599454
4220,745.0,52.731058,15.240125,4.3853902536561264,Gorzow Wielkopolski,Poland,0.0031511714227439,0.0,115,Gorzow Wielkopolski,Poland,52.7,15.2,19,river baltic,False,True,0.0,1000.0,2000.0,1000.0,2000.0,1,0,0,0,1,0,0,11.649425669124641,12.072482168152085,12.001390333857476,12.46003717221264,0.0,0.3617249527301623,6.907755278982137,7.600902459542082,0.6931471805599454
4314,1031.0,53.201009,5.796778,1.787146062150988,Leeuwarden,Netherlands,0.0035867019976029,17522.0,116,Leeuwarden,Netherlands,53.2,5.77,1,river north sea,True,True,2000.0,2000.0,3000.0,2000.0,4000.0,1,0,0,0,0,1,0,12.233103314525252,12.704127330795659,12.654761879676638,13.074922226816975,9.771269582708419,0.9828971574121005,7.600902459542082,8.294049640102028,0.6931471805599454
4337,1036.0,51.339915,12.374475,2.2361703655075864,Leipzig,Germany,0.0031153068229451,1592.0,117,Leipzig,Germany,51.32,12.37,110,river north sea,True,True,3000.0,3000.0,4000.0,3000.0,7000.0,1,0,0,0,0,1,0,11.812306243977504,12.158864517895505,12.058695176198043,12.52034828907375,7.373374309910049,0.31057333717649327,8.006367567650246,8.85366542803745,0.8472978603872043
4410,1056.0,56.504632,21.011059,1.7947331497780252,Liepaja,Latvia,0.0014823565419971,0.0,118,Liepaja,Latvia,56.52,21.02,7,baltic,False,False,0.0,0.0,1000.0,1000.0,1000.0,0,1,0,0,1,0,0,9.219160371895043,9.806713837013644,10.076095015444166,10.497946992545213,0.0,-2.018409711788202,,6.907755278982137,
4502,1069.0,51.676271,8.346519,1.957114612684964,Lippstadt,Germany,0.0032763943022004,1968.0,119,Lippstadt,Germany,51.67,8.32,79,river north sea,True,True,0.0,1000.0,2000.0,1000.0,3000.0,1,0,0,0,0,1,0,12.152354102147061,12.582955703893093,12.492461000763429,12.885350118883736,7.585281078639126,0.5403231421541698,6.907755278982137,8.006367567650246,1.0986122886681091
4753,1152.0,50.651123,13.16372,0.4600312456379222,Marienberg,Germany,0.0024722715605231,22.0,120,Marienberg,Germany,50.65,13.17,620,land north sea,True,True,0.0,0.0,1000.0,1000.0,3000.0,0,0,1,0,0,1,0,11.330948538878054,11.677466431240362,11.647606469112366,12.065532968653432,3.1354942159291497,-0.6065508665059168,,8.006367567650246,
7015,183.0,51.283264,7.292642,5.065395384791099,Barmen,Germany,0.0028797985095019,22.0,121,Barmen,Germany,51.28,7.22,191,river north sea,True,True,1000.0,1000.0,1000.0,1000.0,1000.0,1,0,0,0,0,1,0,12.05966786558818,12.518985894700302,12.453080910162836,12.834267481419841,3.1354942159291497,-0.025318622486265874,6.907755278982137,6.907755278982137,0.0
4769,993.0,53.734843,18.921858,1.7683929222096757,Kwidzyn,Poland,0.001869346202462,0.0,122,Kwidzyn,Poland,53.75,18.93,42,land baltic,False,True,0.0,0.0,1000.0,1000.0,2000.0,0,0,1,0,1,0,0,10.184931013983238,10.709218121117045,10.909334151148489,11.342561217427896,0.0,-1.4664686209522242,,7.600902459542082,
8513,2191.0,51.866385,12.643187,0.6167643109070732,Wittenberg,Germany,0.0034297391284577,0.0,123,Wittenberg,Germany,51.87,12.65,75,river north sea,True,True,2000.0,2000.0,3000.0,2000.0,2000.0,1,0,0,0,0,1,0,11.981405653473843,12.33963783680627,12.259938756531456,12.715648712502462,0.0,0.7590300465630132,7.600902459542082,7.600902459542082,0.0
4816,1177.0,51.028057,4.479713,0.7127964096605618,Mechelen,Belgium,0.0030308791149585,0.0,124,Mechelen,Belgium,51.03,4.47,4,river north sea,True,True,2000.0,3000.0,15000.0,10000.0,25000.0,1,0,0,0,0,1,0,12.179166158689641,12.713323205148962,12.694305820853804,13.062084576463791,0.0,0.19015895404562416,8.006367567650246,10.126631103850338,2.120263536200092
4827,729.0,50.849699,12.46657,5.545069038978867,Glauchau,Germany,0.0027474797088885,0.0,125,Glauchau,Germany,50.82,12.53,266,land north sea,True,True,0.0,1000.0,1000.0,1000.0,1000.0,0,0,1,0,0,1,0,11.569864516987993,11.915770241763006,11.812183382596677,12.28446060908588,0.0,-0.21403731605790513,6.907755278982137,6.907755278982137,0.0
4853,1182.0,51.163089,13.470449,0.7691066460286597,Meissen,Germany,0.0031688992915238,22.0,126,Meissen,Germany,51.17,13.47,106,river north sea,True,True,1000.0,1000.0,2000.0,1000.0,2000.0,1,0,0,0,0,1,0,11.840298692175194,12.199070193791162,12.146147738050468,12.580892538633972,3.1354942159291497,0.3870091921613151,6.907755278982137,7.600902459542082,0.6931471805599454
4871,941.0,55.708979,21.135143,4.346243745256603,Klaipeda,Lithuania,0.0017611267176554,0.0,127,Klaipeda,Lithuania,55.67,21.13,21,baltic,False,False,0.0,0.0,1000.0,1000.0,2000.0,0,1,0,0,1,0,0,9.980767307130924,10.547358640686213,10.823002949523607,11.233960540384013,0.0,-1.6208158467207532,,7.600902459542082,
4891,1193.0,51.354851,11.999072,1.430075128441216,Merseburg,Germany,0.0032957906507256,2196.0,128,Merseburg,Germany,51.35,11.98,88,river north sea,True,True,3000.0,5000.0,5000.0,3000.0,5000.0,1,0,0,0,0,1,0,11.9085220005682,12.264014185592519,12.155276480299914,12.628472356734564,7.69484807238461,0.5679870382654323,8.517193191416238,8.517193191416238,0.0
4958,1211.0,52.28806,8.916805,0.9222075170433696,Minden,Germany,0.0036406881396078,1548.0,129,Minden,Germany,52.28,8.92,42,river north sea,True,True,2000.0,2000.0,3000.0,2000.0,4000.0,1,0,0,0,0,1,0,12.13663474872716,12.528371322436563,12.407140281295348,12.843292813463794,7.3453648404168685,1.0598944861583377,7.600902459542082,8.294049640102028,0.6931471805599454
4969,885.0,56.651674,23.722242,3.1988879543995488,Jelgava,Latvia,0.0011805993762125,4194.0,130,Jelgava,Latvia,56.65,23.67,13,river baltic,False,False,0.0,0.0,1000.0,1000.0,2000.0,1,0,0,0,1,0,0,8.05801408840724,8.667085162231654,8.90227136496509,9.307356096709558,8.341648618901306,-2.448788598528074,,7.600902459542082,
12416,713.0,50.657338,12.200274,4.954226525019151,Gera,Germany,0.0026451490191854,418.0,131,Gera,Germany,50.7,12.18,194,river north sea,True,True,0.0,1000.0,1000.0,1000.0,1000.0,1,0,0,0,0,1,0,11.489943404411521,11.83861123247142,11.725279843065591,12.1996095987592,6.037870919922137,-0.35998569212788994,6.907755278982137,6.907755278982137,0.0
5113,1283.0,51.963078,7.628321,1.5620014018474913,Muenster,Germany,0.003333544058193,994.0,132,Muenster,Germany,51.95,7.62,55,river north sea,True,True,6000.0,10000.0,16000.0,11000.0,10000.0,1,0,0,0,0,1,0,12.140165922738525,12.586370000170882,12.518451354182003,12.927856808311875,6.902742737158593,0.6218325515416759,9.210340371976184,9.210340371976184,0.0
5127,1607.0,50.619726,12.263892,2.547569733592329,Reichenbach,Germany,0.0025714076113126,0.0,133,Reichenbach,Germany,50.62,12.3,380,land north sea,True,True,1000.0,1000.0,1000.0,1000.0,1000.0,0,0,1,0,0,1,0,11.428553973213326,11.777379109633955,11.672019221620216,12.14383696981711,0.0,-0.4651588201442795,6.907755278982137,6.907755278982137,0.0
5153,1308.0,59.376646,28.200066,4.587965809882134,Narva,Estonia,0.0008234772446735,0.0,134,Narva,Estonia,59.37,28.28,25,river baltic,False,False,0.0,1000.0,1000.0,1000.0,1000.0,1,0,0,0,1,0,0,7.51324616223081,7.820892093809945,7.606280448914029,8.122425545703537,0.0,-2.9581313510101728,6.907755278982137,6.907755278982137,0.0
5297,1318.0,52.925287,12.806009,0.7126635000139006,Neuruppin,Germany,0.0030870523036705,0.0,135,Neuruppin,Germany,52.92,12.8,44,river north sea,True,True,0.0,1000.0,2000.0,1000.0,4000.0,1,0,0,0,0,1,0,11.650654826145367,12.047289507100375,11.961799675113737,12.421214345117772,0.0,0.27027554169861295,6.907755278982137,8.294049640102028,1.3862943611198908
5304,1319.0,51.197927,6.692717,0.9155718627061904,Neuss,Germany,0.0032117915894859,224.0,136,Neuss,Germany,51.2,6.68,40,river north sea,True,True,2000.0,2000.0,3000.0,2000.0,2000.0,1,0,0,0,0,1,0,12.291892473087024,12.760048140070754,12.704802852183478,13.089491660175435,5.41610040220442,0.44818400933142516,7.600902459542082,7.600902459542082,0.0
5424,1338.0,52.222632,5.48355,1.1581549168767549,Nijkerk,Netherlands,0.003028630399666,0.0,137,Nijkerk,Netherlands,52.22,5.5,1,land north sea,True,True,0.0,0.0,1000.0,1000.0,1000.0,0,0,1,0,0,1,0,12.096560160769085,12.608658385553467,12.577559171661722,12.99202646307268,0.0,0.1869517407830503,,6.907755278982137,
10205,1007.0,51.139882,10.6357768,3.254341578509569,Langensalza,Germany,0.0032487663730469,0.0,138,Langensalza,Germany,51.12,10.67,185,river north sea,True,True,2000.0,3000.0,4000.0,5000.0,4000.0,1,0,0,0,0,1,0,11.924773310540603,12.292205741575751,12.135483945427271,12.594840383212093,0.0,0.5009190161209242,8.006367567650246,8.294049640102028,0.2876820724517817
5430,1339.0,51.847301,5.864896,3.0739392512615673,Nijmegen,Netherlands,0.0034224301339831,0.0,139,Nijmegen,Netherlands,51.83,5.83,46,river north sea,True,True,2000.0,3000.0,3000.0,6000.0,12000.0,1,0,0,0,0,1,0,12.34706496683044,12.850745207846591,12.803753664059212,13.19918334904227,0.0,0.7486056481995568,8.006367567650246,9.392661928770137,1.3862943611198908
5453,1357.0,53.595914,7.205715,0.5904660564162245,Norden,Germany,0.0032413478851713,0.0,140,Norden,Germany,53.6,7.2,7,north sea,True,True,1000.0,1000.0,2000.0,1000.0,2000.0,0,1,0,0,0,1,0,11.971623172433686,12.424544714548393,12.360355957514411,12.78849808504578,0.0,0.4903384536183155,6.907755278982137,7.600902459542082,0.6931471805599454
5460,1358.0,51.501815,10.794585,1.029536806543011,Nordhausen,Germany,0.0032676114729168,174.0,141,Nordhausen,Germany,51.5,10.78,180,river north sea,True,True,2000.0,3000.0,4000.0,3000.0,6000.0,1,0,0,0,0,1,0,11.920901837807687,12.279456071152334,12.147330486963169,12.597801166647878,5.1647859739235145,0.5277966979861455,8.006367567650246,8.699514748210191,0.6931471805599454
5492,1381.0,49.453915,11.077314,0.6848626992092092,Nuernberg,Germany,0.0023728976282032,0.0,142,Nuernberg,Germany,49.45,11.07,301,river north sea,True,True,3000.0,7000.0,14000.0,6000.0,38000.0,1,0,0,0,0,1,0,11.245197361459844,11.652252086424163,11.583842678330829,11.939693116895118,0.0,-0.7482821896100412,8.85366542803745,10.545341438708522,1.6916760106710722
5623,1396.0,53.138916,8.214479,1.2863163157878856,Oldenburg,Germany,0.0038784771511846,19802.0,143,Oldenburg,Germany,53.15,8.22,5,river north sea,True,True,1000.0,2000.0,3000.0,2000.0,2000.0,1,0,0,0,0,1,0,12.189921494099668,12.609129141675961,12.518770398688355,12.96797660426965,9.893588720356881,1.3990392743700932,7.600902459542082,7.600902459542082,0.0
5704,1431.0,52.2772,8.041195,1.1050588311656988,Osnabrueck,Germany,0.0032463871974582,64.0,144,Osnabrueck,Germany,52.27,8.03,65,river north sea,True,True,6000.0,10000.0,9000.0,5000.0,6000.0,1,0,0,0,0,1,0,11.996954224849068,12.433575731135141,12.34196954413985,12.752598035419751,4.174387269895637,0.49752573484271145,9.210340371976184,8.699514748210191,-0.5108256237659923
5801,1444.0,51.718207,8.755377,0.4206551796837023,Paderborn,Germany,0.0033713834589768,2546.0,145,Paderborn,Germany,51.72,8.75,110,land north sea,True,True,4000.0,7000.0,7000.0,4000.0,4000.0,0,0,1,0,0,1,0,12.070849673993514,12.493552392352516,12.39028931912416,12.805962936429955,7.842671474979457,0.6758007121382683,8.85366542803745,8.294049640102028,-0.5596157879354227
8375,785.0,51.388653,7.400241,5.911387541922434,Hagen,Germany,0.0029511915695332,0.0,146,Hagen,Germany,51.37,7.48,106,land north sea,True,True,0.0,0.0,0.0,0.0,1000.0,0,0,1,0,0,1,0,12.086559152701378,12.548550686406385,12.48509742977242,12.866434499010051,0.0,0.07650519209435129,,6.907755278982137,
2717,784.0,52.381385,4.636145,0.4446148079968681,Haarlem,Netherlands,0.0031735976620225,0.0,147,Haarlem,Netherlands,52.38,4.63,-1,river north sea,True,True,2000.0,3000.0,5000.0,8000.0,12000.0,1,0,0,0,0,1,0,12.223939016446465,12.74849887095484,12.713356358945685,13.125767813188995,0.0,0.3937102077261462,8.006367567650246,9.392661928770137,1.3862943611198908
8428,2182.0,50.081953,8.241527,0.8506875480477049,Wiesbaden,Germany,0.0028452145001756,0.0,148,Wiesbaden,Germany,50.08,8.23,117,river north sea,True,True,1000.0,1000.0,1000.0,1000.0,1000.0,1,0,0,0,0,1,0,12.04000758404608,12.503156701434078,12.416835846050995,12.794607957130635,0.0,-0.07464380551598389,6.907755278982137,6.907755278982137,0.0
2430,764.0,51.236741,12.729999,1.0229923021188796,Grimma,Germany,0.0028642843866892,88.0,149,Grimma,Germany,51.23,12.72,128,river north sea,True,True,0.0,1000.0,1000.0,1000.0,2000.0,1,0,0,0,0,1,0,11.64916385560377,11.999481601955756,11.90733515135421,12.368668615290952,4.48863636973214,-0.04744552339188223,6.907755278982137,7.600902459542082,0.6931471805599454
5949,1513.0,50.962273,13.941934,2.145016453145382,Pirna,Germany,0.0030897068182294,420.0,150,Pirna,Germany,50.97,13.97,118,river north sea,True,True,0.0,0.0,1000.0,1000.0,1000.0,1,0,0,0,0,1,0,11.797044702641482,12.15441366819291,12.106024416040077,12.537997396018573,6.042632833682381,0.27406152311093035,,6.907755278982137,
6092,1559.0,50.086745,14.420629,1.0047786019426053,Praha,Czech rep.,0.0022613161303814,4.0,151,Praha,Czech rep.,50.08,14.43,245,river north sea,False,False,10000.0,10000.0,10000.0,40000.0,30000.0,1,0,0,0,0,1,0,10.966109661741967,11.350214050559302,11.23362165536445,11.725735519012899,1.6094379124341003,-0.9074244611397028,9.210340371976184,10.308952660644293,1.0986122886681091
6195,1583.0,51.789323,11.141566,1.3213412130502789,Quedlinburg,Germany,0.0034084662325146,92.0,152,Quedlinburg,Germany,51.8,11.15,123,land north sea,True,True,2000.0,2000.0,3000.0,2000.0,5000.0,0,0,1,0,0,1,0,11.978065097464853,12.332047887027679,12.22261100797385,12.680898973059833,4.532599493153256,0.7286897388194691,7.600902459542082,8.517193191416238,0.916290731874156
6364,1610.0,54.304771,9.664155,0.6521251457176956,Rendsburg,Germany,0.0031919463518004,6328.0,153,Rendsburg,Germany,54.3,9.67,6,river north sea,True,True,0.0,1000.0,1000.0,1000.0,1000.0,1,0,0,0,0,1,0,11.70878045352093,12.110936828364748,12.019351787821481,12.490338771929355,8.752897524775305,0.4198798884335297,6.907755278982137,6.907755278982137,0.0
6387,1921.0,59.437308,24.745038,1.944916268757407,Tallinn,Estonia,0.0007905843878301,0.0,154,Tallinn,Estonia,59.42,24.75,9,baltic,False,False,1000.0,1000.0,2000.0,3000.0,5000.0,0,1,0,0,1,0,0,6.463457023845086,7.039227407372154,6.960422419910116,7.293166689208137,0.0,-3.00504454053841,6.907755278982137,8.517193191416238,1.6094379124341014
6398,1619.0,52.278889,7.437977,0.5565619113434069,Rheine,Germany,0.0034400297118078,100.0,155,Rheine,Germany,52.28,7.43,35,river north sea,True,True,2000.0,2000.0,2000.0,1000.0,1000.0,1,0,0,0,0,1,0,12.160726992287389,12.612780976046201,12.540906602656836,12.952550701880615,4.61512051684126,0.7737069136213462,7.600902459542082,6.907755278982137,-0.6931471805599454
6545,1648.0,54.088618,12.139895,1.6131551862533378,Rostock,Germany,0.0028832288974181,12.0,156,Rostock,Germany,54.08,12.12,14,baltic + river,True,True,1000.0,3000.0,10000.0,13000.0,10000.0,1,1,0,0,1,0,0,11.517162909174058,11.939341741446428,11.842204667997,12.295358303349268,2.5649493574615367,-0.020426057537157278,8.006367567650246,9.210340371976184,1.2039728043259377
6562,1655.0,51.920836,4.485403,1.0604226640929126,Rotterdam,Netherlands,0.0032527382426324,426.0,157,Rotterdam,Netherlands,51.92,4.47,-4,north sea + river,True,True,0.0,1000.0,1000.0,2000.0,5000.0,1,1,0,0,0,1,0,12.293102949525458,12.824464252979366,12.792588881523802,13.193547763351555,6.056784013228625,0.5065838652257959,6.907755278982137,8.517193191416238,1.6094379124341014
6610,584.0,51.453462,6.733224,4.510297463229546,Duisburg,Germany,0.0032876120365998,0.0,158,Duisburg,Germany,51.42,6.77,33,river north sea,True,True,1000.0,1000.0,1000.0,1000.0,2000.0,1,0,0,0,0,1,0,12.324695091044763,12.799009395976826,12.745082118257761,13.130796267111217,0.0,0.5563223514190251,6.907755278982137,7.600902459542082,0.6931471805599454
10545,1902.0,55.059726,10.609883,1.7163884881519418,Svendborg,Denmark,0.002012797990084,0.0,159,Svendborg,Denmark,55.07,10.63,1,baltic,False,True,0.0,1000.0,1000.0,1000.0,1000.0,0,1,0,0,1,0,0,10.579490362385066,10.96974695478281,10.858668322864634,11.310960809366588,0.0,-1.2618715884440679,6.907755278982137,6.907755278982137,0.0
6840,2136.0,51.91812,4.398575,3.8939301219355342,Vlaardingen,Netherlands,0.0032369688698548,0.0,160,Vlaardingen,Netherlands,51.9,4.35,1,north sea + river,True,True,1000.0,1000.0,2000.0,1000.0,2000.0,1,1,0,0,0,1,0,12.286313342981513,12.817398464032802,12.79095623589017,13.194002925451292,0.0,0.4840929159786978,6.907755278982137,7.600902459542082,0.6931471805599454
6880,1736.0,54.513788,9.570986,1.5204892529936584,Schleswig,Germany,0.0028984737186505,0.0,161,Schleswig,Germany,54.52,9.55,1,baltic,True,True,2000.0,2000.0,3000.0,2000.0,2000.0,0,1,0,0,1,0,0,11.487058767882154,11.887359963879003,11.798659569503135,12.270996777645754,0.0,0.0013167540162627403,7.600902459542082,7.600902459542082,0.0
7018,1745.0,53.628788,11.414916,0.3613107111687353,Schwerin,Germany,0.00355902054123,582.0,162,Schwerin,Germany,53.63,11.42,38,river baltic,True,True,1000.0,2000.0,2000.0,1000.0,3000.0,1,0,0,0,1,0,0,11.96145487905615,12.359687763843224,12.279147356883888,12.736922916188714,6.368187186350492,0.9434166885850201,7.600902459542082,8.006367567650246,0.4054651081081637
7281,1834.0,52.537525,13.20375,0.8743430484294632,Spandau,Germany,0.0035009015863762,94.0,163,Spandau,Germany,52.53,13.2,35,river north sea,True,True,0.0,1000.0,1000.0,1000.0,1000.0,1,0,0,0,0,1,0,11.900793766814921,12.304813350327237,12.219049336974296,12.686307964320722,4.553876891600541,0.8605249666157124,6.907755278982137,6.907755278982137,0.0
11875,1554.0,52.395737,13.061349,0.7544650220333171,Potsdam,Germany,0.0035336408927971,0.0,164,Potsdam,Germany,52.4,13.07,31,river north sea,True,True,1000.0,1000.0,1000.0,1000.0,1000.0,1,0,0,0,0,1,0,11.921979752742994,12.322926139981988,12.236914598547743,12.704516831428263,0.0,0.9072191560094464,6.907755278982137,6.907755278982137,0.0
7321,1868.0,53.603069,9.476003,0.5228270946188092,Stade,Germany,0.0038591730871077,0.0,165,Stade,Germany,53.6,9.47,9,north sea + river,True,True,2000.0,2000.0,2000.0,1000.0,2000.0,1,1,0,0,0,1,0,12.089487448154049,12.489836194833286,12.406729211881078,12.876908341045626,0.0,1.3715069982587056,7.600902459542082,7.600902459542082,0.0
7343,1872.0,53.336981,15.045666,1.2979441129198093,Stargard Szczecinski,Poland,0.0028757225436429,0.0,166,Stargard Szczecinski,Poland,53.33,15.03,20,land baltic,False,True,1000.0,1000.0,2000.0,1000.0,4000.0,0,0,1,0,1,0,0,11.471497573357407,11.903874239291008,11.8243456020838,12.266840670911185,0.0,-0.03113193811781037,6.907755278982137,8.294049640102028,1.3862943611198908
7405,1878.0,52.605896,11.860586,0.9700013115981332,Stendal,Germany,0.0035771588393389,0.0,167,Stendal,Germany,52.6,11.85,32,river north sea,True,True,0.0,1000.0,2000.0,6000.0,6000.0,1,0,0,0,0,1,0,12.004346832061465,12.376412978817335,12.272220003003547,12.746508647114052,0.0,0.9692862997578552,6.907755278982137,8.699514748210191,1.7917594692280545
7413,1911.0,53.424101,14.559637,3.3227081162054404,Szczecin,Poland,0.0031676342214415,0.0,168,Szczecin,Poland,53.4,14.53,1,river baltic,False,True,1000.0,4000.0,6000.0,4000.0,9000.0,1,0,0,0,1,0,0,11.67532321834829,12.109938097215382,12.03198371965283,12.470673754001767,0.0,0.38520489547708364,8.294049640102028,9.104979856318357,0.8109302162163292
7442,1806.0,54.466698,17.031335,0.8193544165541804,Slupsk,Poland,0.0019993856331089,82.0,169,Slupsk,Poland,54.47,17.02,18,river baltic,False,True,1000.0,2000.0,2000.0,1000.0,4000.0,1,0,0,0,1,0,0,10.37864349436669,10.85983662219115,10.921581239246152,11.354047865745349,4.418840607796598,-1.2810008616412505,7.600902459542082,8.294049640102028,0.6931471805599454
7485,1320.0,53.331209,13.095646,2.695334427871035,Neustrelitz,Germany,0.0028284181186604,374.0,170,Neustrelitz,Germany,53.35,13.07,73,river baltic,True,True,0.0,0.0,0.0,0.0,0.0,1,0,0,0,1,0,0,11.448953522680164,11.878969717633693,11.79080456752627,12.23859341067617,5.926926025970411,-0.09859951824603388,,,
7760,1974.0,51.558158,13.00404,1.3460585942975969,Torgau,Germany,0.0033062825078642,432.0,171,Torgau,Germany,51.57,13.0,78,river north sea,True,True,1000.0,2000.0,1000.0,2000.0,3000.0,1,0,0,0,0,1,0,11.915668473841446,12.282314458319345,12.205771981662805,12.651295179435147,6.07073772800249,0.5829509705498698,7.600902459542082,8.006367567650246,0.4054651081081637
7919,2032.0,51.534756,7.690157,0.8793665566507234,Unna,Germany,0.0031080963117286,568.0,172,Unna,Germany,51.53,7.68,100,land north sea,True,True,1000.0,2000.0,2000.0,1000.0,3000.0,0,0,1,0,0,1,0,12.17840746426535,12.641027068703758,12.576199791065262,12.960058681085735,6.343880434126331,0.30028939981873753,7.600902459542082,8.006367567650246,0.4054651081081637
7944,2038.0,52.091844,5.118906,1.519562215404353,Utrecht,Netherlands,0.003307764963041,3050.0,173,Utrecht,Netherlands,52.08,5.13,1,river north sea,True,True,3000.0,3000.0,6000.0,13000.0,25000.0,1,0,0,0,0,1,0,12.295372268991272,12.809312284943214,12.759311942812687,13.1578714204653,8.02322468471667,0.5850653110891377,8.006367567650246,10.126631103850338,2.120263536200092
8000,2073.0,51.370573,6.169413,3.2723911679764095,Venlo,Netherlands,0.0031404132738472,126.0,174,Venlo,Netherlands,51.4,6.17,21,river north sea,True,True,0.0,0.0,1000.0,1000.0,3000.0,1,0,0,0,0,1,0,12.204704839351608,12.713485266139305,12.678002332770877,13.075580144358996,4.844187086458591,0.34638122382979003,,8.006367567650246,
8005,2077.0,52.919986,9.22902,0.6047281459300324,Verden,Germany,0.0038069049296135,0.0,175,Verden,Germany,52.92,9.22,20,river north sea,True,True,2000.0,2000.0,2000.0,1000.0,2000.0,1,0,0,0,0,1,0,12.179600739588654,12.584701960132278,12.481184941008646,12.928519433744848,0.0,1.296959931991668,7.600902459542082,7.600902459542082,0.0
8185,2158.0,51.488996,9.147778,1.835306669851544,Warburg,Germany,0.0032952766679903,0.0,176,Warburg,Germany,51.48,9.17,230,river north sea,True,True,1000.0,2000.0,2000.0,1000.0,2000.0,1,0,0,0,0,1,0,11.995821902691338,12.398039089005568,12.271552155881746,12.69942261091494,0.0,0.5672539742573357,7.600902459542082,7.600902459542082,0.0
8242,2166.0,51.254017,5.706554,1.0369319422376109,Weert,Netherlands,0.0028882943408187,8.0,177,Weert,Netherlands,51.25,5.72,35,land north sea,True,True,1000.0,1000.0,1000.0,1000.0,5000.0,0,0,1,0,0,1,0,12.01546611034425,12.529411866694732,12.493573034831101,12.88783822766247,2.1972245773362196,-0.013201507008504039,6.907755278982137,8.517193191416238,1.6094379124341014
8272,2168.0,51.201045,11.972454,0.2067286359214938,Weissenfels,Germany,0.0031673372260081,948.0,178,Weissenfels,Germany,51.2,11.97,100,river north sea,True,True,1000.0,1000.0,2000.0,1000.0,1000.0,1,0,0,0,0,1,0,11.862587341140626,12.202657950913192,12.081789486662966,12.55902055447811,6.855408798609928,0.3847813079753214,6.907755278982137,6.907755278982137,0.0
2705,776.0,53.793417,12.176656,0.8525961113353805,Guestrow,Germany,0.002887950165432,6.0,179,Guestrow,Germany,53.8,12.17,13,river baltic,True,True,1000.0,1000.0,1000.0,1000.0,1000.0,1,0,0,0,1,0,0,11.528949218910777,11.97681954332579,11.898388696637774,12.322834056909036,1.9459101490553132,-0.013692384563594206,6.907755278982137,6.907755278982137,0.0
8345,2172.0,51.656806,6.611749,1.9331341840104332,Wesel,Germany,0.0033501184584286,0.0,180,Wesel,Germany,51.67,6.63,23,river north sea,True,True,1000.0,2000.0,3000.0,6000.0,6000.0,1,0,0,0,0,1,0,12.341598611827456,12.820398065266378,12.760656754034681,13.156734169209265,0.0,0.6454716651422805,7.600902459542082,8.699514748210191,1.0986122886681091
8505,2189.0,53.891371,11.466215,1.2885031016582942,Wismar,Germany,0.0032430636119986,18.0,181,Wismar,Germany,53.88,11.47,13,baltic,True,True,1000.0,3000.0,8000.0,6000.0,9000.0,0,1,0,0,1,0,0,11.78063541166764,12.179905775035728,12.108408144356181,12.55677461282623,2.9444389791664403,0.492785496093556,8.006367567650246,9.104979856318357,1.098612288668111
8580,2192.0,52.162024,10.53611,0.9799184091082164,Wolfenbuettel,Germany,0.003627361657547,2280.0,182,Wolfenbuettel,Germany,52.17,10.53,77,land north sea,True,True,1000.0,2000.0,2000.0,1000.0,2000.0,0,0,1,0,0,1,0,12.093088004833772,12.47154117659064,12.369927374091247,12.818143012714534,7.732369222284388,1.040887691411398,7.600902459542082,7.600902459542082,0.0
8597,2194.0,53.843763,14.615364,0.5172914601757141,Wolin,Poland,0.0030701670823012,0.0,183,Wolin,Poland,53.84,14.62,10,baltic,False,True,2000.0,1000.0,1000.0,1000.0,1000.0,0,1,0,0,1,0,0,11.638050561917801,12.08093722177199,11.993484699694598,12.438245466832473,0.0,0.24619312179524278,6.907755278982137,6.907755278982137,0.0
8763,2229.0,51.966935,12.084514,1.114294588170872,Zerbst,Germany,0.0034128166454746,0.0,184,Zerbst,Germany,51.97,12.1,67,river north sea,True,True,2000.0,4000.0,9000.0,5000.0,6000.0,1,0,0,0,0,1,0,11.955967166866857,12.302648517032717,12.223090362823175,12.687547721723467,0.0,0.7348944825633836,8.294049640102028,8.699514748210191,0.4054651081081637
8807,2235.0,50.896066,14.805737,1.7569174793424518,Zittau,Germany,0.0024609040038896,0.0,185,Zittau,Germany,50.9,14.83,242,river baltic,True,True,0.0,1000.0,2000.0,5000.0,5000.0,1,0,0,0,1,0,0,11.230731814171858,11.591724698560311,11.617883354150342,11.99650544988491,0.0,-0.6227637586046267,6.907755278982137,8.517193191416238,1.6094379124341014
8853,2246.0,52.141452,6.195327,1.3127387626491362,Zutphen,Netherlands,0.0034656974162974,0.0,186,Zutphen,Netherlands,52.13,6.2,10,river north sea,True,True,2000.0,3000.0,4000.0,6000.0,3000.0,1,0,0,0,0,1,0,12.318043329696684,12.809446004202192,12.763788258380165,13.18088983847665,0.0,0.8103152839799395,8.006367567650246,8.006367567650246,0.0
8862,2248.0,50.717666,12.497177,1.8283818439848,Zwickau,Germany,0.002672864186805,246.0,187,Zwickau,Germany,50.73,12.48,267,river north sea,True,True,1000.0,2000.0,3000.0,2000.0,4000.0,1,0,0,0,0,1,0,11.508604827922559,11.853912727074725,11.764539537235187,12.223927364149015,5.5093883366279774,-0.32045714288890753,7.600902459542082,8.294049640102028,0.6931471805599454
8901,2139.0,51.442123,3.572776,1.438020707031687,Vlissingen,Netherlands,0.0030844830575508,0.0,188,Vlissingen,Netherlands,51.43,3.58,1,north sea,True,True,0.0,0.0,0.0,1000.0,4000.0,0,1,0,0,0,1,0,12.234775489771549,12.799394732802044,12.762518596258507,13.139224091820608,0.0,0.26661117375599186,,8.294049640102028,
9608,1595.0,56.460725,10.036703,1.3156145847832148,Randers,Denmark,0.0016286457777291,0.0,189,Randers,Denmark,56.47,10.05,56,river north sea,False,True,0.0,1000.0,2000.0,1000.0,1000.0,1,0,0,0,0,1,0,9.942521456794097,10.310969000549184,10.19204507377077,10.628312715242595,0.0,-1.80976579026719,6.907755278982137,6.907755278982137,0.0
258,82.0,53.855504,13.687515,0.7858265475395948,Anklam,Germany,0.0029987035470844,96.0,190,Anklam,Germany,53.85,13.68,6,river baltic,True,True,0.0,1000.0,2000.0,1000.0,2000.0,1,0,0,0,1,0,0,11.590533711099964,12.039974068176909,11.958261300050157,12.38879447427569,4.574710978503383,0.14426879251168706,6.907755278982137,7.600902459542082,0.6931471805599454
1537,1934.0,58.38012,26.72255,5.590019107107951,Tartu,Estonia,0.0008547052045579,2820.0,191,Tartu,Estonia,58.33,26.73,57,river baltic,False,False,1000.0,2000.0,2000.0,1000.0,2000.0,1,0,0,0,1,0,0,7.087661747905545,7.624261997424455,7.774325923141603,8.063601302579254,7.944846711001996,-2.913592708240049,7.600902459542082,7.600902459542082,0.0
10539,1390.0,55.39671761,10.38945241,0.6996145419345271,Odense,Denmark,0.0020125826465793,10.0,192,Odense,Denmark,55.4,10.38,13,river north sea,False,True,2000.0,2000.0,3000.0,2000.0,3000.0,1,0,0,0,0,1,0,10.568358235944265,10.95187652046711,10.851232338649748,11.298814527330338,2.3978952727983707,-1.2621787204970167,7.600902459542082,8.006367567650246,0.4054651081081637
5889,1519.0,58.385892,24.49835,0.6621840246799254,Pjarnu,Estonia,0.0009209097500635,468.0,193,Pjarnu,Estonia,58.38,24.5,10,baltic,False,False,0.0,0.0,1000.0,1000.0,1000.0,0,1,0,0,1,0,0,7.242054568024129,7.760971324886007,7.909685761556976,8.377813871226188,6.150602768446279,-2.8191689734540515,,6.907755278982137,
1190,447.0,50.832427,12.919155,0.2763186147880209,Chemnitz,Germany,0.0026640290037467,344.0,194,Chemnitz,Germany,50.83,12.92,297,river north sea,True,True,1000.0,1000.0,2000.0,1000.0,3000.0,1,0,0,0,0,1,0,11.501731114100698,11.854570959172419,11.793754218590562,12.235863437269657,5.84354441703136,-0.33305825623409435,6.907755278982137,8.006367567650246,1.0986122886681091
10688,1108.0,55.703052,13.193,0.8824324482509533,Lund,Sweden,0.0014660745646287,0.0,195,Lund,Sweden,55.7,13.18,5,baltic,False,False,1000.0,1000.0,2000.0,1000.0,2000.0,0,1,0,0,1,0,0,9.80571991173292,10.135130978424694,10.066236463696365,10.458027718277107,0.0,-2.0416317594751745,6.907755278982137,7.600902459542082,0.6931471805599454
10690,1964.0,54.316276,8.940776,0.8123734986770996,Toenning,Germany,0.0030078051745345,0.0,196,Toenning,Germany,54.32,8.93,2,north sea,True,True,0.0,1000.0,1000.0,1000.0,2000.0,0,1,0,0,0,1,0,11.578749574396232,11.981794199337422,11.889398564528847,12.356475572656485,0.0,0.1572499201654745,6.907755278982137,7.600902459542082,0.6931471805599454
10691,733.0,53.788096,9.423902,0.9360233619921036,Glueckstadt,Germany,0.0038700819239855,0.0,197,Glueckstadt,Germany,53.78,9.42,2,north sea + river,True,True,0.0,0.0,0.0,0.0,0.0,1,1,0,0,0,1,0,12.101901507009863,12.500555990697098,12.413202117140676,12.882971725704602,0.0,1.387065644758076,,,
10692,979.0,53.836629,9.489845,0.9801484691459604,Krempe,Germany,0.0038410529158296,0.0,198,Krempe,Germany,53.83,9.48,6,land north sea,True,True,0.0,1000.0,1000.0,1000.0,1000.0,0,0,1,0,0,1,0,12.082158135813376,12.483006855731967,12.395082091274501,12.866079559612604,0.0,1.3456632403418802,6.907755278982137,6.907755278982137,0.0
8379,2176.0,50.554355,8.501117,3.487398429442801,Wetzlar,Germany,0.0027916557711456,6.0,199,Wetzlar,Germany,50.55,8.55,148,river north sea,True,True,3000.0,4000.0,6000.0,4000.0,2000.0,1,0,0,0,0,1,0,11.81569034715824,12.258209816542553,12.155491552355816,12.555658495497832,1.9459101490553132,-0.15103153972338898,8.294049640102028,7.600902459542082,-0.6931471805599454
1988,681.0,52.344244,14.553598,1.6026163421905029,Frankfurt am Oder,Germany,0.003179228058949,0.0,200,Frankfurt am Oder,Germany,52.33,14.55,23,river north sea,True,True,0.0,1000.0,5000.0,3000.0,11000.0,1,0,0,0,0,1,0,11.679981130703565,12.085894270709924,12.020085236858675,12.456013069531023,0.0,0.4017405189693938,6.907755278982137,9.305650551780507,2.3978952727983707
12427,848.0,50.892455,11.60712,4.5874274446627785,Iena,Germany,0.0029868496999175,0.0,201,Iena,Germany,50.93,11.58,143,river north sea,True,True,0.0,0.0,1000.0,1000.0,1000.0,1,0,0,0,0,1,0,11.750558153336264,12.093212661530115,11.95030688842852,12.420729736694673,0.0,0.1273623321994349,,6.907755278982137,
14545,945.0,55.672475,12.591232,5.33121701839223,Kobenhaven,Denmark,0.0015251156101827,0.0,202,Kobenhaven,Denmark,55.72,12.58,1,baltic,False,True,1000.0,2000.0,3000.0,2000.0,3000.0,0,1,0,0,1,0,0,9.921475065143383,10.259970128416867,10.18414613943067,10.587259155433797,0.0,-1.9574249125841656,7.600902459542082,8.006367567650246,0.4054651081081637
72,3.0,56.157091,10.209522,1.5752169622534251,Aarhus,Denmark,0.0017331801026568,0.0,203,Aarhus,Denmark,56.17,10.22,1,north sea,False,True,2000.0,2000.0,3000.0,2000.0,3000.0,0,1,0,0,0,1,0,10.15859259804141,10.533164871574508,10.415553678508848,10.84419397327817,0.0,-1.6606744960422108,7.600902459542082,8.006367567650246,0.4054651081081637
11913,739.0,51.504595,3.890265,0.8456391595234387,Goes,Netherlands,0.0031409687240439,0.0,204,Goes,Netherlands,51.5,3.9,1,river north sea,True,True,1000.0,1000.0,2000.0,1000.0,2000.0,1,0,0,0,0,1,0,12.255909182293328,12.810612533506488,12.779979492354002,13.167379903936778,0.0,0.34717343049263305,6.907755278982137,7.600902459542082,0.6931471805599454
11915,2233.0,51.649648,3.921261,2.1864932354417297,Zierikzee,Netherlands,0.0031592574688558,0.0,205,Zierikzee,Netherlands,51.63,3.92,7,north sea,True,True,1000.0,1000.0,2000.0,1000.0,4000.0,0,1,0,0,0,1,0,12.261669373922102,12.811519181122774,12.781308307722705,13.167985533978994,0.0,0.37325761514339195,6.907755278982137,8.294049640102028,1.3862943611198908
11918,815.0,51.478951,5.655727,0.9952886959199394,Helmond,Netherlands,0.0028998468047889,0.0,206,Helmond,Netherlands,51.48,5.67,18,land north sea,True,True,0.0,1000.0,2000.0,1000.0,2000.0,0,0,1,0,0,1,0,12.02789506605984,12.542828050101214,12.51226367389348,12.914142721910956,0.0,0.00327510778760084,6.907755278982137,7.600902459542082,0.6931471805599454
2409,762.0,54.09608,13.380983,1.789165928223992,Greifswald,Germany,0.0027108104044853,0.0,207,Greifswald,Germany,54.08,13.38,7,baltic + river,True,True,0.0,1000.0,8000.0,5000.0,2000.0,1,1,0,0,1,0,0,11.364001201344351,11.80884422553061,11.743586546698712,12.172876244922866,0.0,-0.26633663549756365,6.907755278982137,7.600902459542082,0.6931471805599454
7714,1952.0,51.887521,5.437217,1.822431669376158,Tiel,Netherlands,0.0033729256688103,0.0,208,Tiel,Netherlands,51.9,5.42,7,river north sea,True,True,3000.0,3000.0,3000.0,2000.0,3000.0,1,0,0,0,0,1,0,12.33158089888094,12.845316123019206,12.811248366919695,13.211186388197753,0.0,0.6780002773069532,8.006367567650246,8.006367567650246,0.0
11654,817.0,56.035001,12.613781,1.9484407240345212,Helsingor,Denmark,0.0014453662746484,0.0,209,Helsingor,Denmark,56.05,12.63,1,north sea,False,True,1000.0,2000.0,2000.0,3000.0,3000.0,0,1,0,0,0,1,0,9.701382622493664,10.062089407290431,9.92147708146479,10.349676811099407,0.0,-2.0711668022133805,7.600902459542082,8.006367567650246,0.4054651081081637
6104,1561.0,53.313374,13.858617,1.055740656380369,Prenzlau,Germany,0.0029191479934495,0.0,210,Prenzlau,Germany,53.32,13.87,34,river north sea,True,True,2000.0,3000.0,4000.0,1000.0,1000.0,1,0,0,0,0,1,0,11.511643190400278,11.960236585438004,11.886864293805218,12.32783358574235,0.0,0.03080328285813032,8.006367567650246,6.907755278982137,-1.0986122886681091
973,300.0,53.075887,8.807392,0.6730337351328549,Bremen,Germany,0.0038522162605604,0.0,211,Bremen,Germany,53.08,8.8,3,river north sea,True,True,6000.0,8000.0,13000.0,7000.0,18000.0,1,0,0,0,0,1,0,12.156340542041761,12.562572670457392,12.478767612122738,12.911684056522548,0.0,1.3615848767512198,8.987196820661973,9.798127036878302,0.8109302162163292
186,61.0,50.985257,12.433309,0.6287762190467358,Altenburg,Germany,0.0028867104838381,1000.0,212,Altenburg,Germany,50.98,12.43,227,river north sea,True,True,1000.0,2000.0,1000.0,3000.0,3000.0,1,0,0,0,0,1,0,11.671074033776893,12.024869451566989,11.90772968648861,12.381906268644459,6.90875477931522,-0.015460471107313273,7.600902459542082,8.006367567650246,0.4054651081081637
18125,1548.0,61.488816,21.793522,1.2150000668530327,Pori,Finland,0.0005129527089133,0.0,213,Pori,Finland,61.48,21.78,1,baltic,False,False,0.0,0.0,0.0,0.0,0.0,0,1,0,0,1,0,0,2.8373410331710107,6.12090408826609,6.113807016569633,6.751583987763781,0.0,-3.401014633196379,,,
3280,843.0,54.476851,9.051543,0.7682936780064942,Husum,Germany,0.0028812325460781,456.0,214,Husum,Germany,54.47,9.05,14,north sea,True,True,0.0,0.0,1000.0,1000.0,3000.0,0,1,0,0,0,1,0,11.48918807183802,11.884231856923602,11.791574884975635,12.254453390854334,6.124683390894205,-0.023273338611715988,,8.006367567650246,
11709,1646.0,55.64106,12.080362,0.9943435043897296,Roskilde,Denmark,0.0016205314179779,1900.0,215,Roskilde,Denmark,55.65,12.08,1,north sea,False,True,7000.0,7000.0,7000.0,5000.0,6000.0,0,1,0,0,0,1,0,9.903438555209611,10.325633055311645,10.244812569250874,10.682254149457894,7.550135342488429,-1.821338834795389,8.85366542803745,8.699514748210191,-0.15415067982725894
4604,1103.0,53.865911,10.685259,1.0989419948583898,Luebeck,Germany,0.0036691632806618,0.0,216,Luebeck,Germany,53.87,10.67,15,baltic + river,True,True,3000.0,11000.0,15000.0,17000.0,25000.0,1,1,0,0,1,0,0,11.96438171567731,12.365560559290245,12.269704788414405,12.743571803972753,0.0,1.100506941788734,9.305650551780507,10.126631103850338,0.8209805520698303
10698,1135.0,55.606106,13.00055,0.6798356196411135,Malmoe,Sweden,0.0015113605877839,480.0,217,Malmoe,Sweden,55.6,13.0,12,baltic,False,False,0.0,0.0,1000.0,3000.0,5000.0,0,1,0,0,1,0,0,9.977698710053959,10.293142564523247,10.113113305327799,10.504637230812019,6.175867270105761,-1.9770429097630737,,8.517193191416238,
8902,1621.0,55.328145,8.762129,2.480620058116162,Ribe,Denmark,0.0021422677382612,0.0,218,Ribe,Denmark,55.35,8.77,5,river north sea,False,True,1000.0,1000.0,2000.0,2000.0,3000.0,1,0,0,0,0,1,0,10.706272800427255,11.10281797476339,11.000319157481654,11.46209830528641,0.0,-1.0772163344681946,6.907755278982137,8.006367567650246,1.0986122886681091
1813,626.0,52.220592,6.895297,1.04412592348457,Enschede,Netherlands,0.0032204399502633,0.0,219,Enschede,Netherlands,52.22,6.88,42,land north sea,True,True,0.0,0.0,1000.0,1000.0,1000.0,0,0,1,0,0,1,0,12.162627652840186,12.641883341708986,12.594718226037559,13.00035914853914,0.0,0.46051866880446357,,6.907755278982137,
8752,2225.0,51.050307,12.134652,0.3269694264333549,Zeitz,Germany,0.0029928436344848,892.0,220,Zeitz,Germany,51.05,12.13,160,river north sea,True,True,1000.0,1000.0,2000.0,1000.0,2000.0,1,0,0,0,0,1,0,11.752106330673877,12.09147180159597,11.975882810563702,12.447787641716292,6.794586580876499,0.13591113626696655,6.907755278982137,7.600902459542082,0.6931471805599454
19786,818.0,60.167539,24.952033,4.946892254657348,Helsinki,Finland,0.0005720149076288,0.0,221,Helsinki,Finland,60.13,25.0,1,baltic,False,False,0.0,0.0,0.0,0.0,0.0,0,1,0,0,1,0,0,4.156706766977979,6.1393565228103055,6.111823996839646,6.5719146173587655,0.0,-3.316777616767975,,,
10547,2167.0,50.980945,11.329398,0.6662621690444112,Weimar,Germany,0.0031103025297017,862.0,222,Weimar,Germany,50.98,11.32,208,river north sea,True,True,1000.0,1000.0,2000.0,1000.0,2000.0,1,0,0,0,0,1,0,11.834137274395669,12.181581865178922,12.036625759974754,12.500351804093944,6.760414691083428,0.3034360015993434,6.907755278982137,7.600902459542082,0.6931471805599454
18126,1440.0,65.015355,25.472386,0.5285157745030714,Oulu,Finland,0.0004798855598948,0.0,223,Oulu,Finland,65.02,25.47,1,baltic,False,False,0.0,0.0,0.0,0.0,0.0,0,1,0,0,1,0,0,2.037543272116468,3.514650847957105,3.4740608332960377,3.785750226021165,0.0,-3.4481764056276663,,,
8009,2153.0,60.713025,28.732889,1.456819868182002,Vyborg,Russia,0.0006777355462739,1428.0,224,Vyborg,Russia,60.7,28.73,10,baltic,False,False,0.0,0.0,1000.0,1000.0,1000.0,0,1,0,0,1,0,0,5.998273284244195,6.29035185548898,6.128736179230364,6.5851796131114355,7.264730177929867,-3.1659943515314994,,6.907755278982137,
6477,1637.0,51.195619,5.985689,1.1098013478410125,Roermond,Netherlands,0.0030825534312944,0.0,225,Roermond,Netherlands,51.2,6.0,22,river north sea,True,True,0.0,1000.0,2000.0,6000.0,7000.0,1,0,0,0,0,1,0,12.160568605889916,12.671969841883243,12.623726482585276,13.028798933715532,0.0,0.2638590588297593,6.907755278982137,8.85366542803745,1.9459101490553135
17574,1433.0,51.232106,2.917664,1.3559206988647732,Ostende,Belgium,0.0029786028808104,0.0,226,Ostende,Belgium,51.22,2.92,34,north sea,True,True,0.0,0.0,1000.0,2000.0,3000.0,0,1,0,0,0,1,0,12.17148930144451,12.74203164517789,12.703228573809065,13.078226711098687,0.0,0.11560036851174488,,8.006367567650246,
2313,738.0,51.15621,14.990651,0.6920126170346902,Goerlitz,Germany,0.002516557911437,190.0,227,Goerlitz,Germany,51.15,14.99,201,river baltic,True,True,1000.0,2000.0,5000.0,8000.0,8000.0,1,0,0,0,1,0,0,11.24718518990391,11.614174299583876,11.609785268007899,12.016088136746614,5.25227342804663,-0.5433877918046486,7.600902459542082,8.987196820661973,1.3862943611198908
7461,1886.0,54.316002,13.090474,2.601858819997626,Stralsund,Germany,0.0025599277323312,0.0,228,Stralsund,Germany,54.32,13.13,9,baltic,True,True,0.0,2000.0,12000.0,15000.0,11000.0,0,1,0,0,1,0,0,11.221684904447567,11.665461585376,11.562211410249864,12.005819864806847,0.0,-0.48153191114636723,7.600902459542082,9.305650551780507,1.7047480922384253
5165,1310.0,51.152263,11.809909,0.7355272669196778,Naumburg,Germany,0.0031391501410028,1008.0,229,Naumburg,Germany,51.15,11.8,130,river north sea,True,True,1000.0,2000.0,2000.0,1000.0,5000.0,1,0,0,0,0,1,0,11.844173034890908,12.189453901517139,12.060320363469057,12.522529558260022,6.9167150203536085,0.34457969011653433,7.600902459542082,8.517193191416238,0.916290731874156
18118,2019.0,60.450667,22.275951,1.4250568852970904,Turku,Finland,0.0005213181995999,0.0,230,Turku,Finland,60.45,22.25,1,baltic + river,False,False,0.0,0.0,1000.0,1000.0,2000.0,1,1,0,0,1,0,0,3.03564335498557,4.310018359445263,4.255216130483636,4.396061834305694,0.0,-3.3890834150615237,,7.600902459542082,
4850,1181.0,50.567664,10.415375,0.4173331821423773,Meiningen,Germany,0.0028468751866749,330.0,231,Meiningen,Germany,50.57,10.42,287,river north sea,True,True,1000.0,2000.0,2000.0,1000.0,2000.0,1,0,0,0,0,1,0,11.677806060376804,12.05589320928945,11.896800410294922,12.35257913024109,5.802118375377063,-0.07227526389433184,7.600902459542082,7.600902459542082,0.0
7529,1895.0,50.610377,10.693252,2.1694750560913887,Suhl,Germany,0.0028194108149684,30.0,232,Suhl,Germany,50.62,10.72,422,land north sea,True,True,0.0,0.0,1000.0,1000.0,2000.0,0,0,1,0,0,1,0,11.67323603429526,12.030089072724522,11.865352729330304,12.32610253911441,3.4339872044851463,-0.11144611734969222,,7.600902459542082,
4329,1035.0,52.158439,4.490032,1.1588805708045329,Leiden,Netherlands,0.003210970257556,216.0,233,Leiden,Netherlands,52.15,4.5,-2,river north sea,True,True,2000.0,2000.0,3000.0,6000.0,14000.0,1,0,0,0,0,1,0,12.256737763449125,12.785125998961501,12.749616652206829,13.149338806532391,5.37989735354046,0.44701259084757505,7.600902459542082,9.546812608597396,1.9459101490553135
4698,1118.0,50.85125,5.690547,2.936029573194947,Maastricht,Netherlands,0.0029565724831925,6.0,234,Maastricht,Netherlands,50.87,5.72,54,river north sea,True,True,3000.0,4000.0,10000.0,7000.0,10000.0,1,0,0,0,0,1,0,12.054995256042192,12.559333409066724,12.531346925882515,12.934456675819817,1.9459101490553132,0.08417967970531363,8.294049640102028,9.210340371976184,0.916290731874156
4653,1104.0,53.24995,10.40887,0.7405085729864247,Lueneburg,Germany,0.0037610691839511,462.0,235,Lueneburg,Germany,53.25,10.42,16,river north sea,True,True,4000.0,8000.0,8000.0,5000.0,12000.0,1,0,0,0,0,1,0,12.02635075632477,12.430952878757097,12.355087441209417,12.816278263652439,6.137727054086234,1.231587044690768,8.987196820661973,9.392661928770137,0.4054651081081637
14202,261.0,51.481156,7.133099,3.881097149529923,Bochum,Germany,0.0030574450574012,8.0,236,Bochum,Germany,51.47,7.08,100,land north sea,True,True,1000.0,1000.0,1000.0,1000.0,1000.0,0,0,1,0,0,1,0,12.17474105730944,12.64475128301431,12.590234561873853,12.975332658923964,2.1972245773362196,0.22804842952487797,6.907755278982137,6.907755278982137,0.0
17570,1336.0,51.129463,2.751689,0.1321237817027276,Nieuwpoort,Belgium,0.0029540593979525,0.0,237,Nieuwpoort,Belgium,51.13,2.75,2,north sea + river,True,True,1000.0,2000.0,5000.0,3000.0,6000.0,1,1,0,0,0,1,0,12.143857244764312,12.712631938398923,12.681780659967927,13.054281561689914,0.0,0.08059541079471008,7.600902459542082,8.699514748210191,1.0986122886681091
17573,1546.0,50.855548,2.727131,0.7944613321879391,Poperinge,Belgium,0.0028783474053102,0.0,238,Poperinge,Belgium,50.85,2.72,1,land north sea,True,True,2000.0,2000.0,2000.0,1000.0,4000.0,0,0,1,0,0,1,0,12.084900225556728,12.66220142727147,12.62840639090297,12.999254360432495,0.0,-0.027388248918975615,7.600902459542082,8.294049640102028,0.6931471805599454
17578,714.0,50.771503,3.882894,0.9220120370786868,Geraardsbergen,Belgium,0.0027627873573202,0.0,239,Geraardsbergen,Belgium,50.77,3.87,32,river north sea,True,True,1000.0,2000.0,4000.0,3000.0,5000.0,1,0,0,0,0,1,0,11.993457076103027,12.567097005371986,12.534719183640133,12.911054413655032,0.0,-0.19220489768430787,7.600902459542082,8.517193191416238,0.916290731874156
17612,2086.0,51.072294,2.662111,0.6073653412158846,Veurne,Belgium,0.0029391911348867,0.0,240,Veurne,Belgium,51.07,2.67,3,land north sea,True,True,1000.0,1000.0,2000.0,1000.0,2000.0,0,0,1,0,0,1,0,12.138048815494317,12.710386837253163,12.67664408594347,13.051630852073787,0.0,0.05938966249250648,6.907755278982137,7.600902459542082,0.6931471805599454
17622,588.0,51.037632,2.377102,1.4621435792054944,Dunkerque,France,0.0028990137724151,0.0,241,Dunkerque,France,51.05,2.37,2,north sea,False,True,3000.0,3000.0,4000.0,3000.0,7000.0,0,1,0,0,0,1,0,12.096237204256733,12.67314768123497,12.639112122453973,13.00975754275992,0.0,0.002087001633693151,8.006367567650246,8.85366542803745,0.8472978603872043
17630,489.0,50.765278,3.006602,1.0786634940891684,Comines,France,0.0028383718310051,0.0,242,Comines,France,50.77,3.02,11,river north sea,False,True,0.0,1000.0,1000.0,1000.0,1000.0,1,0,0,0,0,1,0,12.066881694635793,12.645231792121585,12.609657243834768,12.982350466585112,0.0,-0.08440311092393331,6.907755278982137,6.907755278982137,0.0
