id,cid,lat,lon,match_dist_km,city,country,closeness,betw_topo,node_idx
6712,1693.0,52.850548,11.151767,1.0576910015285348,Salzwedel,Germany,0.003707705569513678,6.0,0
1017,337.0,53.121971,18.000143,0.8928362838513159,Bydgoszcz,Poland,0.0020936549787612937,9032.0,1
1036,319.0,51.20876,3.224332,1.3107042891660488,Brugge,Belgium,0.0030212459711017044,0.0,2
2456,767.0,53.218044,6.566612,1.1271915962284076,Groningen,Netherlands,0.0036259590340763084,0.0,3
268,89.0,51.221248,4.399862,1.4093408827240856,Antwerpen,Belgium,0.003091502250591196,0.0,4
941,294.0,54.381613,19.823706,2.084757463441107,Braniewo,Poland,0.001870304314566931,450.0,5
1239,483.0,51.945492,7.167782,1.7293317684733072,Coesfeld,Germany,0.0031454332073803087,0.0,6
2048,691.0,50.55032,9.677818,0.1582192477761261,Fulda,Germany,0.003024639007261619,284.0,7
2791,799.0,50.13654,8.917454,0.7495159788146992,Hanau,Germany,0.0028228091842667394,0.0,8
4746,1148.0,50.808961,8.770484,1.2279534012923101,Marburg,Germany,0.0029072327139874356,32.0,9
6297,1602.0,51.61491,7.198298,3.8836000204720453,Recklinghausen,Germany,0.0031358943464337586,0.0,10
7115,1788.0,50.874588,8.024642,0.6337345356158576,Siegen,Germany,0.0027350735244095255,10.0,11
5160,1309.0,52.606647,12.876269,0.8517755432458973,Nauen,Germany,0.0032503958423433206,0.0,12
7722,1833.0,55.082141,21.903648,1.5239043478020602,Sovetsk,Russia,0.0017571103891696254,0.0,13
5622,1397.0,54.292143,10.886782,1.7348569552442914,Oldenburg,Germany,0.0029707971281715444,0.0,14
8757,476.0,51.819369,10.33924,2.2454661891157173,Clausthal Zellerfeld,Germany,0.0033989815456780723,250.0,15
11958,1202.0,51.500037,3.673561,3.7075233753330377,Middelburg,Netherlands,0.003115502405512397,0.0,16
10318,1737.0,50.721343,10.451045,1.4890287813725378,Schmalkalden,Germany,0.00295328856588772,264.0,17
11006,229.0,52.513976,13.405676,0.7721347814984091,Berlin,Germany,0.0034557389239819577,0.0,18
0,741.0,51.532781,9.935188,1.0702370312314582,Goettingen,Germany,0.0032665032212400662,0.0,19
8468,903.0,52.526845,5.967086,5.216807171223239,Kampen,Netherlands,0.003432206516987521,0.0,20
5224,1314.0,53.557107,13.261152,1.080374263711333,Neubrandenburg,Germany,0.0026356721638888317,14.0,21
11895,749.0,52.001605,4.774255,4.2394044165504745,Gouda,Netherlands,0.0032751767474710845,0.0,22
7520,1124.0,52.121847,11.630887,0.2141195420403779,Magdeburg,Germany,0.0036383338573303162,0.0,23
17598,623.0,50.693516,4.039493,0.9833042667785463,Enghien,Belgium,0.002643312513232608,0.0,24
11861,595.0,52.512613,5.04934,4.358229272217159,Edam,Netherlands,0.0031336388535263228,0.0,25
132,1404.0,53.77672,20.476163,1.6081461029485171,Olsztyn,Poland,0.0015120688383694087,0.0,26
1521,565.0,51.81514,4.667133,1.6949938134932103,Dordrecht,Netherlands,0.003278600175969525,0.0,27
626,466.0,50.346983,18.923447,5.553969352767395,Chorzow,Poland,0.0015962518203235354,436.0,28
50,603.0,51.81823,9.86698,0.28605132126807353,Einbeck,Germany,0.003332789921241636,0.0,29
64,621.0,51.875076,6.243247,5.33843068214911,Emmerich,Germany,0.0033607063313442448,0.0,30
65,331.0,50.776489,6.083815,0.4736751283192175,Burscheid,Germany,0.0027505664448626965,0.0,31
69,2.0,50.938341,4.039006,1.1218355774514877,Aalst,Belgium,0.0029830080956335238,910.0,32
244,69.0,52.156362,5.389577,1.003049947347642,Amersfoort,Netherlands,0.003082838376589102,152.0,33
322,121.0,51.755573,11.455672,0.7324325147543669,Aschersleben,Germany,0.003425930995575722,178.0,34
296,114.0,51.978705,5.910977,0.634540948727431,Arnhem,Netherlands,0.003440284596514936,0.0,35
317,120.0,49.974495,9.146622,0.6580662588873177,Aschaffenburg,Germany,0.0028203523507939906,8.0,36
476,191.0,51.181365,14.423985,3.907445056634742,Bautzen,Germany,0.0027495184286486347,840.0,37
479,194.0,49.944915,11.57351,0.7316795190480714,Bayreuth,Germany,0.0024084485184303135,290.0,38
485,200.0,51.754833,8.040517,0.9016173926421448,Beckum,Germany,0.003308135263772666,896.0,39
565,225.0,51.494526,4.287204,0.7868864063686835,Bergen op Zoom,Netherlands,0.0031543138405101877,0.0,40
586,232.0,51.798839,11.735776,0.41763947344584995,Bernburg,Germany,0.003534663462422196,218.0,41
652,242.0,52.020467,8.531712,0.803104385234767,Bielefeld,Germany,0.0034512002394446353,1226.0,42
11862,50.0,52.630722,4.749201,1.298367388034401,Alkmaar,Netherlands,0.003142835916992311,0.0,43
1750,612.0,54.158416,19.396069,2.0214580725956015,Elblag,Poland,0.0019311801336790349,0.0,44
928,293.0,52.413985,12.553797,2.24143713781715,Brandenburg,Germany,0.003597505136879643,0.0,45
942,297.0,52.262815,10.517142,1.841712930936054,Braunschweig,Germany,0.0036307526775700583,144.0,46
949,298.0,51.588294,4.776283,1.0193133301791086,Breda,Netherlands,0.0031669099127461164,0.0,47
989,321.0,50.861908,17.470135,1.6752202363079554,Brzeg,Poland,0.0020135282823649197,872.0,48
991,1117.0,51.902257,4.164831,5.430928098943549,Maassluis,Netherlands,0.0032076554929407145,0.0,49
1127,325.0,52.270597,11.858961,1.2103376316866308,Burg,Germany,0.003589129817832472,0.0,50
1177,417.0,52.624105,10.081862,0.4734449480363879,Celle,Germany,0.0037330647391408673,0.0,51
1238,482.0,50.258278,10.964611,0.9970280775445602,Coburg,Germany,0.0025524894167510605,154.0,52
1251,513.0,51.760836,14.335247,4.652999241084083,Cottbus,Germany,0.0027692826616135947,2.0,53
2194,719.0,50.586324,8.674582,1.9274686323968586,Giessen,Germany,0.0028709476905776714,440.0,54
1333,704.0,54.349211,18.650284,3.6540986229094474,Gdansk,Poland,0.0019210442142754722,0.0,55
1374,542.0,52.011187,4.358343,1.3687641697250514,Delft,Netherlands,0.0032180391054485464,248.0,56
1737,605.0,50.974621,10.319604,0.5987605501912201,Eisenach,Germany,0.0031670843083645714,526.0,57
1401,547.0,51.835326,12.246898,1.3034404735224976,Dessau,Germany,0.0034703318921026874,0.0,58
1417,548.0,52.251815,6.160268,0.6925562312842332,Deventer,Netherlands,0.0034733660248296213,0.0,59
1467,560.0,51.122234,13.123306,0.3390408106747327,Doebeln,Germany,0.002731305984617861,0.0,60
250,71.0,52.373074,4.89257,0.6093197704074962,Amsterdam,Netherlands,0.0032116636205176945,2010.0,61
1545,568.0,51.514287,7.466708,0.6748626715020372,Dortmund,Germany,0.003113920183492744,602.0,62
1570,575.0,51.049734,13.737918,0.5542745314886587,Dresden,Germany,0.0031283420613517584,2710.0,63
8844,1896.0,52.085174,15.625421,1.6896645063505173,Sulechow,Poland,0.002697301885711268,0.0,64
1639,583.0,51.225891,6.772236,2.9293063085327318,Duesseldorf,Germany,0.0032260362131735967,0.0,65
1721,602.0,51.459806,12.633292,1.4272871596086492,Eilenburg,Germany,0.0030638691872167815,82.0,66
1728,604.0,51.439449,5.478408,1.2015138181526779,Eindhoven,Netherlands,0.0029336978688545377,0.0,67
1741,607.0,51.528307,11.546615,1.474633690259544,Eisleben,Germany,0.0033327881447904285,808.0,68
1790,620.0,53.366864,7.206328,0.5457682671912132,Emden,Germany,0.003664832720740446,482.0,69
1811,624.0,52.704595,5.2937,1.0550687917560249,Enkhuizen,Netherlands,0.0029318384535740095,0.0,70
1826,629.0,50.977868,11.028775,1.069066184532316,Erfurt,Germany,0.003141880226410608,994.0,71
2777,794.0,53.54798,9.9931,0.8941229595318408,Hamburg,Germany,0.003861682019901868,722.0,72
1831,630.0,49.601809,11.003096,1.2347060517066832,Erlangen,Germany,0.0023618592024688906,70.0,73
1865,633.0,51.456963,7.012649,1.53649581582668,Essen,Germany,0.0031384154595807978,392.0,74
1962,664.0,54.782514,9.436726,0.5139801492356889,Flensburg,Germany,0.002688220361318146,40.0,75
1983,677.0,53.186226,5.544241,1.1746389570298885,Franeker,Netherlands,0.0035538818920444635,0.0,76
1987,680.0,50.110394,8.682175,1.4455900319360342,Frankfurt am Main,Germany,0.0029045368418861824,1730.0,77
2002,682.0,50.916999,13.343914,2.1271198244854386,Freiberg,Germany,0.0028416662005132727,838.0,78
3339,863.0,51.374437,7.69752,1.3124087299461498,Iserlohn,Germany,0.002941628990978959,14.0,79
2159,711.0,51.05355,3.724503,0.5048693998296216,Gent,Belgium,0.0030005332397091806,0.0,80
3582,1129.0,50.00752,8.283357,1.6842391473173992,Mainz,Germany,0.0029252253904713844,478.0,81
2305,742.0,51.829716,4.974971,0.3470248133431047,Gorinchem,Netherlands,0.0033125736398047995,0.0,82
2337,746.0,51.905882,10.428955,0.8973497980362873,Goslar,Germany,0.0035174331934632727,830.0,83
2347,748.0,50.949588,10.701229,1.3157631456262204,Gotha,Germany,0.0031011992257218993,252.0,84
2602,768.0,51.291728,13.530913,1.508863220059522,Grossenhain,Germany,0.0030008873403989554,2.0,85
2671,774.0,51.951893,14.725474,3.5796276552605497,Gubin,Poland,0.003076750859332842,278.0,86
2758,790.0,51.895294,11.052109,1.334467473242703,Halberstadt,Germany,0.003473822468044402,206.0,87
2765,793.0,51.482658,11.969805,0.2958648407875068,Halle,Germany,0.003425191945812985,4132.0,88
2778,795.0,52.104508,9.356435,0.666670869381942,Hameln,Germany,0.0035605573602286,166.0,89
2781,797.0,51.681393,7.818742,1.2698118191260093,Hamm,Germany,0.003267969969034909,2150.0,90
2795,800.0,52.371646,9.736082,3.179730136419834,Hannover,Germany,0.003525345070346386,186.0,91
2807,802.0,52.350136,5.618408,1.250397612215896,Harderwijk,Netherlands,0.003121169669689011,280.0,92
2862,2249.0,52.474399,6.069561,2.9331461556768597,Zwolle,Netherlands,0.0034953247968996107,0.0,93
2945,816.0,52.227697,11.010533,1.116809383306607,Helmstedt,Germany,0.003567998641682267,0.0,94
2978,820.0,52.114175,8.671844,1.581213282697219,Herford,Germany,0.003508084677196035,1364.0,95
3017,2261.0,51.688763,5.303699,1.2752447787738201,s Hertogenbosch,Netherlands,0.003311057727429366,544.0,96
3050,824.0,52.152756,9.951685,0.32730738768930745,Hildesheim,Germany,0.0033307333842376727,0.0,97
4754,1133.0,54.037262,19.026117,0.9009083680792432,Malbork,Poland,0.0019581833879129176,36.0,98
3064,2199.0,52.943016,5.399164,2.207196158703447,Workum,Netherlands,0.003495234674142661,0.0,99
3196,833.0,52.639206,5.059233,1.255320337170294,Hoorn,Netherlands,0.003121661560709542,482.0,100
3298,1809.0,53.010189,5.623388,3.817485702646525,Sneek,Netherlands,0.003558932276295955,298.0,101
3325,420.0,54.637991,21.810544,1.0769919282295888,Cernjahovsk,Russia,0.0017881524568498306,0.0,102
7230,1811.0,51.572658,8.106354,0.988332034600161,Soest,Germany,0.0032211867271204554,14.0,103
3574,964.0,48.720509,21.257458,0.5500341470806743,Kosice,Slovakia,0.001055638791537873,0.0,104
3580,910.0,51.315808,9.50533,1.8210221697149684,Kassel,Germany,0.003372743113581464,366.0,105
3646,927.0,54.323309,10.139494,0.9656887757036186,Kiel,Germany,0.0031599474585176355,0.0,106
3852,946.0,50.360368,7.595445,1.5905290204309601,Koblenz,Germany,0.0030165398770179985,0.0,107
3880,952.0,54.175813,15.576246,3.1858066915152885,Kolobrzeg,Poland,0.0025217087199065533,0.0,108
3888,947.0,50.936623,6.960704,1.9948328954448824,Koeln,Germany,0.0031408921875487757,52.0,109
5972,1521.0,50.493533,12.136025,0.8358969108004382,Plauen,Germany,0.002549049311844568,0.0,110
3911,895.0,54.708932,20.51082,1.4133830550867343,Kaliningrad,Russia,0.001867391906346118,0.0,111
3976,967.0,54.19001,16.182474,1.1246433639495934,Koszalin,Poland,0.002287294364492287,476.0,112
3990,950.0,51.750994,11.973732,0.2796757992737021,Koethen,Germany,0.0034001520432884796,0.0,113
4168,966.0,52.579019,14.637092,4.639526527118507,Kostrzyn,Poland,0.0032411582395528737,0.0,114
4220,745.0,52.731058,15.240125,4.3853902536561264,Gorzow Wielkopolski,Poland,0.003151171422743927,0.0,115
4314,1031.0,53.201009,5.796778,1.787146062150988,Leeuwarden,Netherlands,0.0035867019976029368,17522.0,116
4337,1036.0,51.339915,12.374475,2.2361703655075864,Leipzig,Germany,0.0031153068229451946,1592.0,117
4410,1056.0,56.504632,21.011059,1.7947331497780252,Liepaja,Latvia,0.0014823565419971783,0.0,118
4502,1069.0,51.676271,8.346519,1.957114612684964,Lippstadt,Germany,0.0032763943022004987,1968.0,119
4753,1152.0,50.651123,13.16372,0.46003124563792225,Marienberg,Germany,0.0024722715605231226,22.0,120
7015,183.0,51.283264,7.292642,5.065395384791099,Barmen,Germany,0.0028797985095019947,22.0,121
4769,993.0,53.734843,18.921858,1.7683929222096755,Kwidzyn,Poland,0.0018693462024620762,0.0,122
8513,2191.0,51.866385,12.643187,0.6167643109070732,Wittenberg,Germany,0.003429739128457771,0.0,123
4816,1177.0,51.028057,4.479713,0.7127964096605618,Mechelen,Belgium,0.003030879114958548,0.0,124
4827,729.0,50.849699,12.46657,5.545069038978867,Glauchau,Germany,0.002747479708888567,0.0,125
4853,1182.0,51.163089,13.470449,0.7691066460286597,Meissen,Germany,0.00316889929152388,22.0,126
4871,941.0,55.708979,21.135143,4.346243745256603,Klaipeda,Lithuania,0.0017611267176554245,0.0,127
4891,1193.0,51.354851,11.999072,1.430075128441216,Merseburg,Germany,0.0032957906507256204,2196.0,128
4958,1211.0,52.28806,8.916805,0.9222075170433697,Minden,Germany,0.003640688139607812,1548.0,129
4969,885.0,56.651674,23.722242,3.1988879543995488,Jelgava,Latvia,0.001180599376212505,4194.0,130
12416,713.0,50.657338,12.200274,4.954226525019151,Gera,Germany,0.0026451490191854296,418.0,131
5113,1283.0,51.963078,7.628321,1.5620014018474913,Muenster,Germany,0.0033335440581930163,994.0,132
5127,1607.0,50.619726,12.263892,2.547569733592329,Reichenbach,Germany,0.002571407611312683,0.0,133
5153,1308.0,59.376646,28.200066,4.587965809882134,Narva,Estonia,0.0008234772446735013,0.0,134
5297,1318.0,52.925287,12.806009,0.7126635000139006,Neuruppin,Germany,0.0030870523036705786,0.0,135
5304,1319.0,51.197927,6.692717,0.9155718627061905,Neuss,Germany,0.003211791589485908,224.0,136
5424,1338.0,52.222632,5.48355,1.1581549168767549,Nijkerk,Netherlands,0.003028630399666088,0.0,137
10205,1007.0,51.139882,10.6357768,3.254341578509569,Langensalza,Germany,0.003248766373046923,0.0,138
5430,1339.0,51.847301,5.864896,3.0739392512615673,Nijmegen,Netherlands,0.0034224301339831637,0.0,139
5453,1357.0,53.595914,7.205715,0.5904660564162245,Norden,Germany,0.0032413478851713185,0.0,140
5460,1358.0,51.501815,10.794585,1.029536806543011,Nordhausen,Germany,0.00326761147291681,174.0,141
5492,1381.0,49.453915,11.077314,0.6848626992092092,Nuernberg,Germany,0.0023728976282032,0.0,142
5623,1396.0,53.138916,8.214479,1.2863163157878856,Oldenburg,Germany,0.003878477151184672,19802.0,143
5704,1431.0,52.2772,8.041195,1.1050588311656988,Osnabrueck,Germany,0.00324638719745824,64.0,144
5801,1444.0,51.718207,8.755377,0.4206551796837023,Paderborn,Germany,0.003371383458976802,2546.0,145
8375,785.0,51.388653,7.400241,5.911387541922434,Hagen,Germany,0.002951191569533211,0.0,146
2717,784.0,52.381385,4.636145,0.4446148079968681,Haarlem,Netherlands,0.0031735976620225854,0.0,147
8428,2182.0,50.081953,8.241527,0.8506875480477049,Wiesbaden,Germany,0.0028452145001756895,0.0,148
2430,764.0,51.236741,12.729999,1.0229923021188796,Grimma,Germany,0.0028642843866892777,88.0,149
5949,1513.0,50.962273,13.941934,2.145016453145382,Pirna,Germany,0.0030897068182294462,420.0,150
6092,1559.0,50.086745,14.420629,1.0047786019426053,Praha,Czech rep.,0.002261316130381401,4.0,151
6195,1583.0,51.789323,11.141566,1.3213412130502789,Quedlinburg,Germany,0.003408466232514681,92.0,152
6364,1610.0,54.304771,9.664155,0.6521251457176956,Rendsburg,Germany,0.0031919463518004123,6328.0,153
6387,1921.0,59.437308,24.745038,1.944916268757407,Tallinn,Estonia,0.0007905843878301839,0.0,154
6398,1619.0,52.278889,7.437977,0.5565619113434069,Rheine,Germany,0.003440029711807811,100.0,155
6545,1648.0,54.088618,12.139895,1.6131551862533378,Rostock,Germany,0.002883228897418117,12.0,156
6562,1655.0,51.920836,4.485403,1.0604226640929126,Rotterdam,Netherlands,0.0032527382426324318,426.0,157
6610,584.0,51.453462,6.733224,4.510297463229546,Duisburg,Germany,0.0032876120365998157,0.0,158
10545,1902.0,55.059726,10.609883,1.7163884881519418,Svendborg,Denmark,0.0020127979900840926,0.0,159
6840,2136.0,51.91812,4.398575,3.8939301219355347,Vlaardingen,Netherlands,0.0032369688698548455,0.0,160
6880,1736.0,54.513788,9.570986,1.5204892529936584,Schleswig,Germany,0.0028984737186505934,0.0,161
7018,1745.0,53.628788,11.414916,0.36131071116873537,Schwerin,Germany,0.0035590205412300534,582.0,162
7281,1834.0,52.537525,13.20375,0.8743430484294632,Spandau,Germany,0.003500901586376212,94.0,163
11875,1554.0,52.395737,13.061349,0.7544650220333171,Potsdam,Germany,0.003533640892797162,0.0,164
7321,1868.0,53.603069,9.476003,0.5228270946188092,Stade,Germany,0.003859173087107708,0.0,165
7343,1872.0,53.336981,15.045666,1.2979441129198093,Stargard Szczecinski,Poland,0.002875722543642978,0.0,166
7405,1878.0,52.605896,11.860586,0.9700013115981333,Stendal,Germany,0.0035771588393389126,0.0,167
7413,1911.0,53.424101,14.559637,3.3227081162054404,Szczecin,Poland,0.003167634221441516,0.0,168
7442,1806.0,54.466698,17.031335,0.8193544165541804,Slupsk,Poland,0.0019993856331089292,82.0,169
7485,1320.0,53.331209,13.095646,2.695334427871035,Neustrelitz,Germany,0.002828418118660434,374.0,170
7760,1974.0,51.558158,13.00404,1.3460585942975969,Torgau,Germany,0.0033062825078642444,432.0,171
7919,2032.0,51.534756,7.690157,0.8793665566507234,Unna,Germany,0.0031080963117286163,568.0,172
7944,2038.0,52.091844,5.118906,1.5195622154043533,Utrecht,Netherlands,0.0033077649630410097,3050.0,173
8000,2073.0,51.370573,6.169413,3.2723911679764095,Venlo,Netherlands,0.0031404132738472317,126.0,174
8005,2077.0,52.919986,9.22902,0.6047281459300324,Verden,Germany,0.0038069049296135756,0.0,175
8185,2158.0,51.488996,9.147778,1.835306669851544,Warburg,Germany,0.0032952766679903347,0.0,176
8242,2166.0,51.254017,5.706554,1.0369319422376109,Weert,Netherlands,0.002888294340818777,8.0,177
8272,2168.0,51.201045,11.972454,0.20672863592149388,Weissenfels,Germany,0.003167337226008189,948.0,178
2705,776.0,53.793417,12.176656,0.8525961113353805,Guestrow,Germany,0.002887950165432059,6.0,179
8345,2172.0,51.656806,6.611749,1.9331341840104332,Wesel,Germany,0.00335011845842861,0.0,180
8505,2189.0,53.891371,11.466215,1.2885031016582942,Wismar,Germany,0.0032430636119986944,18.0,181
8580,2192.0,52.162024,10.53611,0.9799184091082164,Wolfenbuettel,Germany,0.0036273616575470354,2280.0,182
8597,2194.0,53.843763,14.615364,0.5172914601757141,Wolin,Poland,0.0030701670823012656,0.0,183
8763,2229.0,51.966935,12.084514,1.114294588170872,Zerbst,Germany,0.003412816645474608,0.0,184
8807,2235.0,50.896066,14.805737,1.7569174793424518,Zittau,Germany,0.002460904003889667,0.0,185
8853,2246.0,52.141452,6.195327,1.3127387626491362,Zutphen,Netherlands,0.0034656974162974616,0.0,186
8862,2248.0,50.717666,12.497177,1.8283818439848,Zwickau,Germany,0.002672864186805067,246.0,187
8901,2139.0,51.442123,3.572776,1.438020707031687,Vlissingen,Netherlands,0.0030844830575508992,0.0,188
9608,1595.0,56.460725,10.036703,1.3156145847832148,Randers,Denmark,0.001628645777729113,0.0,189
258,82.0,53.855504,13.687515,0.7858265475395948,Anklam,Germany,0.002998703547084438,96.0,190
1537,1934.0,58.38012,26.72255,5.590019107107951,Tartu,Estonia,0.0008547052045579945,2820.0,191
10539,1390.0,55.39671761,10.38945241,0.6996145419345271,Odense,Denmark,0.002012582646579333,10.0,192
5889,1519.0,58.385892,24.49835,0.6621840246799254,Pjarnu,Estonia,0.0009209097500635053,468.0,193
1190,447.0,50.832427,12.919155,0.2763186147880209,Chemnitz,Germany,0.0026640290037467846,344.0,194
10688,1108.0,55.703052,13.193,0.8824324482509533,Lund,Sweden,0.0014660745646287528,0.0,195
10690,1964.0,54.316276,8.940776,0.8123734986770996,Toenning,Germany,0.003007805174534513,0.0,196
10691,733.0,53.788096,9.423902,0.9360233619921035,Glueckstadt,Germany,0.0038700819239855335,0.0,197
10692,979.0,53.836629,9.489845,0.9801484691459604,Krempe,Germany,0.003841052915829653,0.0,198
8379,2176.0,50.554355,8.501117,3.487398429442801,Wetzlar,Germany,0.0027916557711456444,6.0,199
1988,681.0,52.344244,14.553598,1.6026163421905029,Frankfurt am Oder,Germany,0.0031792280589490805,0.0,200
12427,848.0,50.892455,11.60712,4.5874274446627785,Iena,Germany,0.002986849699917548,0.0,201
14545,945.0,55.672475,12.591232,5.33121701839223,Kobenhaven,Denmark,0.0015251156101827844,0.0,202
72,3.0,56.157091,10.209522,1.5752169622534251,Aarhus,Denmark,0.0017331801026568897,0.0,203
11913,739.0,51.504595,3.890265,0.8456391595234387,Goes,Netherlands,0.0031409687240439637,0.0,204
11915,2233.0,51.649648,3.921261,2.1864932354417297,Zierikzee,Netherlands,0.0031592574688558647,0.0,205
11918,815.0,51.478951,5.655727,0.9952886959199394,Helmond,Netherlands,0.002899846804788995,0.0,206
2409,762.0,54.09608,13.380983,1.789165928223992,Greifswald,Germany,0.002710810404485334,0.0,207
7714,1952.0,51.887521,5.437217,1.822431669376158,Tiel,Netherlands,0.003372925668810352,0.0,208
11654,817.0,56.035001,12.613781,1.9484407240345212,Helsingor,Denmark,0.001445366274648416,0.0,209
6104,1561.0,53.313374,13.858617,1.055740656380369,Prenzlau,Germany,0.002919147993449569,0.0,210
973,300.0,53.075887,8.807392,0.6730337351328549,Bremen,Germany,0.003852216260560468,0.0,211
186,61.0,50.985257,12.433309,0.6287762190467358,Altenburg,Germany,0.0028867104838381148,1000.0,212
18125,1548.0,61.488816,21.793522,1.2150000668530327,Pori,Finland,0.0005129527089133179,0.0,213
3280,843.0,54.476851,9.051543,0.7682936780064942,Husum,Germany,0.0028812325460781476,456.0,214
11709,1646.0,55.64106,12.080362,0.9943435043897296,Roskilde,Denmark,0.0016205314179779694,1900.0,215
4604,1103.0,53.865911,10.685259,1.0989419948583898,Luebeck,Germany,0.0036691632806618367,0.0,216
10698,1135.0,55.606106,13.00055,0.6798356196411135,Malmoe,Sweden,0.0015113605877839584,480.0,217
8902,1621.0,55.328145,8.762129,2.480620058116162,Ribe,Denmark,0.0021422677382612818,0.0,218
1813,626.0,52.220592,6.895297,1.04412592348457,Enschede,Netherlands,0.003220439950263339,0.0,219
8752,2225.0,51.050307,12.134652,0.3269694264333549,Zeitz,Germany,0.002992843634484847,892.0,220
19786,818.0,60.167539,24.952033,4.946892254657348,Helsinki,Finland,0.0005720149076288487,0.0,221
10547,2167.0,50.980945,11.329398,0.6662621690444112,Weimar,Germany,0.0031103025297017956,862.0,222
18126,1440.0,65.015355,25.472386,0.5285157745030714,Oulu,Finland,0.00047988555989480277,0.0,223
8009,2153.0,60.713025,28.732889,1.456819868182002,Vyborg,Russia,0.0006777355462739808,1428.0,224
6477,1637.0,51.195619,5.985689,1.1098013478410125,Roermond,Netherlands,0.0030825534312944763,0.0,225
17574,1433.0,51.232106,2.917664,1.3559206988647732,Ostende,Belgium,0.002978602880810464,0.0,226
2313,738.0,51.15621,14.990651,0.6920126170346902,Goerlitz,Germany,0.0025165579114370755,190.0,227
7461,1886.0,54.316002,13.090474,2.6018588199976254,Stralsund,Germany,0.0025599277323312647,0.0,228
5165,1310.0,51.152263,11.809909,0.7355272669196778,Naumburg,Germany,0.003139150141002864,1008.0,229
18118,2019.0,60.450667,22.275951,1.4250568852970904,Turku,Finland,0.0005213181995999487,0.0,230
4850,1181.0,50.567664,10.415375,0.41733318214237736,Meiningen,Germany,0.002846875186674986,330.0,231
7529,1895.0,50.610377,10.693252,2.1694750560913887,Suhl,Germany,0.0028194108149684283,30.0,232
4329,1035.0,52.158439,4.490032,1.1588805708045327,Leiden,Netherlands,0.0032109702575560763,216.0,233
4698,1118.0,50.85125,5.690547,2.936029573194947,Maastricht,Netherlands,0.00295657248319253,6.0,234
4653,1104.0,53.24995,10.40887,0.7405085729864247,Lueneburg,Germany,0.003761069183951157,462.0,235
14202,261.0,51.481156,7.133099,3.8810971495299236,Bochum,Germany,0.003057445057401214,8.0,236
17570,1336.0,51.129463,2.751689,0.13212378170272762,Nieuwpoort,Belgium,0.002954059397952571,0.0,237
17573,1546.0,50.855548,2.727131,0.7944613321879391,Poperinge,Belgium,0.002878347405310241,0.0,238
17578,714.0,50.771503,3.882894,0.9220120370786868,Geraardsbergen,Belgium,0.0027627873573202308,0.0,239
17612,2086.0,51.072294,2.662111,0.6073653412158846,Veurne,Belgium,0.0029391911348867236,0.0,240
17622,588.0,51.037632,2.377102,1.4621435792054944,Dunkerque,France,0.002899013772415101,0.0,241
17630,489.0,50.765278,3.006602,1.0786634940891684,Comines,France,0.0028383718310051225,0.0,242
