cid,city,country,lat,lon,elev,transport,in_hre,in_cne,pop1200,pop1300,pop1400,pop1500,pop1600,on_river,on_coast,inland,atlantic,baltic,northsea,medit,l1200,l1300,l1400,l1500,l1600,g_crash,g_recov
0,Aachen,Germany,50.78,6.08,176,land north sea,True,True,13000.0,18000.0,10000.0,18000.0,23000.0,0,0,1,0,0,1,0,9.472704636443673,9.798127036878302,9.210340371976184,9.798127036878302,10.043249494911286,-0.5877866649021186,0.5877866649021186
2,Aalst,Belgium,50.93,4.03,17,river north sea,True,True,3000.0,4000.0,4000.0,5000.0,7000.0,1,0,0,0,0,1,0,8.006367567650246,8.294049640102028,8.294049640102028,8.517193191416238,8.85366542803745,0.0,0.2231435513142106
50,Alkmaar,Netherlands,52.63,4.73,3,river north sea,True,True,2000.0,3000.0,2000.0,5000.0,12000.0,1,0,0,0,0,1,0,7.600902459542082,8.006367567650246,7.600902459542082,8.517193191416238,9.392661928770137,-0.4054651081081637,0.916290731874156
61,Altenburg,Germany,50.98,12.43,227,river north sea,True,True,2000.0,1000.0,3000.0,3000.0,4000.0,1,0,0,0,0,1,0,7.600902459542082,6.907755278982137,8.006367567650246,8.006367567650246,8.294049640102028,1.0986122886681091,0.0
63,Altstaetten,Switzerland,47.38,9.55,410,land north sea,True,True,1000.0,1000.0,1000.0,1000.0,1000.0,0,0,1,0,0,1,0,6.907755278982137,6.907755278982137,6.907755278982137,6.907755278982137,6.907755278982137,0.0,0.0
66,Amberg,Germany,49.45,11.87,373,river north sea,True,True,1000.0,3000.0,3000.0,4000.0,4000.0,1,0,0,0,0,1,0,6.907755278982137,8.006367567650246,8.006367567650246,8.294049640102028,8.294049640102028,0.0,0.2876820724517817
69,Amersfoort,Netherlands,52.15,5.4,3,river north sea,True,True,2000.0,3000.0,2000.0,7000.0,7000.0,1,0,0,0,0,1,0,7.600902459542082,8.006367567650246,7.600902459542082,8.85366542803745,8.85366542803745,-0.4054651081081637,1.252762968495368
71,Amsterdam,Netherlands,52.37,4.9,2,north sea,True,True,1000.0,1000.0,3000.0,12000.0,60000.0,0,1,0,0,0,1,0,6.907755278982137,6.907755278982137,8.006367567650246,9.392661928770137,11.002099841204238,1.0986122886681091,1.3862943611198908
74,Andernach,Germany,50.43,7.4,60,river north sea,True,True,3000.0,3000.0,2000.0,3000.0,3000.0,1,0,0,0,0,1,0,8.006367567650246,8.006367567650246,7.600902459542082,8.006367567650246,8.006367567650246,-0.4054651081081637,0.4054651081081637
82,Anklam,Germany,53.85,13.68,6,river baltic,True,True,1000.0,2000.0,1000.0,2000.0,5000.0,1,0,0,0,1,0,0,6.907755278982137,7.600902459542082,6.907755278982137,7.600902459542082,8.517193191416238,-0.6931471805599454,0.6931471805599454
83,Annaberg,Germany,50579.0,13.0,300,land north sea,True,True,0.0,1000.0,2000.0,4000.0,6000.0,0,0,1,0,0,1,0,-inf,6.907755278982137,7.600902459542082,8.294049640102028,8.699514748210191,0.6931471805599454,0.6931471805599454
86,Ansbach,Germany,49.28,10.6,406,river north sea,True,True,1000.0,1000.0,1000.0,2000.0,3000.0,1,0,0,0,0,1,0,6.907755278982137,6.907755278982137,6.907755278982137,7.600902459542082,8.006367567650246,0.0,0.6931471805599454
89,Antwerpen,Belgium,51.22,4.42,3,north sea + river,True,True,3000.0,7000.0,15000.0,30000.0,47000.0,1,1,0,0,0,1,0,8.006367567650246,8.85366542803745,9.615805480084347,10.308952660644293,10.757902880692196,0.762140052046897,0.6931471805599454
91,Apeldoorn,Netherlands,52.22,5.97,16,land north sea,True,True,2000.0,2000.0,1000.0,1000.0,1000.0,0,0,1,0,0,1,0,7.600902459542082,7.600902459542082,6.907755278982137,6.907755278982137,6.907755278982137,-0.6931471805599454,0.0
101,Ardooie,Belgium,50.98,3.2,21,land north sea,True,True,2000.0,2000.0,1000.0,2000.0,2000.0,0,0,1,0,0,1,0,7.600902459542082,7.600902459542082,6.907755278982137,7.600902459542082,7.600902459542082,-0.6931471805599454,0.6931471805599454
110,Arlon,Belgium,49.68,5.82,421,river north sea,True,True,2000.0,1000.0,1000.0,2000.0,2000.0,1,0,0,0,0,1,0,7.600902459542082,6.907755278982137,6.907755278982137,7.600902459542082,7.600902459542082,0.0,0.6931471805599454
114,Arnhem,Netherlands,51.98,5.92,13,river north sea,True,True,2000.0,2000.0,3000.0,6000.0,7000.0,1,0,0,0,0,1,0,7.600902459542082,7.600902459542082,8.006367567650246,8.699514748210191,8.85366542803745,0.4054651081081637,0.6931471805599454
120,Aschaffenburg,Germany,49.98,9.15,138,river north sea,True,True,1000.0,2000.0,1000.0,1000.0,2000.0,1,0,0,0,0,1,0,6.907755278982137,7.600902459542082,6.907755278982137,6.907755278982137,7.600902459542082,-0.6931471805599454,0.0
121,Aschersleben,Germany,51.75,11.45,114,land north sea,True,True,2000.0,2000.0,1000.0,1000.0,2000.0,0,0,1,0,0,1,0,7.600902459542082,7.600902459542082,6.907755278982137,6.907755278982137,7.600902459542082,-0.6931471805599454,0.0
131,Ath,Belgium,50.63,3.78,32,river north sea,True,True,2000.0,4000.0,3000.0,5000.0,4000.0,1,0,0,0,0,1,0,7.600902459542082,8.294049640102028,8.006367567650246,8.517193191416238,8.294049640102028,-0.2876820724517817,0.5108256237659923
137,Augsburg,Germany,48.35,10.88,474,river black sea,True,True,13000.0,19000.0,12000.0,30000.0,40000.0,1,0,0,0,0,0,0,9.472704636443673,9.852194258148577,9.392661928770137,10.308952660644293,10.596634733096073,-0.45953232937844035,0.916290731874156
154,Bad Hersfeld,Germany,50.87,9.7,212,river north sea,True,True,1000.0,2000.0,1000.0,2000.0,6000.0,1,0,0,0,0,1,0,6.907755278982137,7.600902459542082,6.907755278982137,7.600902459542082,8.699514748210191,-0.6931471805599454,0.6931471805599454
156,Bad Kreuznach,Germany,49.87,7.85,104,river north sea,True,True,2000.0,3000.0,2000.0,3000.0,4000.0,1,0,0,0,0,1,0,7.600902459542082,8.006367567650246,7.600902459542082,8.006367567650246,8.294049640102028,-0.4054651081081637,0.4054651081081637
159,Baden-Baden,Germany,48.77,8.23,161,river north sea,True,True,1000.0,2000.0,1000.0,1000.0,2000.0,1,0,0,0,0,1,0,6.907755278982137,7.600902459542082,6.907755278982137,6.907755278982137,7.600902459542082,-0.6931471805599454,0.0
173,Bamberg,Germany,49.88,10.88,293,river north sea,True,True,8000.0,8000.0,5000.0,7000.0,12000.0,1,0,0,0,0,1,0,8.987196820661973,8.987196820661973,8.517193191416238,8.85366542803745,9.392661928770137,-0.4700036292457348,0.33647223662121206
183,Barmen,Germany,51.28,7.22,191,river north sea,True,True,1000.0,1000.0,1000.0,1000.0,1000.0,1,0,0,0,0,1,0,6.907755278982137,6.907755278982137,6.907755278982137,6.907755278982137,6.907755278982137,0.0,0.0
186,Basel,Switzerland,47.55,7.58,250,river north sea,True,True,5000.0,7000.0,10000.0,10000.0,11000.0,1,0,0,0,0,1,0,8.517193191416238,8.85366542803745,9.210340371976184,9.210340371976184,9.305650551780507,0.35667494393873334,0.0
191,Bautzen,Germany,51.18,14.48,205,river north sea,True,True,7000.0,3000.0,5000.0,5000.0,5000.0,1,0,0,0,0,1,0,8.85366542803745,8.006367567650246,8.517193191416238,8.517193191416238,8.517193191416238,0.5108256237659923,0.0
194,Bayreuth,Germany,49.95,11.58,343,river north sea,True,True,1000.0,1000.0,1000.0,2000.0,2000.0,1,0,0,0,0,1,0,6.907755278982137,6.907755278982137,6.907755278982137,7.600902459542082,7.600902459542082,0.0,0.6931471805599454
200,Beckum,Germany,51.75,8.03,100,land north sea,True,True,1000.0,2000.0,1000.0,1000.0,2000.0,0,0,1,0,0,1,0,6.907755278982137,7.600902459542082,6.907755278982137,6.907755278982137,7.600902459542082,-0.6931471805599454,0.0
225,Bergen op Zoom,Netherlands,51.5,4.28,10,north sea,True,True,1000.0,1000.0,1000.0,1000.0,2000.0,0,1,0,0,0,1,0,6.907755278982137,6.907755278982137,6.907755278982137,6.907755278982137,7.600902459542082,0.0,0.0
229,Berlin,Germany,52.52,13.4,35,river north sea,True,True,3000.0,4000.0,5000.0,9000.0,10000.0,1,0,0,0,0,1,0,8.006367567650246,8.294049640102028,8.517193191416238,9.104979856318357,9.210340371976184,0.2231435513142106,0.5877866649021186
230,Bern,Switzerland,46.95,7.43,536,river north sea,True,True,3000.0,3000.0,2000.0,3000.0,5000.0,1,0,0,0,0,1,0,8.006367567650246,8.006367567650246,7.600902459542082,8.006367567650246,8.517193191416238,-0.4054651081081637,0.4054651081081637
232,Bernburg,Germany,51.8,11.73,85,river north sea,True,True,2000.0,2000.0,1000.0,3000.0,4000.0,1,0,0,0,0,1,0,7.600902459542082,7.600902459542082,6.907755278982137,8.006367567650246,8.294049640102028,-0.6931471805599454,1.0986122886681091
236,Beveren,Belgium,51.22,4.25,12,land north sea,True,True,1000.0,2000.0,1000.0,2000.0,2000.0,0,0,1,0,0,1,0,6.907755278982137,7.600902459542082,6.907755278982137,7.600902459542082,7.600902459542082,-0.6931471805599454,0.6931471805599454
241,Biberach,Germany,48.1,9.97,238,river black sea,True,True,2000.0,2000.0,1000.0,3000.0,3000.0,1,0,0,0,0,0,0,7.600902459542082,7.600902459542082,6.907755278982137,8.006367567650246,8.006367567650246,-0.6931471805599454,1.0986122886681091
242,Bielefeld,Germany,52.02,8.52,118,land north sea,True,True,1000.0,1000.0,1000.0,2000.0,3000.0,0,0,1,0,0,1,0,6.907755278982137,6.907755278982137,6.907755278982137,7.600902459542082,8.006367567650246,0.0,0.6931471805599454
248,Binche,Belgium,50.4,4.17,92,land north sea,True,True,1000.0,1000.0,1000.0,1000.0,2000.0,0,0,1,0,0,1,0,6.907755278982137,6.907755278982137,6.907755278982137,6.907755278982137,7.600902459542082,0.0,0.0
249,Bingen,Germany,49.97,7.9,89,river north sea,True,True,2000.0,2000.0,1000.0,1000.0,2000.0,1,0,0,0,0,1,0,7.600902459542082,7.600902459542082,6.907755278982137,6.907755278982137,7.600902459542082,-0.6931471805599454,0.0
261,Bochum,Germany,51.47,7.08,100,land north sea,True,True,1000.0,1000.0,1000.0,1000.0,1000.0,0,0,1,0,0,1,0,6.907755278982137,6.907755278982137,6.907755278982137,6.907755278982137,6.907755278982137,0.0,0.0
269,Bonn,Germany,50.73,7.08,54,river north sea,True,True,4000.0,5000.0,3000.0,3000.0,4000.0,1,0,0,0,0,1,0,8.294049640102028,8.517193191416238,8.006367567650246,8.006367567650246,8.294049640102028,-0.5108256237659923,0.0
293,Brandenburg,Germany,52.4,12.53,29,river north sea,True,True,2000.0,1000.0,2000.0,5000.0,7000.0,1,0,0,0,0,1,0,7.600902459542082,6.907755278982137,7.600902459542082,8.517193191416238,8.85366542803745,0.6931471805599454,0.916290731874156
297,Braunschweig,Germany,52.25,10.5,71,river north sea,True,True,11000.0,12000.0,18000.0,18000.0,16000.0,1,0,0,0,0,1,0,9.305650551780507,9.392661928770137,9.798127036878302,9.798127036878302,9.680344001221918,0.4054651081081655,0.0
298,Breda,Netherlands,51.58,4.77,3,river north sea,True,True,1000.0,2000.0,1000.0,6000.0,7000.0,1,0,0,0,0,1,0,6.907755278982137,7.600902459542082,6.907755278982137,8.699514748210191,8.85366542803745,-0.6931471805599454,1.7917594692280545
299,Breisach am Rhein,Germany,48.02,7.6,225,river north sea,True,True,2000.0,3000.0,2000.0,3000.0,4000.0,1,0,0,0,0,1,0,7.600902459542082,8.006367567650246,7.600902459542082,8.006367567650246,8.294049640102028,-0.4054651081081637,0.4054651081081637
300,Bremen,Germany,53.08,8.8,3,river north sea,True,True,8000.0,13000.0,7000.0,18000.0,21000.0,1,0,0,0,0,1,0,8.987196820661973,9.472704636443673,8.85366542803745,9.798127036878302,9.95227771670556,-0.6190392084062228,0.944461608840852
318,Bruchsal,Germany,49.12,8.58,114,land north sea,True,True,1000.0,1000.0,1000.0,1000.0,1000.0,0,0,1,0,0,1,0,6.907755278982137,6.907755278982137,6.907755278982137,6.907755278982137,6.907755278982137,0.0,0.0
319,Brugge,Belgium,51.22,3.23,2,north sea,True,True,10000.0,40000.0,37000.0,35000.0,27000.0,0,1,0,0,0,1,0,9.210340371976184,10.596634733096073,10.51867319162636,10.46310334047155,10.203592144986466,-0.0779615414697119,-0.055569851154810834
320,Bruxelles,Belgium,50.83,4.33,62,river north sea,True,True,8000.0,18000.0,26000.0,33000.0,50000.0,1,0,0,0,0,1,0,8.987196820661973,9.798127036878302,10.165851817003619,10.404262840448617,10.819778284410283,0.3677247801253163,0.2384110234449981
325,Burg,Germany,52.28,11.85,54,river north sea,True,True,2000.0,2000.0,1000.0,2000.0,3000.0,1,0,0,0,0,1,0,7.600902459542082,7.600902459542082,6.907755278982137,7.600902459542082,8.006367567650246,-0.6931471805599454,0.6931471805599454
331,Burscheid,Germany,50.78,6.08,195,land north sea,True,True,1000.0,1000.0,1000.0,1000.0,2000.0,0,0,1,0,0,1,0,6.907755278982137,6.907755278982137,6.907755278982137,6.907755278982137,7.600902459542082,0.0,0.0
417,Celle,Germany,52.62,10.08,40,river north sea,True,True,1000.0,1000.0,1000.0,1000.0,3000.0,1,0,0,0,0,1,0,6.907755278982137,6.907755278982137,6.907755278982137,6.907755278982137,8.006367567650246,0.0,0.0
432,Charleroi,Belgium,50.42,4.43,136,river north sea,True,True,1000.0,1000.0,1000.0,1000.0,1000.0,1,0,0,0,0,1,0,6.907755278982137,6.907755278982137,6.907755278982137,6.907755278982137,6.907755278982137,0.0,0.0
447,Chemnitz,Germany,50.83,12.92,297,river north sea,True,True,1000.0,2000.0,1000.0,3000.0,5000.0,1,0,0,0,0,1,0,6.907755278982137,7.600902459542082,6.907755278982137,8.006367567650246,8.517193191416238,-0.6931471805599454,1.0986122886681091
467,Chur,Switzerland,46.83,9.51,593,river north sea,True,True,2000.0,2000.0,1000.0,2000.0,2000.0,1,0,0,0,0,1,0,7.600902459542082,7.600902459542082,6.907755278982137,7.600902459542082,7.600902459542082,-0.6931471805599454,0.6931471805599454
482,Coburg,Germany,50.25,10.97,292,river north sea,True,True,2000.0,3000.0,4000.0,3000.0,2000.0,1,0,0,0,0,1,0,7.600902459542082,8.006367567650246,8.294049640102028,8.006367567650246,7.600902459542082,0.2876820724517817,-0.2876820724517817
483,Coesfeld,Germany,51.93,7.17,89,river north sea,True,True,1000.0,2000.0,1000.0,1000.0,2000.0,1,0,0,0,0,1,0,6.907755278982137,7.600902459542082,6.907755278982137,6.907755278982137,7.600902459542082,-0.6931471805599454,0.0
513,Cottbus,Germany,51.72,14.35,75,river north sea,True,True,1000.0,1000.0,2000.0,3000.0,4000.0,1,0,0,0,0,1,0,6.907755278982137,6.907755278982137,7.600902459542082,8.006367567650246,8.294049640102028,0.6931471805599454,0.4054651081081637
522,Cronenberg,Germany,51.2,7.13,100,river north sea,True,True,1000.0,2000.0,1000.0,2000.0,2000.0,1,0,0,0,0,1,0,6.907755278982137,7.600902459542082,6.907755278982137,7.600902459542082,7.600902459542082,-0.6931471805599454,0.6931471805599454
535,Darmstadt,Germany,49.88,8.67,144,land north sea,True,True,1000.0,2000.0,1000.0,1000.0,2000.0,0,0,1,0,0,1,0,6.907755278982137,7.600902459542082,6.907755278982137,6.907755278982137,7.600902459542082,-0.6931471805599454,0.0
542,Delft,Netherlands,52.0,4.35,2,river north sea,True,True,5000.0,6000.0,7000.0,12000.0,20000.0,1,0,0,0,0,1,0,8.517193191416238,8.699514748210191,8.85366542803745,9.392661928770137,9.903487552536127,0.15415067982725894,0.5389965007326865
543,Dendermonde,Belgium,51.03,4.12,6,river north sea,True,True,5000.0,9000.0,5000.0,5000.0,5000.0,1,0,0,0,0,1,0,8.517193191416238,9.104979856318357,8.517193191416238,8.517193191416238,8.517193191416238,-0.5877866649021186,0.0
547,Dessau,Germany,51.83,12.23,60,river north sea,True,True,1000.0,1000.0,1000.0,2000.0,3000.0,1,0,0,0,0,1,0,6.907755278982137,6.907755278982137,6.907755278982137,7.600902459542082,8.006367567650246,0.0,0.6931471805599454
548,Deventer,Netherlands,52.25,6.17,7,river north sea,True,True,6000.0,6000.0,5000.0,7000.0,7000.0,1,0,0,0,0,1,0,8.699514748210191,8.699514748210191,8.517193191416238,8.85366542803745,8.85366542803745,-0.18232155679395312,0.33647223662121206
550,Diest,Belgium,50.98,5.05,22,river north sea,True,True,1000.0,2000.0,6000.0,5000.0,4000.0,1,0,0,0,0,1,0,6.907755278982137,7.600902459542082,8.699514748210191,8.517193191416238,8.294049640102028,1.0986122886681091,-0.18232155679395312
555,Dinant,Belgium,50.27,4.92,96,river north sea,True,True,4000.0,5000.0,6000.0,5000.0,5000.0,1,0,0,0,0,1,0,8.294049640102028,8.517193191416238,8.699514748210191,8.517193191416238,8.517193191416238,0.18232155679395312,-0.18232155679395312
556,Dinkelsbuehl,Germany,49.07,10.35,442,river black sea,True,True,1000.0,2000.0,4000.0,3000.0,4000.0,1,0,0,0,0,0,0,6.907755278982137,7.600902459542082,8.294049640102028,8.006367567650246,8.294049640102028,0.6931471805599454,-0.2876820724517817
560,Doebeln,Germany,51.12,13.12,158,river north sea,True,True,1000.0,1000.0,1000.0,2000.0,1000.0,1,0,0,0,0,1,0,6.907755278982137,6.907755278982137,6.907755278982137,7.600902459542082,6.907755278982137,0.0,0.6931471805599454
565,Dordrecht,Netherlands,51.8,4.67,1,north sea + river,True,True,3000.0,8000.0,8000.0,10000.0,18000.0,1,1,0,0,0,1,0,8.006367567650246,8.987196820661973,8.987196820661973,9.210340371976184,9.798127036878302,0.0,0.2231435513142106
568,Dortmund,Germany,51.52,7.47,86,land north sea,True,True,4000.0,7000.0,9000.0,8000.0,7000.0,0,0,1,0,0,1,0,8.294049640102028,8.85366542803745,9.104979856318357,8.987196820661973,8.85366542803745,0.25131442828090655,-0.11778303565638382
570,Dour,Belgium,50.4,3.78,93,land north sea,True,True,1000.0,1000.0,1000.0,1000.0,2000.0,0,0,1,0,0,1,0,6.907755278982137,6.907755278982137,6.907755278982137,6.907755278982137,7.600902459542082,0.0,0.0
575,Dresden,Germany,51.05,13.73,111,river north sea,True,True,1000.0,5000.0,4000.0,5000.0,12000.0,1,0,0,0,0,1,0,6.907755278982137,8.517193191416238,8.294049640102028,8.517193191416238,9.392661928770137,-0.2231435513142106,0.2231435513142106
582,Dueren,Germany,50.8,6.5,125,river north sea,True,True,3000.0,3000.0,2000.0,3000.0,4000.0,1,0,0,0,0,1,0,8.006367567650246,8.006367567650246,7.600902459542082,8.006367567650246,8.294049640102028,-0.4054651081081637,0.4054651081081637
583,Duesseldorf,Germany,51.2,6.78,37,river north sea,True,True,1000.0,2000.0,2000.0,2000.0,5000.0,1,0,0,0,0,1,0,6.907755278982137,7.600902459542082,7.600902459542082,7.600902459542082,8.517193191416238,0.0,0.0
584,Duisburg,Germany,51.42,6.77,33,river north sea,True,True,1000.0,1000.0,1000.0,2000.0,2000.0,1,0,0,0,0,1,0,6.907755278982137,6.907755278982137,6.907755278982137,7.600902459542082,7.600902459542082,0.0,0.6931471805599454
595,Edam,Netherlands,52.55,5.03,1,north sea,True,True,1000.0,2000.0,1000.0,4000.0,5000.0,0,1,0,0,0,1,0,6.907755278982137,7.600902459542082,6.907755278982137,8.294049640102028,8.517193191416238,-0.6931471805599454,1.3862943611198908
596,Ede,Netherlands,52.03,5.67,30,land north sea,True,True,1000.0,1000.0,1000.0,1000.0,2000.0,0,0,1,0,0,1,0,6.907755278982137,6.907755278982137,6.907755278982137,6.907755278982137,7.600902459542082,0.0,0.0
599,Eeklo,Belgium,51.18,3.57,6,land north sea,True,True,1000.0,3000.0,2000.0,2000.0,4000.0,0,0,1,0,0,1,0,6.907755278982137,8.006367567650246,7.600902459542082,7.600902459542082,8.294049640102028,-0.4054651081081637,0.0
601,Eichstaett,Germany,48.9,11.22,393,river black sea,True,True,2000.0,2000.0,1000.0,2000.0,3000.0,1,0,0,0,0,0,0,7.600902459542082,7.600902459542082,6.907755278982137,7.600902459542082,8.006367567650246,-0.6931471805599454,0.6931471805599454
602,Eilenburg,Germany,51.45,12.62,106,river north sea,True,True,1000.0,1000.0,1000.0,1000.0,2000.0,1,0,0,0,0,1,0,6.907755278982137,6.907755278982137,6.907755278982137,6.907755278982137,7.600902459542082,0.0,0.0
603,Einbeck,Germany,51.82,9.87,112,land north sea,True,True,1000.0,2000.0,3000.0,7000.0,4000.0,0,0,1,0,0,1,0,6.907755278982137,7.600902459542082,8.006367567650246,8.85366542803745,8.294049640102028,0.4054651081081637,0.8472978603872043
604,Eindhoven,Netherlands,51.43,5.47,17,river north sea,True,True,1000.0,1000.0,1000.0,1000.0,1000.0,1,0,0,0,0,1,0,6.907755278982137,6.907755278982137,6.907755278982137,6.907755278982137,6.907755278982137,0.0,0.0
605,Eisenach,Germany,50.98,10.32,215,river north sea,True,True,1000.0,2000.0,1000.0,4000.0,5000.0,1,0,0,0,0,1,0,6.907755278982137,7.600902459542082,6.907755278982137,8.294049640102028,8.517193191416238,-0.6931471805599454,1.3862943611198908
606,Eisenstadt,Austria,47.85,16.53,182,river black sea,True,True,1000.0,2000.0,1000.0,2000.0,3000.0,1,0,0,0,0,0,0,6.907755278982137,7.600902459542082,6.907755278982137,7.600902459542082,8.006367567650246,-0.6931471805599454,0.6931471805599454
607,Eisleben,Germany,51.52,11.53,114,river north sea,True,True,2000.0,4000.0,4000.0,9000.0,8000.0,1,0,0,0,0,1,0,7.600902459542082,8.294049640102028,8.294049640102028,9.104979856318357,8.987196820661973,0.0,0.8109302162163292
610,Elberfeld,Germany,51.27,7.13,210,river north sea,True,True,1000.0,1000.0,1000.0,1000.0,2000.0,1,0,0,0,0,1,0,6.907755278982137,6.907755278982137,6.907755278982137,6.907755278982137,7.600902459542082,0.0,0.0
620,Emden,Germany,53.37,7.2,2,north sea + river,True,True,2000.0,3000.0,2000.0,5000.0,15000.0,1,1,0,0,0,1,0,7.600902459542082,8.006367567650246,7.600902459542082,8.517193191416238,9.615805480084347,-0.4054651081081637,0.916290731874156
621,Emmerich,Germany,51.83,6.27,17,river north sea,True,True,2000.0,3000.0,2000.0,4000.0,5000.0,1,0,0,0,0,1,0,7.600902459542082,8.006367567650246,7.600902459542082,8.294049640102028,8.517193191416238,-0.4054651081081637,0.6931471805599454
623,Enghien,Belgium,50.7,4.03,104,land north sea,True,True,1000.0,2000.0,1000.0,5000.0,5000.0,0,0,1,0,0,1,0,6.907755278982137,7.600902459542082,6.907755278982137,8.517193191416238,8.517193191416238,-0.6931471805599454,1.6094379124341014
624,Enkhuizen,Netherlands,52.7,5.28,1,north sea,True,True,0.0,1000.0,1000.0,4000.0,20000.0,0,1,0,0,0,1,0,-inf,6.907755278982137,6.907755278982137,8.294049640102028,9.903487552536127,0.0,1.3862943611198908
626,Enschede,Netherlands,52.22,6.88,42,land north sea,True,True,0.0,1000.0,1000.0,1000.0,1000.0,0,0,1,0,0,1,0,-inf,6.907755278982137,6.907755278982137,6.907755278982137,6.907755278982137,0.0,0.0
629,Erfurt,Germany,50.97,11.02,194,river north sea,True,True,15000.0,16000.0,11000.0,19000.0,19000.0,1,0,0,0,0,1,0,9.615805480084347,9.680344001221918,9.305650551780507,9.852194258148577,9.852194258148577,-0.3746934494414109,0.5465437063680696
630,Erlangen,Germany,49.6,11.02,279,river north sea,True,True,1000.0,1000.0,1000.0,1000.0,1000.0,1,0,0,0,0,1,0,6.907755278982137,6.907755278982137,6.907755278982137,6.907755278982137,6.907755278982137,0.0,0.0
631,Eschweiler,Germany,50.82,6.27,135,river north sea,True,True,2000.0,2000.0,1000.0,1000.0,2000.0,1,0,0,0,0,1,0,7.600902459542082,7.600902459542082,6.907755278982137,6.907755278982137,7.600902459542082,-0.6931471805599454,0.0
633,Essen,Germany,51.47,7.02,116,land north sea,True,True,2000.0,1000.0,3000.0,3000.0,3000.0,0,0,1,0,0,1,0,7.600902459542082,6.907755278982137,8.006367567650246,8.006367567650246,8.006367567650246,1.0986122886681091,0.0
634,Esslingen,Germany,48.75,9.32,241,river north sea,True,True,4000.0,5000.0,10000.0,7000.0,5000.0,1,0,0,0,0,1,0,8.294049640102028,8.517193191416238,9.210340371976184,8.85366542803745,8.517193191416238,0.6931471805599454,-0.35667494393873334
641,Eupen,Belgium,50.63,6.03,298,land north sea,True,True,1000.0,1000.0,1000.0,2000.0,3000.0,0,0,1,0,0,1,0,6.907755278982137,6.907755278982137,6.907755278982137,7.600902459542082,8.006367567650246,0.0,0.6931471805599454
643,Evergem,Belgium,51.12,3.7,7,land north sea,True,True,1000.0,2000.0,1000.0,2000.0,3000.0,0,0,1,0,0,1,0,6.907755278982137,7.600902459542082,6.907755278982137,7.600902459542082,8.006367567650246,-0.6931471805599454,0.6931471805599454
664,Flensburg,Germany,54.78,9.43,26,baltic,True,True,1000.0,2000.0,2000.0,3000.0,6000.0,0,1,0,0,1,0,0,6.907755278982137,7.600902459542082,7.600902459542082,8.006367567650246,8.699514748210191,0.0,0.4054651081081637
677,Franeker,Netherlands,53.18,5.53,4,river north sea,True,True,1000.0,2000.0,1000.0,2000.0,3000.0,1,0,0,0,0,1,0,6.907755278982137,7.600902459542082,6.907755278982137,7.600902459542082,8.006367567650246,-0.6931471805599454,0.6931471805599454
678,Frankenberg,Germany,50.9,13.02,262,river north sea,True,True,1000.0,1000.0,1000.0,1000.0,2000.0,1,0,0,0,0,1,0,6.907755278982137,6.907755278982137,6.907755278982137,6.907755278982137,7.600902459542082,0.0,0.0
679,Frankenthal,Germany,50.1,8.67,96,river north sea,True,True,2000.0,3000.0,2000.0,12000.0,20000.0,1,0,0,0,0,1,0,7.600902459542082,8.006367567650246,7.600902459542082,9.392661928770137,9.903487552536127,-0.4054651081081637,1.7917594692280545
680,Frankfurt am Main,Germany,50.1,8.67,119,river north sea,True,True,4000.0,13000.0,9000.0,12000.0,20000.0,1,0,0,0,0,1,0,8.294049640102028,9.472704636443673,9.104979856318357,9.392661928770137,9.903487552536127,-0.3677247801253163,0.2876820724517799
681,Frankfurt am Oder,Germany,52.33,14.55,23,river north sea,True,True,1000.0,5000.0,3000.0,11000.0,13000.0,1,0,0,0,0,1,0,6.907755278982137,8.517193191416238,8.006367567650246,9.305650551780507,9.472704636443673,-0.5108256237659923,1.2992829841302616
682,Freiberg,Germany,50.9,13.33,348,land north sea,True,True,1000.0,6000.0,4000.0,8000.0,12000.0,0,0,1,0,0,1,0,6.907755278982137,8.699514748210191,8.294049640102028,8.987196820661973,9.392661928770137,-0.4054651081081637,0.6931471805599454
683,Freiburg,Germany,47.98,7.85,273,river north sea,True,True,8000.0,10000.0,9000.0,6000.0,10000.0,1,0,0,0,0,1,0,8.987196820661973,9.210340371976184,9.104979856318357,8.699514748210191,9.210340371976184,-0.10536051565782678,-0.4054651081081655
684,Fribourg,Switzerland,46.8,7.15,610,river north sea,True,True,1000.0,1000.0,5000.0,5000.0,5000.0,1,0,0,0,0,1,0,6.907755278982137,6.907755278982137,8.517193191416238,8.517193191416238,8.517193191416238,1.6094379124341014,0.0
690,Fuerth,Germany,49.47,10.98,304,river north sea,True,True,1000.0,1000.0,2000.0,2000.0,2000.0,1,0,0,0,0,1,0,6.907755278982137,6.907755278982137,7.600902459542082,7.600902459542082,7.600902459542082,0.6931471805599454,0.0
691,Fulda,Germany,50.55,9.68,261,river north sea,True,True,2000.0,3000.0,2000.0,4000.0,5000.0,1,0,0,0,0,1,0,7.600902459542082,8.006367567650246,7.600902459542082,8.294049640102028,8.517193191416238,-0.4054651081081637,0.6931471805599454
709,Geneve,Switzerland,46.2,6.15,406,river mediterranean,True,True,3000.0,4000.0,8000.0,12000.0,16000.0,1,0,0,0,0,0,1,8.006367567650246,8.294049640102028,8.987196820661973,9.392661928770137,9.680344001221918,0.6931471805599454,0.4054651081081637
711,Gent,Belgium,51.05,3.72,4,river north sea,True,True,25000.0,64000.0,64000.0,45000.0,31000.0,1,0,0,0,0,1,0,10.126631103850338,11.06663836234181,11.06663836234181,10.714417768752456,10.341742483467284,0.0,-0.35222059358935276
713,Gera,Germany,50.7,12.18,194,river north sea,True,True,1000.0,1000.0,1000.0,1000.0,2000.0,1,0,0,0,0,1,0,6.907755278982137,6.907755278982137,6.907755278982137,6.907755278982137,7.600902459542082,0.0,0.0
714,Geraardsbergen,Belgium,50.77,3.87,32,river north sea,True,True,2000.0,4000.0,3000.0,5000.0,4000.0,1,0,0,0,0,1,0,7.600902459542082,8.294049640102028,8.006367567650246,8.517193191416238,8.294049640102028,-0.2876820724517817,0.5108256237659923
719,Giessen,Germany,50.58,8.7,159,land north sea,True,True,1000.0,1000.0,1000.0,2000.0,3000.0,0,0,1,0,0,1,0,6.907755278982137,6.907755278982137,6.907755278982137,7.600902459542082,8.006367567650246,0.0,0.6931471805599454
729,Glauchau,Germany,50.82,12.53,266,land north sea,True,True,1000.0,1000.0,1000.0,1000.0,2000.0,0,0,1,0,0,1,0,6.907755278982137,6.907755278982137,6.907755278982137,6.907755278982137,7.600902459542082,0.0,0.0
735,Gmunden,Austria,47.92,13.8,425,river black sea,True,True,0.0,1000.0,1000.0,1000.0,1000.0,1,0,0,0,0,0,0,-inf,6.907755278982137,6.907755278982137,6.907755278982137,6.907755278982137,0.0,0.0
737,Goeppingen,Germany,48.7,9.67,323,river north sea,True,True,1000.0,1000.0,1000.0,1000.0,2000.0,1,0,0,0,0,1,0,6.907755278982137,6.907755278982137,6.907755278982137,6.907755278982137,7.600902459542082,0.0,0.0
738,Goerlitz,Germany,51.15,14.99,201,river baltic,True,True,2000.0,5000.0,8000.0,8000.0,10000.0,1,0,0,0,1,0,0,7.600902459542082,8.517193191416238,8.987196820661973,8.987196820661973,9.210340371976184,0.4700036292457348,0.0
739,Goes,Netherlands,51.5,3.9,1,river north sea,True,True,1000.0,2000.0,1000.0,2000.0,2000.0,1,0,0,0,0,1,0,6.907755278982137,7.600902459542082,6.907755278982137,7.600902459542082,7.600902459542082,-0.6931471805599454,0.6931471805599454
741,Goettingen,Germany,51.53,9.95,150,land north sea,True,True,4000.0,8000.0,5000.0,7000.0,7000.0,0,0,1,0,0,1,0,8.294049640102028,8.987196820661973,8.517193191416238,8.85366542803745,8.85366542803745,-0.4700036292457348,0.33647223662121206
742,Gorinchem,Netherlands,51.83,4.98,2,river north sea,True,True,2000.0,2000.0,1000.0,4000.0,5000.0,1,0,0,0,0,1,0,7.600902459542082,7.600902459542082,6.907755278982137,8.294049640102028,8.517193191416238,-0.6931471805599454,1.3862943611198908
746,Goslar,Germany,51.9,10.42,406,river north sea,True,True,4000.0,9000.0,6000.0,12000.0,8000.0,1,0,0,0,0,1,0,8.294049640102028,9.104979856318357,8.699514748210191,9.392661928770137,8.987196820661973,-0.4054651081081655,0.6931471805599454
748,Gotha,Germany,50.95,10.72,290,land north sea,True,True,4000.0,5000.0,3000.0,3000.0,4000.0,0,0,1,0,0,1,0,8.294049640102028,8.517193191416238,8.006367567650246,8.006367567650246,8.294049640102028,-0.5108256237659923,0.0
749,Gouda,Netherlands,52.02,4.72,-2,river north sea,True,True,1000.0,2000.0,4000.0,11000.0,14000.0,1,0,0,0,0,1,0,6.907755278982137,7.600902459542082,8.294049640102028,9.305650551780507,9.546812608597396,0.6931471805599454,1.0116009116784799
758,Graz,Austria,47.08,15.37,366,river black sea,True,True,2000.0,5000.0,3000.0,5000.0,8000.0,1,0,0,0,0,0,0,7.600902459542082,8.517193191416238,8.006367567650246,8.517193191416238,8.987196820661973,-0.5108256237659923,0.5108256237659923
762,Greifswald,Germany,54.08,13.38,7,baltic + river,True,True,1000.0,8000.0,5000.0,2000.0,2000.0,1,1,0,0,1,0,0,6.907755278982137,8.987196820661973,8.517193191416238,7.600902459542082,7.600902459542082,-0.4700036292457348,-0.916290731874156
764,Grimma,Germany,51.23,12.72,128,river north sea,True,True,1000.0,1000.0,1000.0,2000.0,2000.0,1,0,0,0,0,1,0,6.907755278982137,6.907755278982137,6.907755278982137,7.600902459542082,7.600902459542082,0.0,0.6931471805599454
767,Groningen,Netherlands,53.22,6.55,1,river north sea,True,True,3000.0,4000.0,5000.0,14000.0,19000.0,1,0,0,0,0,1,0,8.006367567650246,8.294049640102028,8.517193191416238,9.546812608597396,9.852194258148577,0.2231435513142106,1.0296194171811575
768,Grossenhain,Germany,51.28,13.52,115,river north sea,True,True,1000.0,1000.0,1000.0,2000.0,2000.0,1,0,0,0,0,1,0,6.907755278982137,6.907755278982137,6.907755278982137,7.600902459542082,7.600902459542082,0.0,0.6931471805599454
776,Guestrow,Germany,53.8,12.17,13,river baltic,True,True,1000.0,1000.0,1000.0,1000.0,2000.0,1,0,0,0,1,0,0,6.907755278982137,6.907755278982137,6.907755278982137,6.907755278982137,7.600902459542082,0.0,0.0
784,Haarlem,Netherlands,52.38,4.63,-1,river north sea,True,True,3000.0,5000.0,8000.0,12000.0,39000.0,1,0,0,0,0,1,0,8.006367567650246,8.517193191416238,8.987196820661973,9.392661928770137,10.571316925111784,0.4700036292457348,0.4054651081081637
790,Halberstadt,Germany,51.9,11.07,120,river north sea,True,True,8000.0,6000.0,4000.0,10000.0,12000.0,1,0,0,0,0,1,0,8.987196820661973,8.699514748210191,8.294049640102028,9.210340371976184,9.392661928770137,-0.4054651081081637,0.916290731874156
793,Halle,Germany,51.48,11.97,105,river north sea,True,True,3000.0,4000.0,3000.0,7000.0,10000.0,1,0,0,0,0,1,0,8.006367567650246,8.294049640102028,8.006367567650246,8.85366542803745,9.210340371976184,-0.2876820724517817,0.8472978603872043
794,Hamburg,Germany,53.55,9.98,3,north sea + river,True,True,2000.0,5000.0,8000.0,30000.0,40000.0,1,1,0,0,0,1,0,7.600902459542082,8.517193191416238,8.987196820661973,10.308952660644293,10.596634733096073,0.4700036292457348,1.3217558399823197
795,Hameln,Germany,52.1,9.35,68,river north sea,True,True,1000.0,1000.0,1000.0,1000.0,2000.0,1,0,0,0,0,1,0,6.907755278982137,6.907755278982137,6.907755278982137,6.907755278982137,7.600902459542082,0.0,0.0
797,Hamm,Germany,51.67,7.82,63,river north sea,True,True,2000.0,3000.0,2000.0,2000.0,2000.0,1,0,0,0,0,1,0,7.600902459542082,8.006367567650246,7.600902459542082,7.600902459542082,7.600902459542082,-0.4054651081081637,0.0
798,Hamme,Belgium,51.1,4.13,6,river north sea,True,True,2000.0,2000.0,1000.0,2000.0,3000.0,1,0,0,0,0,1,0,7.600902459542082,7.600902459542082,6.907755278982137,7.600902459542082,8.006367567650246,-0.6931471805599454,0.6931471805599454
799,Hanau,Germany,50.13,8.92,103,river north sea,True,True,2000.0,2000.0,1000.0,1000.0,1000.0,1,0,0,0,0,1,0,7.600902459542082,7.600902459542082,6.907755278982137,6.907755278982137,6.907755278982137,-0.6931471805599454,0.0
800,Hannover,Germany,52.4,9.73,53,river north sea,True,True,2000.0,5000.0,5000.0,6000.0,7000.0,1,0,0,0,0,1,0,7.600902459542082,8.517193191416238,8.517193191416238,8.699514748210191,8.85366542803745,0.0,0.18232155679395312
801,Harburg,Germany,48.78,10.68,440,river north sea,True,True,1000.0,1000.0,1000.0,2000.0,2000.0,1,0,0,0,0,1,0,6.907755278982137,6.907755278982137,6.907755278982137,7.600902459542082,7.600902459542082,0.0,0.6931471805599454
802,Harderwijk,Netherlands,52.35,5.6,2,north sea,True,True,1000.0,2000.0,2000.0,4000.0,3000.0,0,1,0,0,0,1,0,6.907755278982137,7.600902459542082,7.600902459542082,8.294049640102028,8.006367567650246,0.0,0.6931471805599454
804,Harlingen,Netherlands,53.3,5.4,2,north sea,True,True,1000.0,2000.0,1000.0,3000.0,5000.0,0,1,0,0,0,1,0,6.907755278982137,7.600902459542082,6.907755278982137,8.006367567650246,8.517193191416238,-0.6931471805599454,1.0986122886681091
808,Hasselt,Belgium,50.93,5.33,42,river north sea,True,True,2000.0,2000.0,1000.0,2000.0,5000.0,1,0,0,0,0,1,0,7.600902459542082,7.600902459542082,6.907755278982137,7.600902459542082,8.517193191416238,-0.6931471805599454,0.6931471805599454
809,Hattingen,Germany,51.4,7.18,90,river north sea,True,True,1000.0,1000.0,1000.0,1000.0,1000.0,1,0,0,0,0,1,0,6.907755278982137,6.907755278982137,6.907755278982137,6.907755278982137,6.907755278982137,0.0,0.0
811,Heerlen,Netherlands,50.9,5.98,116,river north sea,True,True,1000.0,1000.0,1000.0,1000.0,1000.0,1,0,0,0,0,1,0,6.907755278982137,6.907755278982137,6.907755278982137,6.907755278982137,6.907755278982137,0.0,0.0
812,Heidelberg,Germany,49.42,8.72,311,river north sea,True,True,3000.0,10000.0,5000.0,8000.0,6000.0,1,0,0,0,0,1,0,8.006367567650246,9.210340371976184,8.517193191416238,8.987196820661973,8.699514748210191,-0.6931471805599454,0.4700036292457348
813,Heilbronn,Germany,49.13,9.22,157,river north sea,True,True,4000.0,5000.0,6000.0,6000.0,6000.0,1,0,0,0,0,1,0,8.294049640102028,8.517193191416238,8.699514748210191,8.699514748210191,8.699514748210191,0.18232155679395312,0.0
815,Helmond,Netherlands,51.48,5.67,18,land north sea,True,True,1000.0,2000.0,1000.0,2000.0,2000.0,0,0,1,0,0,1,0,6.907755278982137,7.600902459542082,6.907755278982137,7.600902459542082,7.600902459542082,-0.6931471805599454,0.6931471805599454
816,Helmstedt,Germany,52.22,11.0,123,land north sea,True,True,3000.0,2000.0,1000.0,2000.0,3000.0,0,0,1,0,0,1,0,8.006367567650246,7.600902459542082,6.907755278982137,7.600902459542082,8.006367567650246,-0.6931471805599454,0.6931471805599454
820,Herford,Germany,52.1,8.67,65,river north sea,True,True,2000.0,4000.0,2000.0,2000.0,2000.0,1,0,0,0,0,1,0,7.600902459542082,8.294049640102028,7.600902459542082,7.600902459542082,7.600902459542082,-0.6931471805599454,0.0
821,Herisau,Switzerland,47.38,9.28,745,land north sea,True,True,2000.0,2000.0,1000.0,2000.0,3000.0,0,0,1,0,0,1,0,7.600902459542082,7.600902459542082,6.907755278982137,7.600902459542082,8.006367567650246,-0.6931471805599454,0.6931471805599454
824,Hildesheim,Germany,52.15,9.95,129,river north sea,True,True,5000.0,8000.0,6000.0,10000.0,9000.0,1,0,0,0,0,1,0,8.517193191416238,8.987196820661973,8.699514748210191,9.210340371976184,9.104979856318357,-0.2876820724517817,0.5108256237659923
825,Hilversum,Netherlands,52.23,5.17,5,land north sea,True,True,0.0,1000.0,1000.0,1000.0,2000.0,0,0,1,0,0,1,0,-inf,6.907755278982137,6.907755278982137,6.907755278982137,7.600902459542082,0.0,0.0
828,Hof,Germany,50.3,11.92,500,river north sea,True,True,1000.0,2000.0,1000.0,2000.0,3000.0,1,0,0,0,0,1,0,6.907755278982137,7.600902459542082,6.907755278982137,7.600902459542082,8.006367567650246,-0.6931471805599454,0.6931471805599454
833,Hoorn,Netherlands,52.63,5.07,-1,north sea,True,True,1000.0,2000.0,3000.0,6000.0,12000.0,0,1,0,0,0,1,0,6.907755278982137,7.600902459542082,8.006367567650246,8.699514748210191,9.392661928770137,0.4054651081081637,0.6931471805599454
837,Hueckeswagen,Germany,51.13,7.33,308,river north sea,True,True,1000.0,2000.0,1000.0,2000.0,2000.0,1,0,0,0,0,1,0,6.907755278982137,7.600902459542082,6.907755278982137,7.600902459542082,7.600902459542082,-0.6931471805599454,0.6931471805599454
843,Husum,Germany,54.47,9.05,14,north sea,True,True,0.0,1000.0,1000.0,3000.0,7000.0,0,1,0,0,0,1,0,-inf,6.907755278982137,6.907755278982137,8.006367567650246,8.85366542803745,0.0,1.0986122886681091
844,Huy,Belgium,50.52,5.23,75,river north sea,True,True,6000.0,5000.0,3000.0,5000.0,7000.0,1,0,0,0,0,1,0,8.699514748210191,8.517193191416238,8.006367567650246,8.517193191416238,8.85366542803745,-0.5108256237659923,0.5108256237659923
847,Ibbenbueren,Germany,52.27,7.72,70,river north sea,True,True,1000.0,2000.0,1000.0,1000.0,2000.0,1,0,0,0,0,1,0,6.907755278982137,7.600902459542082,6.907755278982137,6.907755278982137,7.600902459542082,-0.6931471805599454,0.0
848,Iena,Germany,50.93,11.58,143,river north sea,True,True,0.0,1000.0,1000.0,1000.0,2000.0,1,0,0,0,0,1,0,-inf,6.907755278982137,6.907755278982137,6.907755278982137,7.600902459542082,0.0,0.0
849,Ieper,Belgium,50.85,2.88,19,river north sea,True,True,4000.0,11000.0,10000.0,10000.0,5000.0,1,0,0,0,0,1,0,8.294049640102028,9.305650551780507,9.210340371976184,9.210340371976184,8.517193191416238,-0.09531017980432388,0.0
857,Ingolstadt,Germany,48.77,11.45,374,river black sea,True,True,4000.0,6000.0,3000.0,4000.0,5000.0,1,0,0,0,0,0,0,8.294049640102028,8.699514748210191,8.006367567650246,8.294049640102028,8.517193191416238,-0.6931471805599454,0.2876820724517817
858,Innsbruck,Austria,47.27,11.4,562,river black sea,True,True,4000.0,5000.0,3000.0,4000.0,6000.0,1,0,0,0,0,0,0,8.294049640102028,8.517193191416238,8.006367567650246,8.294049640102028,8.699514748210191,-0.5108256237659923,0.2876820724517817
863,Iserlohn,Germany,51.37,7.68,247,land north sea,True,True,1000.0,2000.0,1000.0,2000.0,2000.0,0,0,1,0,0,1,0,6.907755278982137,7.600902459542082,6.907755278982137,7.600902459542082,7.600902459542082,-0.6931471805599454,0.6931471805599454
872,Izegem,Belgium,50.92,3.2,18,land north sea,True,True,1000.0,1000.0,1000.0,2000.0,3000.0,0,0,1,0,0,1,0,6.907755278982137,6.907755278982137,6.907755278982137,7.600902459542082,8.006367567650246,0.0,0.6931471805599454
893,Kaiserslautern,Germany,49.43,7.77,251,river north sea,True,True,1000.0,1000.0,1000.0,2000.0,2000.0,1,0,0,0,0,1,0,6.907755278982137,6.907755278982137,6.907755278982137,7.600902459542082,7.600902459542082,0.0,0.6931471805599454
903,Kampen,Netherlands,52.55,5.9,1,north sea + river,True,True,1000.0,2000.0,5000.0,7000.0,7000.0,1,1,0,0,0,1,0,6.907755278982137,7.600902459542082,8.517193191416238,8.85366542803745,8.85366542803745,0.916290731874156,0.33647223662121206
910,Kassel,Germany,51.32,9.48,152,river north sea,True,True,3000.0,4000.0,2000.0,4000.0,6000.0,1,0,0,0,0,1,0,8.006367567650246,8.294049640102028,7.600902459542082,8.294049640102028,8.699514748210191,-0.6931471805599454,0.6931471805599454
912,Kaufbeuren,Germany,47.88,10.62,678,river black sea,True,True,1000.0,2000.0,1000.0,1000.0,2000.0,1,0,0,0,0,0,0,6.907755278982137,7.600902459542082,6.907755278982137,6.907755278982137,7.600902459542082,-0.6931471805599454,0.0
917,Kempten,Germany,47.72,10.32,674,river black sea,True,True,3000.0,4000.0,3000.0,4000.0,5000.0,1,0,0,0,0,0,0,8.006367567650246,8.294049640102028,8.006367567650246,8.294049640102028,8.517193191416238,-0.2876820724517817,0.2876820724517817
927,Kiel,Germany,54.33,10.13,5,baltic + river,True,True,1000.0,2000.0,1000.0,3000.0,4000.0,1,1,0,0,1,0,0,6.907755278982137,7.600902459542082,6.907755278982137,8.006367567650246,8.294049640102028,-0.6931471805599454,1.0986122886681091
940,Klagenfurt,Austria,46.63,14.33,441,river black sea,True,True,1000.0,1000.0,1000.0,1000.0,4000.0,1,0,0,0,0,0,0,6.907755278982137,6.907755278982137,6.907755278982137,6.907755278982137,8.294049640102028,0.0,0.0
942,Kleve,Germany,51.8,6.18,12,river north sea,True,True,2000.0,2000.0,1000.0,4000.0,3000.0,1,0,0,0,0,1,0,7.600902459542082,7.600902459542082,6.907755278982137,8.294049640102028,8.006367567650246,-0.6931471805599454,1.3862943611198908
946,Koblenz,Germany,50.35,7.58,73,river north sea,True,True,3000.0,4000.0,2000.0,1000.0,1000.0,1,0,0,0,0,1,0,8.006367567650246,8.294049640102028,7.600902459542082,6.907755278982137,6.907755278982137,-0.6931471805599454,-0.6931471805599454
947,Koeln,Germany,50.92,6.95,46,river north sea,True,True,40000.0,44000.0,40000.0,45000.0,40000.0,1,0,0,0,0,1,0,10.596634733096073,10.691944912900398,10.596634733096073,10.714417768752456,10.596634733096073,-0.09531017980432566,0.11778303565638382
948,Koenigswinter,Germany,50.67,7.18,80,river north sea,True,True,2000.0,3000.0,3000.0,2000.0,3000.0,1,0,0,0,0,1,0,7.600902459542082,8.006367567650246,8.006367567650246,7.600902459542082,8.006367567650246,0.0,-0.4054651081081637
950,Koethen,Germany,51.75,11.97,80,land north sea,True,True,1000.0,1000.0,1000.0,1000.0,2000.0,0,0,1,0,0,1,0,6.907755278982137,6.907755278982137,6.907755278982137,6.907755278982137,7.600902459542082,0.0,0.0
957,Konstanz,Germany,47.67,9.17,405,river north sea,True,True,2000.0,2000.0,1000.0,1000.0,2000.0,1,0,0,0,0,1,0,7.600902459542082,7.600902459542082,6.907755278982137,6.907755278982137,7.600902459542082,-0.6931471805599454,0.0
958,Koper,Slovenia,45.55,13.73,3,med,True,True,2000.0,3000.0,2000.0,3000.0,4000.0,0,1,0,0,0,0,1,7.600902459542082,8.006367567650246,7.600902459542082,8.006367567650246,8.294049640102028,-0.4054651081081637,0.4054651081081637
963,Kortrijk,Belgium,50.82,3.17,15,river north sea,True,True,4000.0,5000.0,4000.0,6000.0,10000.0,1,0,0,0,0,1,0,8.294049640102028,8.517193191416238,8.294049640102028,8.699514748210191,9.210340371976184,-0.2231435513142106,0.4054651081081637
975,Krefeld,Germany,513330001831055.0,656699991226196.0,37,land north sea,True,True,1000.0,1000.0,1000.0,1000.0,1000.0,0,0,1,0,0,1,0,6.907755278982137,6.907755278982137,6.907755278982137,6.907755278982137,6.907755278982137,0.0,0.0
979,Krempe,Germany,53.83,9.48,6,land north sea,True,True,1000.0,1000.0,1000.0,1000.0,5000.0,0,0,1,0,0,1,0,6.907755278982137,6.907755278982137,6.907755278982137,6.907755278982137,8.517193191416238,0.0,0.0
980,Krems,Austria,48.42,15.6,203,river black sea,True,True,2000.0,2000.0,1000.0,2000.0,4000.0,1,0,0,0,0,0,0,7.600902459542082,7.600902459542082,6.907755278982137,7.600902459542082,8.294049640102028,-0.6931471805599454,0.6931471805599454
984,Kruishoutem,Belgium,50.9,3.52,45,land north sea,True,True,0.0,1000.0,1000.0,1000.0,2000.0,0,0,1,0,0,1,0,-inf,6.907755278982137,6.907755278982137,6.907755278982137,7.600902459542082,0.0,0.0
1000,Lahr,Germany,48.4,7.87,170,land north sea,True,True,1000.0,1000.0,1000.0,1000.0,2000.0,0,0,1,0,0,1,0,6.907755278982137,6.907755278982137,6.907755278982137,6.907755278982137,7.600902459542082,0.0,0.0
1005,Landau,Germany,49.2,8.12,142,river north sea,True,True,0.0,1000.0,1000.0,2000.0,2000.0,1,0,0,0,0,1,0,-inf,6.907755278982137,6.907755278982137,7.600902459542082,7.600902459542082,0.0,0.6931471805599454
1006,Landshut,Germany,48.52,12.17,393,river black sea,True,True,1000.0,3000.0,9000.0,8000.0,8000.0,1,0,0,0,0,0,0,6.907755278982137,8.006367567650246,9.104979856318357,8.987196820661973,8.987196820661973,1.098612288668111,-0.11778303565638382
1007,Langensalza,Germany,51.12,10.67,185,river north sea,True,True,3000.0,4000.0,5000.0,4000.0,4000.0,1,0,0,0,0,1,0,8.006367567650246,8.294049640102028,8.517193191416238,8.294049640102028,8.294049640102028,0.2231435513142106,-0.2231435513142106
1014,Lauingen,Germany,48.57,10.42,439,river black sea,True,True,2000.0,3000.0,2000.0,3000.0,6000.0,1,0,0,0,0,0,0,7.600902459542082,8.006367567650246,7.600902459542082,8.006367567650246,8.699514748210191,-0.4054651081081637,0.4054651081081637
1017,Lausanne,Switzerland,46.52,6.63,372,river mediterranean,True,True,5000.0,6000.0,5000.0,5000.0,6000.0,1,0,0,0,0,0,1,8.517193191416238,8.699514748210191,8.517193191416238,8.517193191416238,8.699514748210191,-0.18232155679395312,0.0
1030,Leer,Germany,53.23,7.43,3,river north sea,True,True,2000.0,2000.0,1000.0,3000.0,4000.0,1,0,0,0,0,1,0,7.600902459542082,7.600902459542082,6.907755278982137,8.006367567650246,8.294049640102028,-0.6931471805599454,1.0986122886681091
1031,Leeuwarden,Netherlands,53.2,5.77,1,river north sea,True,True,2000.0,3000.0,2000.0,4000.0,11000.0,1,0,0,0,0,1,0,7.600902459542082,8.006367567650246,7.600902459542082,8.294049640102028,9.305650551780507,-0.4054651081081637,0.6931471805599454
1035,Leiden,Netherlands,52.15,4.5,-2,river north sea,True,True,2000.0,3000.0,6000.0,14000.0,44000.0,1,0,0,0,0,1,0,7.600902459542082,8.006367567650246,8.699514748210191,9.546812608597396,10.691944912900398,0.6931471805599454,0.8472978603872043
1036,Leipzig,Germany,51.32,12.37,110,river north sea,True,True,3000.0,4000.0,3000.0,7000.0,17000.0,1,0,0,0,0,1,0,8.006367567650246,8.294049640102028,8.006367567650246,8.85366542803745,9.740968623038354,-0.2876820724517817,0.8472978603872043
1046,Leuven,Belgium,50.88,4.7,35,river north sea,True,True,7000.0,20000.0,17000.0,17000.0,8000.0,1,0,0,0,0,1,0,8.85366542803745,9.903487552536127,9.740968623038354,9.740968623038354,8.987196820661973,-0.16251892949777336,0.0
1047,Leverkusen,Germany,51.03,6.98,60,river north sea,True,True,1000.0,1000.0,1000.0,2000.0,3000.0,1,0,0,0,0,1,0,6.907755278982137,6.907755278982137,6.907755278982137,7.600902459542082,8.006367567650246,0.0,0.6931471805599454
1055,Liege,Belgium,50.63,5.57,65,river north sea,True,True,8000.0,11000.0,15000.0,20000.0,30000.0,1,0,0,0,0,1,0,8.987196820661973,9.305650551780507,9.615805480084347,9.903487552536127,10.308952660644293,0.31015492830383984,0.2876820724517799
1057,Lier,Belgium,51.13,4.57,3,river north sea,True,True,1000.0,1000.0,4000.0,5000.0,5000.0,1,0,0,0,0,1,0,6.907755278982137,6.907755278982137,8.294049640102028,8.517193191416238,8.517193191416238,1.3862943611198908,0.2231435513142106
1067,Linz,Austria,48.3,14.3,258,river black sea,True,True,4000.0,5000.0,3000.0,3000.0,3000.0,1,0,0,0,0,0,0,8.294049640102028,8.517193191416238,8.006367567650246,8.006367567650246,8.006367567650246,-0.5108256237659923,0.0
1069,Lippstadt,Germany,51.67,8.32,79,river north sea,True,True,1000.0,2000.0,1000.0,3000.0,2000.0,1,0,0,0,0,1,0,6.907755278982137,7.600902459542082,6.907755278982137,8.006367567650246,7.600902459542082,-0.6931471805599454,1.0986122886681091
1075,Ljubljana,Slovenia,46.05,14.52,298,river black sea,True,True,3000.0,4000.0,3000.0,5000.0,7000.0,1,0,0,0,0,0,0,8.006367567650246,8.294049640102028,8.006367567650246,8.517193191416238,8.85366542803745,-0.2876820724517817,0.5108256237659923
1084,Lokeren,Belgium,5110234.0,3994066.0,3,river north sea,True,True,2000.0,3000.0,6000.0,7000.0,9000.0,1,0,0,0,0,1,0,7.600902459542082,8.006367567650246,8.699514748210191,8.85366542803745,9.104979856318357,0.6931471805599454,0.15415067982725894
1103,Luebeck,Germany,53.87,10.67,15,baltic + river,True,True,11000.0,15000.0,17000.0,25000.0,23000.0,1,1,0,0,1,0,0,9.305650551780507,9.615805480084347,9.740968623038354,10.126631103850338,10.043249494911286,0.12516314295400655,0.38566248081198395
1104,Lueneburg,Germany,53.25,10.42,16,river north sea,True,True,8000.0,8000.0,5000.0,12000.0,14000.0,1,0,0,0,0,1,0,8.987196820661973,8.987196820661973,8.517193191416238,9.392661928770137,9.546812608597396,-0.4700036292457348,0.8754687373538985
1105,Lugano,Switzerland,46.02,8.97,273,river mediterranean,True,True,2000.0,2000.0,1000.0,2000.0,3000.0,1,0,0,0,0,0,1,7.600902459542082,7.600902459542082,6.907755278982137,7.600902459542082,8.006367567650246,-0.6931471805599454,0.6931471805599454
1113,Luzern,Switzerland,47.05,8.3,422,river north sea,True,True,2000.0,2000.0,1000.0,3000.0,3000.0,1,0,0,0,0,1,0,7.600902459542082,7.600902459542082,6.907755278982137,8.006367567650246,8.006367567650246,-0.6931471805599454,1.0986122886681091
1117,Maassluis,Netherlands,51.93,4.23,4,north sea + river,True,True,0.0,1000.0,1000.0,1000.0,2000.0,1,1,0,0,0,1,0,-inf,6.907755278982137,6.907755278982137,6.907755278982137,7.600902459542082,0.0,0.0
1118,Maastricht,Netherlands,50.87,5.72,54,river north sea,True,True,4000.0,10000.0,7000.0,10000.0,18000.0,1,0,0,0,0,1,0,8.294049640102028,9.210340371976184,8.85366542803745,9.210340371976184,9.798127036878302,-0.35667494393873334,0.35667494393873334
1124,Magdeburg,Germany,52.12,11.63,42,river north sea,True,True,16000.0,15000.0,10000.0,18000.0,25000.0,1,0,0,0,0,1,0,9.680344001221918,9.615805480084347,9.210340371976184,9.798127036878302,10.126631103850338,-0.4054651081081637,0.5877866649021186
1129,Mainz,Germany,50.02,8.27,106,river north sea,True,True,9000.0,13000.0,9000.0,6000.0,13000.0,1,0,0,0,0,1,0,9.104979856318357,9.472704636443673,9.104979856318357,8.699514748210191,9.472704636443673,-0.3677247801253163,-0.4054651081081655
1134,Malmedy,Belgium,50.42,6.03,344,river north sea,True,True,2000.0,2000.0,1000.0,1000.0,2000.0,1,0,0,0,0,1,0,7.600902459542082,7.600902459542082,6.907755278982137,6.907755278982137,7.600902459542082,-0.6931471805599454,0.0
1142,Mannheim,Germany,49.48,8.48,95,river north sea,True,True,1000.0,1000.0,1000.0,1000.0,1000.0,1,0,0,0,0,1,0,6.907755278982137,6.907755278982137,6.907755278982137,6.907755278982137,6.907755278982137,0.0,0.0
1148,Marburg,Germany,50.82,8.77,186,river north sea,True,True,1000.0,2000.0,1000.0,2000.0,2000.0,1,0,0,0,0,1,0,6.907755278982137,7.600902459542082,6.907755278982137,7.600902459542082,7.600902459542082,-0.6931471805599454,0.6931471805599454
1151,Maribor,Slovenia,46.55,15.65,275,river black sea,True,True,1000.0,1000.0,1000.0,2000.0,3000.0,1,0,0,0,0,0,0,6.907755278982137,6.907755278982137,6.907755278982137,7.600902459542082,8.006367567650246,0.0,0.6931471805599454
1152,Marienberg,Germany,50.65,13.17,620,land north sea,True,True,0.0,1000.0,1000.0,3000.0,5000.0,0,0,1,0,0,1,0,-inf,6.907755278982137,6.907755278982137,8.006367567650246,8.517193191416238,0.0,1.0986122886681091
1177,Mechelen,Belgium,51.03,4.47,4,river north sea,True,True,3000.0,15000.0,10000.0,25000.0,11000.0,1,0,0,0,0,1,0,8.006367567650246,9.615805480084347,9.210340371976184,10.126631103850338,9.305650551780507,-0.4054651081081637,0.9162907318741542
1181,Meiningen,Germany,50.57,10.42,287,river north sea,True,True,2000.0,2000.0,1000.0,2000.0,5000.0,1,0,0,0,0,1,0,7.600902459542082,7.600902459542082,6.907755278982137,7.600902459542082,8.517193191416238,-0.6931471805599454,0.6931471805599454
1182,Meissen,Germany,51.17,13.47,106,river north sea,True,True,1000.0,2000.0,1000.0,2000.0,3000.0,1,0,0,0,0,1,0,6.907755278982137,7.600902459542082,6.907755278982137,7.600902459542082,8.006367567650246,-0.6931471805599454,0.6931471805599454
1187,Memmingen,Germany,47.98,10.18,601,river black sea,True,True,2000.0,3000.0,4000.0,5000.0,6000.0,1,0,0,0,0,0,0,7.600902459542082,8.006367567650246,8.294049640102028,8.517193191416238,8.699514748210191,0.2876820724517817,0.2231435513142106
1189,Menen,Belgium,50.8,3.12,18,river north sea,True,True,1000.0,2000.0,1000.0,2000.0,2000.0,1,0,0,0,0,1,0,6.907755278982137,7.600902459542082,6.907755278982137,7.600902459542082,7.600902459542082,-0.6931471805599454,0.6931471805599454
1191,Meppel,Netherlands,52.7,6.18,4,river north sea,True,True,1000.0,1000.0,1000.0,1000.0,2000.0,1,0,0,0,0,1,0,6.907755278982137,6.907755278982137,6.907755278982137,6.907755278982137,7.600902459542082,0.0,0.0
1193,Merseburg,Germany,51.35,11.98,88,river north sea,True,True,5000.0,5000.0,3000.0,5000.0,5000.0,1,0,0,0,0,1,0,8.517193191416238,8.517193191416238,8.006367567650246,8.517193191416238,8.517193191416238,-0.5108256237659923,0.5108256237659923
1196,Mettmann,Germany,51.25,6.97,140,land north sea,True,True,2000.0,2000.0,1000.0,3000.0,4000.0,0,0,1,0,0,1,0,7.600902459542082,7.600902459542082,6.907755278982137,8.006367567650246,8.294049640102028,-0.6931471805599454,1.0986122886681091
1198,Meulebeke,Belgium,50.95,3.28,15,land north sea,True,True,1000.0,1000.0,1000.0,2000.0,3000.0,0,0,1,0,0,1,0,6.907755278982137,6.907755278982137,6.907755278982137,7.600902459542082,8.006367567650246,0.0,0.6931471805599454
1202,Middelburg,Netherlands,51.5,3.62,1,north sea + river,True,True,3000.0,8000.0,5000.0,7000.0,20000.0,1,1,0,0,0,1,0,8.006367567650246,8.987196820661973,8.517193191416238,8.85366542803745,9.903487552536127,-0.4700036292457348,0.33647223662121206
1211,Minden,Germany,52.28,8.92,42,river north sea,True,True,2000.0,3000.0,2000.0,4000.0,4000.0,1,0,0,0,0,1,0,7.600902459542082,8.006367567650246,7.600902459542082,8.294049640102028,8.294049640102028,-0.4054651081081637,0.6931471805599454
1221,Mittweida,Germany,50.98,12.98,280,river north sea,True,True,1000.0,2000.0,1000.0,3000.0,3000.0,1,0,0,0,0,1,0,6.907755278982137,7.600902459542082,6.907755278982137,8.006367567650246,8.006367567650246,-0.6931471805599454,1.0986122886681091
1224,Moenchengladbach,Germany,50.18,6.45,70,land north sea,True,True,1000.0,1000.0,1000.0,1000.0,1000.0,0,0,1,0,0,1,0,6.907755278982137,6.907755278982137,6.907755278982137,6.907755278982137,6.907755278982137,0.0,0.0
1239,Mons,Belgium,50.47,3.93,30,river north sea,True,True,2000.0,6000.0,9000.0,15000.0,16000.0,1,0,0,0,0,1,0,7.600902459542082,8.699514748210191,9.104979856318357,9.615805480084347,9.680344001221918,0.4054651081081655,0.5108256237659905
1263,Montreux,Switzerland,46.43,6.92,390,river mediterranean,True,True,1000.0,1000.0,1000.0,1000.0,1000.0,1,0,0,0,0,0,1,6.907755278982137,6.907755278982137,6.907755278982137,6.907755278982137,6.907755278982137,0.0,0.0
1281,Muelheim an der Ruhr,Germany,51.42,6.83,63,river north sea,True,True,1000.0,1000.0,1000.0,1000.0,2000.0,1,0,0,0,0,1,0,6.907755278982137,6.907755278982137,6.907755278982137,6.907755278982137,7.600902459542082,0.0,0.0
1282,Muenchen,Germany,48.13,11.57,514,river black sea,True,True,5000.0,10000.0,7000.0,13000.0,20000.0,1,0,0,0,0,0,0,8.517193191416238,9.210340371976184,8.85366542803745,9.472704636443673,9.903487552536127,-0.35667494393873334,0.6190392084062228
1283,Muenster,Germany,51.95,7.62,55,river north sea,True,True,10000.0,16000.0,11000.0,10000.0,11000.0,1,0,0,0,0,1,0,9.210340371976184,9.680344001221918,9.305650551780507,9.210340371976184,9.305650551780507,-0.3746934494414109,-0.09531017980432388
1300,Namur,Belgium,50.47,4.87,120,river north sea,True,True,3000.0,5000.0,6000.0,8000.0,9000.0,1,0,0,0,0,1,0,8.006367567650246,8.517193191416238,8.699514748210191,8.987196820661973,9.104979856318357,0.18232155679395312,0.2876820724517817
1309,Nauen,Germany,52.6,12.87,35,land north sea,True,True,1000.0,1000.0,1000.0,1000.0,2000.0,0,0,1,0,0,1,0,6.907755278982137,6.907755278982137,6.907755278982137,6.907755278982137,7.600902459542082,0.0,0.0
1310,Naumburg,Germany,51.15,11.8,130,river north sea,True,True,2000.0,2000.0,1000.0,5000.0,8000.0,1,0,0,0,0,1,0,7.600902459542082,7.600902459542082,6.907755278982137,8.517193191416238,8.987196820661973,-0.6931471805599454,1.6094379124341014
1314,Neubrandenburg,Germany,53.55,13.25,18,river baltic,True,True,1000.0,2000.0,1000.0,2000.0,2000.0,1,0,0,0,1,0,0,6.907755278982137,7.600902459542082,6.907755278982137,7.600902459542082,7.600902459542082,-0.6931471805599454,0.6931471805599454
1315,Neuburg,Germany,48.73,11.18,383,river black sea,True,True,2000.0,2000.0,1000.0,2000.0,2000.0,1,0,0,0,0,0,0,7.600902459542082,7.600902459542082,6.907755278982137,7.600902459542082,7.600902459542082,-0.6931471805599454,0.6931471805599454
1316,Neuchatel,Switzerland,46.98,6.93,434,river mediterranean,True,True,2000.0,2000.0,1000.0,2000.0,3000.0,1,0,0,0,0,0,1,7.600902459542082,7.600902459542082,6.907755278982137,7.600902459542082,8.006367567650246,-0.6931471805599454,0.6931471805599454
1317,Neunkirchen,Austria,47.73,16.08,371,river black sea,True,True,1000.0,1000.0,1000.0,1000.0,1000.0,1,0,0,0,0,0,0,6.907755278982137,6.907755278982137,6.907755278982137,6.907755278982137,6.907755278982137,0.0,0.0
1318,Neuruppin,Germany,52.92,12.8,44,river north sea,True,True,1000.0,2000.0,1000.0,4000.0,3000.0,1,0,0,0,0,1,0,6.907755278982137,7.600902459542082,6.907755278982137,8.294049640102028,8.006367567650246,-0.6931471805599454,1.3862943611198908
1319,Neuss,Germany,51.2,6.68,40,river north sea,True,True,2000.0,3000.0,2000.0,2000.0,3000.0,1,0,0,0,0,1,0,7.600902459542082,8.006367567650246,7.600902459542082,7.600902459542082,8.006367567650246,-0.4054651081081637,0.0
1321,Neuwied,Germany,50.42,7.45,60,river north sea,True,True,2000.0,2000.0,1000.0,1000.0,2000.0,1,0,0,0,0,1,0,7.600902459542082,7.600902459542082,6.907755278982137,6.907755278982137,7.600902459542082,-0.6931471805599454,0.0
1336,Nieuwpoort,Belgium,51.13,2.75,2,north sea + river,True,True,2000.0,5000.0,3000.0,6000.0,5000.0,1,1,0,0,0,1,0,7.600902459542082,8.517193191416238,8.006367567650246,8.699514748210191,8.517193191416238,-0.5108256237659923,0.6931471805599454
1338,Nijkerk,Netherlands,52.22,5.5,1,land north sea,True,True,0.0,1000.0,1000.0,1000.0,1000.0,0,0,1,0,0,1,0,-inf,6.907755278982137,6.907755278982137,6.907755278982137,6.907755278982137,0.0,0.0
1339,Nijmegen,Netherlands,51.83,5.83,46,river north sea,True,True,3000.0,3000.0,6000.0,12000.0,12000.0,1,0,0,0,0,1,0,8.006367567650246,8.006367567650246,8.699514748210191,9.392661928770137,9.392661928770137,0.6931471805599454,0.6931471805599454
1346,Nivelles,Belgium,50.6,4.33,148,land north sea,True,True,4000.0,5000.0,6000.0,6000.0,5000.0,0,0,1,0,0,1,0,8.294049640102028,8.517193191416238,8.699514748210191,8.699514748210191,8.517193191416238,0.18232155679395312,0.0
1352,Noerdlingen,Germany,48.85,10.5,430,river black sea,True,True,4000.0,6000.0,4000.0,6000.0,8000.0,1,0,0,0,0,0,0,8.294049640102028,8.699514748210191,8.294049640102028,8.699514748210191,8.987196820661973,-0.4054651081081637,0.4054651081081637
1357,Norden,Germany,53.6,7.2,7,north sea,True,True,1000.0,2000.0,1000.0,2000.0,2000.0,0,1,0,0,0,1,0,6.907755278982137,7.600902459542082,6.907755278982137,7.600902459542082,7.600902459542082,-0.6931471805599454,0.6931471805599454
1358,Nordhausen,Germany,51.5,10.78,180,river north sea,True,True,3000.0,4000.0,3000.0,6000.0,7000.0,1,0,0,0,0,1,0,8.006367567650246,8.294049640102028,8.006367567650246,8.699514748210191,8.85366542803745,-0.2876820724517817,0.6931471805599454
1381,Nuernberg,Germany,49.45,11.07,301,river north sea,True,True,7000.0,14000.0,6000.0,38000.0,40000.0,1,0,0,0,0,1,0,8.85366542803745,9.546812608597396,8.699514748210191,10.545341438708522,10.596634733096073,-0.8472978603872043,1.8458266904983311
1394,Offenbach,Germany,50.13,8.78,98,river north sea,True,True,1000.0,1000.0,1000.0,1000.0,1000.0,1,0,0,0,0,1,0,6.907755278982137,6.907755278982137,6.907755278982137,6.907755278982137,6.907755278982137,0.0,0.0
1396,Oldenburg,Germany,53.15,8.22,5,river north sea,True,True,2000.0,3000.0,2000.0,2000.0,2000.0,1,0,0,0,0,1,0,7.600902459542082,8.006367567650246,7.600902459542082,7.600902459542082,7.600902459542082,-0.4054651081081637,0.0
1397,Oldenburg,Germany,54.28,10.87,8,baltic,True,True,1000.0,1000.0,1000.0,1000.0,2000.0,0,1,0,0,1,0,0,6.907755278982137,6.907755278982137,6.907755278982137,6.907755278982137,7.600902459542082,0.0,0.0
1410,Oppenheim,Germany,49.85,8.35,87,river north sea,True,True,2000.0,3000.0,2000.0,4000.0,5000.0,1,0,0,0,0,1,0,7.600902459542082,8.006367567650246,7.600902459542082,8.294049640102028,8.517193191416238,-0.4054651081081637,0.6931471805599454
1431,Osnabrueck,Germany,52.27,8.03,65,river north sea,True,True,10000.0,9000.0,5000.0,6000.0,3000.0,1,0,0,0,0,1,0,9.210340371976184,9.104979856318357,8.517193191416238,8.699514748210191,8.006367567650246,-0.5877866649021186,0.18232155679395312
1433,Ostende,Belgium,51.22,2.92,34,north sea,True,True,0.0,1000.0,2000.0,3000.0,5000.0,0,1,0,0,0,1,0,-inf,6.907755278982137,7.600902459542082,8.006367567650246,8.517193191416238,0.6931471805599454,0.4054651081081637
1439,Oudenaarde,Belgium,50.85,3.6,39,river north sea,True,True,2000.0,4000.0,3000.0,7000.0,7000.0,1,0,0,0,0,1,0,7.600902459542082,8.294049640102028,8.006367567650246,8.85366542803745,8.85366542803745,-0.2876820724517817,0.8472978603872043
1444,Paderborn,Germany,51.72,8.75,110,land north sea,True,True,7000.0,7000.0,4000.0,4000.0,5000.0,0,0,1,0,0,1,0,8.85366542803745,8.85366542803745,8.294049640102028,8.294049640102028,8.517193191416238,-0.5596157879354227,0.0
1468,Passau,Germany,48.58,13.47,310,river black sea,True,True,2000.0,3000.0,4000.0,4000.0,5000.0,1,0,0,0,0,0,0,7.600902459542082,8.006367567650246,8.294049640102028,8.294049640102028,8.517193191416238,0.2876820724517817,0.0
1492,Peruwelz,Belgium,50.52,3.6,59,land north sea,True,True,1000.0,1000.0,1000.0,2000.0,2000.0,0,0,1,0,0,1,0,6.907755278982137,6.907755278982137,6.907755278982137,7.600902459542082,7.600902459542082,0.0,0.6931471805599454
1503,Pforzheim,Germany,48.9,8.7,261,river north sea,True,True,2000.0,2000.0,1000.0,3000.0,4000.0,1,0,0,0,0,1,0,7.600902459542082,7.600902459542082,6.907755278982137,8.006367567650246,8.294049640102028,-0.6931471805599454,1.0986122886681091
1512,Pirmasens,Germany,49.2,7.6,387,land north sea,True,True,2000.0,2000.0,1000.0,1000.0,1000.0,0,0,1,0,0,1,0,7.600902459542082,7.600902459542082,6.907755278982137,6.907755278982137,6.907755278982137,-0.6931471805599454,0.0
1513,Pirna,Germany,50.97,13.97,118,river north sea,True,True,0.0,1000.0,1000.0,1000.0,2000.0,1,0,0,0,0,1,0,-inf,6.907755278982137,6.907755278982137,6.907755278982137,7.600902459542082,0.0,0.0
1521,Plauen,Germany,50.5,12.13,412,river north sea,True,True,1000.0,1000.0,1000.0,1000.0,2000.0,1,0,0,0,0,1,0,6.907755278982137,6.907755278982137,6.907755278982137,6.907755278982137,7.600902459542082,0.0,0.0
1546,Poperinge,Belgium,50.85,2.72,1,land north sea,True,True,2000.0,2000.0,1000.0,4000.0,3000.0,0,0,1,0,0,1,0,7.600902459542082,7.600902459542082,6.907755278982137,8.294049640102028,8.006367567650246,-0.6931471805599454,1.3862943611198908
1554,Potsdam,Germany,52.4,13.07,31,river north sea,True,True,1000.0,1000.0,1000.0,1000.0,1000.0,1,0,0,0,0,1,0,6.907755278982137,6.907755278982137,6.907755278982137,6.907755278982137,6.907755278982137,0.0,0.0
1561,Prenzlau,Germany,53.32,13.87,34,river north sea,True,True,3000.0,4000.0,1000.0,1000.0,1000.0,1,0,0,0,0,1,0,8.006367567650246,8.294049640102028,6.907755278982137,6.907755278982137,6.907755278982137,-1.3862943611198908,0.0
1583,Quedlinburg,Germany,51.8,11.15,123,land north sea,True,True,2000.0,3000.0,2000.0,5000.0,6000.0,0,0,1,0,0,1,0,7.600902459542082,8.006367567650246,7.600902459542082,8.517193191416238,8.699514748210191,-0.4054651081081637,0.916290731874156
1588,Radevormwald,Germany,51.2,7.35,421,land north sea,True,True,0.0,1000.0,1000.0,1000.0,1000.0,0,0,1,0,0,1,0,-inf,6.907755278982137,6.907755278982137,6.907755278982137,6.907755278982137,0.0,0.0
1598,Ravensburg,Germany,47.78,9.62,450,land north sea,True,True,1000.0,1000.0,3000.0,5000.0,4000.0,0,0,1,0,0,1,0,6.907755278982137,6.907755278982137,8.006367567650246,8.517193191416238,8.294049640102028,1.0986122886681091,0.5108256237659923
1602,Recklinghausen,Germany,51.58,7.2,85,land north sea,True,True,1000.0,1000.0,1000.0,1000.0,1000.0,0,0,1,0,0,1,0,6.907755278982137,6.907755278982137,6.907755278982137,6.907755278982137,6.907755278982137,0.0,0.0
1604,Regensburg,Germany,49.02,12.1,332,river black sea,True,True,16000.0,12000.0,8000.0,22000.0,20000.0,1,0,0,0,0,0,0,9.680344001221918,9.392661928770137,8.987196820661973,9.998797732340453,9.903487552536127,-0.4054651081081637,1.0116009116784799
1607,Reichenbach,Germany,50.62,12.3,380,land north sea,True,True,1000.0,1000.0,1000.0,1000.0,1000.0,0,0,1,0,0,1,0,6.907755278982137,6.907755278982137,6.907755278982137,6.907755278982137,6.907755278982137,0.0,0.0
1609,Remscheid,Germany,51.18,7.18,365,land north sea,True,True,1000.0,1000.0,1000.0,1000.0,1000.0,0,0,1,0,0,1,0,6.907755278982137,6.907755278982137,6.907755278982137,6.907755278982137,6.907755278982137,0.0,0.0
1610,Rendsburg,Germany,54.3,9.67,6,river north sea,True,True,1000.0,1000.0,1000.0,1000.0,2000.0,1,0,0,0,0,1,0,6.907755278982137,6.907755278982137,6.907755278982137,6.907755278982137,7.600902459542082,0.0,0.0
1617,Reutlingen,Germany,48.48,9.18,382,land north sea,True,True,3000.0,5000.0,3000.0,5000.0,5000.0,0,0,1,0,0,1,0,8.006367567650246,8.517193191416238,8.006367567650246,8.517193191416238,8.517193191416238,-0.5108256237659923,0.5108256237659923
1619,Rheine,Germany,52.28,7.43,35,river north sea,True,True,2000.0,2000.0,1000.0,1000.0,2000.0,1,0,0,0,0,1,0,7.600902459542082,7.600902459542082,6.907755278982137,6.907755278982137,7.600902459542082,-0.6931471805599454,0.0
1620,Rheydt,Germany,51.3,6.45,70,land north sea,True,True,1000.0,1000.0,1000.0,1000.0,1000.0,0,0,1,0,0,1,0,6.907755278982137,6.907755278982137,6.907755278982137,6.907755278982137,6.907755278982137,0.0,0.0
1637,Roermond,Netherlands,51.2,6.0,22,river north sea,True,True,1000.0,2000.0,6000.0,7000.0,5000.0,1,0,0,0,0,1,0,6.907755278982137,7.600902459542082,8.699514748210191,8.85366542803745,8.517193191416238,1.0986122886681091,0.15415067982725894
1638,Roeselare,Belgium,50.95,3.13,19,land north sea,True,True,2000.0,3000.0,2000.0,3000.0,4000.0,0,0,1,0,0,1,0,7.600902459542082,8.006367567650246,7.600902459542082,8.006367567650246,8.294049640102028,-0.4054651081081637,0.4054651081081637
1644,Ronse,Belgium,50.75,3.6,68,land north sea,True,True,1000.0,2000.0,1000.0,2000.0,4000.0,0,0,1,0,0,1,0,6.907755278982137,7.600902459542082,6.907755278982137,7.600902459542082,8.294049640102028,-0.6931471805599454,0.6931471805599454
1645,Roosendaal,Netherlands,51.53,4.47,3,land north sea,True,True,0.0,1000.0,1000.0,2000.0,2000.0,0,0,1,0,0,1,0,-inf,6.907755278982137,6.907755278982137,7.600902459542082,7.600902459542082,0.0,0.6931471805599454
1648,Rostock,Germany,54.08,12.12,14,baltic + river,True,True,3000.0,10000.0,13000.0,10000.0,15000.0,1,1,0,0,1,0,0,8.006367567650246,9.210340371976184,9.472704636443673,9.210340371976184,9.615805480084347,0.2623642644674895,-0.2623642644674895
1652,Rothenburg ob der Tauber,Germany,49.38,10.17,430,river north sea,True,True,3000.0,5000.0,6000.0,6000.0,5000.0,1,0,0,0,0,1,0,8.006367567650246,8.517193191416238,8.699514748210191,8.699514748210191,8.517193191416238,0.18232155679395312,0.0
1654,Rottenburg am Neckar,Germany,48.47,8.93,349,river north sea,True,True,3000.0,3000.0,4000.0,3000.0,3000.0,1,0,0,0,0,1,0,8.006367567650246,8.006367567650246,8.294049640102028,8.006367567650246,8.006367567650246,0.2876820724517817,-0.2876820724517817
1655,Rotterdam,Netherlands,51.92,4.47,-4,north sea + river,True,True,1000.0,1000.0,2000.0,5000.0,19000.0,1,1,0,0,0,1,0,6.907755278982137,6.907755278982137,7.600902459542082,8.517193191416238,9.852194258148577,0.6931471805599454,0.916290731874156
1665,Ruiselede,Belgium,51.05,3.4,12,land north sea,True,True,1000.0,2000.0,1000.0,2000.0,2000.0,0,0,1,0,0,1,0,6.907755278982137,7.600902459542082,6.907755278982137,7.600902459542082,7.600902459542082,-0.6931471805599454,0.6931471805599454
1674,Saarbruecken,Germany,49.23,6.98,230,river north sea,True,True,3000.0,3000.0,2000.0,1000.0,2000.0,1,0,0,0,0,1,0,8.006367567650246,8.006367567650246,7.600902459542082,6.907755278982137,7.600902459542082,-0.4054651081081637,-0.6931471805599454
1691,Salzburg,Austria,47.9,13.03,427,river black sea,True,True,5000.0,6000.0,4000.0,7000.0,9000.0,1,0,0,0,0,0,0,8.517193191416238,8.699514748210191,8.294049640102028,8.85366542803745,9.104979856318357,-0.4054651081081637,0.5596157879354227
1692,Salzgitter,Germany,52.15,10.4,90,land north sea,True,True,0.0,1000.0,1000.0,1000.0,1000.0,0,0,1,0,0,1,0,-inf,6.907755278982137,6.907755278982137,6.907755278982137,6.907755278982137,0.0,0.0
1693,Salzwedel,Germany,52.86,11.15,19,river north sea,True,True,3000.0,3000.0,2000.0,5000.0,7000.0,1,0,0,0,0,1,0,8.006367567650246,8.006367567650246,7.600902459542082,8.517193191416238,8.85366542803745,-0.4054651081081637,0.916290731874156
1734,Schaffhausen,Switzerland,47.7,8.63,403,river north sea,True,True,2000.0,2000.0,3000.0,4000.0,5000.0,1,0,0,0,0,1,0,7.600902459542082,7.600902459542082,8.006367567650246,8.294049640102028,8.517193191416238,0.4054651081081637,0.2876820724517817
1735,Schiedam,Netherlands,51.92,4.3,-1,north sea + river,True,True,1000.0,1000.0,2000.0,4000.0,5000.0,1,1,0,0,0,1,0,6.907755278982137,6.907755278982137,7.600902459542082,8.294049640102028,8.517193191416238,0.6931471805599454,0.6931471805599454
1736,Schleswig,Germany,54.52,9.55,1,baltic,True,True,2000.0,3000.0,2000.0,2000.0,3000.0,0,1,0,0,1,0,0,7.600902459542082,8.006367567650246,7.600902459542082,7.600902459542082,8.006367567650246,-0.4054651081081637,0.0
1737,Schmalkalden,Germany,50.72,10.43,295,land north sea,True,True,2000.0,2000.0,1000.0,1000.0,2000.0,0,0,1,0,0,1,0,7.600902459542082,7.600902459542082,6.907755278982137,6.907755278982137,7.600902459542082,-0.6931471805599454,0.0
1739,Schorndorf,Germany,48.8,9.55,256,river north sea,True,True,1000.0,1000.0,1000.0,3000.0,5000.0,1,0,0,0,0,1,0,6.907755278982137,6.907755278982137,6.907755278982137,8.006367567650246,8.517193191416238,0.0,1.0986122886681091
1740,Schwabach,Germany,49.47,11.02,326,land north sea,True,True,1000.0,2000.0,1000.0,2000.0,3000.0,0,0,1,0,0,1,0,6.907755278982137,7.600902459542082,6.907755278982137,7.600902459542082,8.006367567650246,-0.6931471805599454,0.6931471805599454
1741,Schwaebisch Gmuend,Germany,48.82,9.8,321,river north sea,True,True,1000.0,2000.0,1000.0,1000.0,2000.0,1,0,0,0,0,1,0,6.907755278982137,7.600902459542082,6.907755278982137,6.907755278982137,7.600902459542082,-0.6931471805599454,0.0
1742,Schwaebisch Hall,Germany,49.12,9.73,304,river north sea,True,True,1000.0,2000.0,6000.0,6000.0,6000.0,1,0,0,0,0,1,0,6.907755278982137,7.600902459542082,8.699514748210191,8.699514748210191,8.699514748210191,1.0986122886681091,0.0
1743,Schwaz,Austria,47.33,11.73,545,river black sea,True,True,0.0,1000.0,4000.0,17000.0,9000.0,1,0,0,0,0,0,0,-inf,6.907755278982137,8.294049640102028,9.740968623038354,9.104979856318357,1.3862943611198908,1.4469189829363263
1744,Schweinfurt,Germany,50.05,10.27,226,river north sea,True,True,1000.0,2000.0,3000.0,4000.0,5000.0,1,0,0,0,0,1,0,6.907755278982137,7.600902459542082,8.006367567650246,8.294049640102028,8.517193191416238,0.4054651081081637,0.2876820724517817
1745,Schwerin,Germany,53.63,11.42,38,river baltic,True,True,2000.0,2000.0,1000.0,3000.0,2000.0,1,0,0,0,1,0,0,7.600902459542082,7.600902459542082,6.907755278982137,8.006367567650246,7.600902459542082,-0.6931471805599454,1.0986122886681091
1746,Schwytz,Switzerland,47.03,8.57,516,river north sea,True,True,2000.0,2000.0,1000.0,2000.0,3000.0,1,0,0,0,0,1,0,7.600902459542082,7.600902459542082,6.907755278982137,7.600902459542082,8.006367567650246,-0.6931471805599454,0.6931471805599454
1788,Siegen,Germany,50.87,8.03,267,land north sea,True,True,1000.0,2000.0,2000.0,3000.0,3000.0,0,0,1,0,0,1,0,6.907755278982137,7.600902459542082,7.600902459542082,8.006367567650246,8.006367567650246,0.0,0.4054651081081637
1796,Sion,Switzerland,46.24,7.33,500,river mediterranean,True,True,2000.0,3000.0,2000.0,2000.0,3000.0,1,0,0,0,0,0,1,7.600902459542082,8.006367567650246,7.600902459542082,7.600902459542082,8.006367567650246,-0.4054651081081637,0.0
1809,Sneek,Netherlands,53.03,5.67,6,river north sea,True,True,1000.0,2000.0,2000.0,3000.0,3000.0,1,0,0,0,0,1,0,6.907755278982137,7.600902459542082,7.600902459542082,8.006367567650246,8.006367567650246,0.0,0.4054651081081637
1811,Soest,Germany,51.57,8.12,101,land north sea,True,True,12000.0,12000.0,8000.0,10000.0,10000.0,0,0,1,0,0,1,0,9.392661928770137,9.392661928770137,8.987196820661973,9.210340371976184,9.210340371976184,-0.4054651081081637,0.2231435513142106
1813,Soignies,Belgium,50.58,4.07,84,land north sea,True,True,1000.0,2000.0,1000.0,1000.0,2000.0,0,0,1,0,0,1,0,6.907755278982137,7.600902459542082,6.907755278982137,6.907755278982137,7.600902459542082,-0.6931471805599454,0.0
1817,Solingen,Germany,51.17,7.08,221,land north sea,True,True,1000.0,2000.0,1000.0,1000.0,1000.0,0,0,1,0,0,1,0,6.907755278982137,7.600902459542082,6.907755278982137,6.907755278982137,6.907755278982137,-0.6931471805599454,0.0
1821,Solothurn,Switzerland,47.22,7.53,432,river north sea,True,True,2000.0,2000.0,1000.0,3000.0,3000.0,1,0,0,0,0,1,0,7.600902459542082,7.600902459542082,6.907755278982137,8.006367567650246,8.006367567650246,-0.6931471805599454,1.0986122886681091
1834,Spandau,Germany,52.53,13.2,35,river north sea,True,True,1000.0,1000.0,1000.0,1000.0,2000.0,1,0,0,0,0,1,0,6.907755278982137,6.907755278982137,6.907755278982137,6.907755278982137,7.600902459542082,0.0,0.0
1836,Speyer,Germany,49.32,8.43,102,river north sea,True,True,7000.0,9000.0,5000.0,13000.0,8000.0,1,0,0,0,0,1,0,8.85366542803745,9.104979856318357,8.517193191416238,9.472704636443673,8.987196820661973,-0.5877866649021186,0.9555114450274349
1849,St Gallen,Switzerland,47.42,9.38,675,land north sea,True,True,3000.0,4000.0,3000.0,5000.0,5000.0,0,0,1,0,0,1,0,8.006367567650246,8.294049640102028,8.006367567650246,8.517193191416238,8.517193191416238,-0.2876820724517817,0.5108256237659923
1867,St-Truiden,Belgium,50.8,5.2,40,land north sea,True,True,3000.0,5000.0,4000.0,4000.0,5000.0,0,0,1,0,0,1,0,8.006367567650246,8.517193191416238,8.294049640102028,8.294049640102028,8.517193191416238,-0.2231435513142106,0.0
1868,Stade,Germany,53.6,9.47,9,north sea + river,True,True,2000.0,2000.0,1000.0,2000.0,2000.0,1,1,0,0,0,1,0,7.600902459542082,7.600902459542082,6.907755278982137,7.600902459542082,7.600902459542082,-0.6931471805599454,0.6931471805599454
1878,Stendal,Germany,52.6,11.85,32,river north sea,True,True,1000.0,2000.0,6000.0,6000.0,4000.0,1,0,0,0,0,1,0,6.907755278982137,7.600902459542082,8.699514748210191,8.699514748210191,8.294049640102028,1.0986122886681091,0.0
1881,Steyr,Austria,48.05,14.42,310,river black sea,True,True,2000.0,3000.0,2000.0,6000.0,9000.0,1,0,0,0,0,0,0,7.600902459542082,8.006367567650246,7.600902459542082,8.699514748210191,9.104979856318357,-0.4054651081081637,1.0986122886681091
1886,Stralsund,Germany,54.32,13.13,9,baltic,True,True,2000.0,12000.0,15000.0,11000.0,15000.0,0,1,0,0,1,0,0,7.600902459542082,9.392661928770137,9.615805480084347,9.305650551780507,9.615805480084347,0.2231435513142106,-0.31015492830383984
1888,Straubing,Germany,48.88,12.57,322,river black sea,True,True,1000.0,1000.0,1000.0,1000.0,2000.0,1,0,0,0,0,0,0,6.907755278982137,6.907755278982137,6.907755278982137,6.907755278982137,7.600902459542082,0.0,0.0
1890,Stuttgart,Germany,48.77,9.18,253,river north sea,True,True,4000.0,5000.0,4000.0,6000.0,9000.0,1,0,0,0,0,1,0,8.294049640102028,8.517193191416238,8.294049640102028,8.699514748210191,9.104979856318357,-0.2231435513142106,0.4054651081081637
1895,Suhl,Germany,50.62,10.72,422,land north sea,True,True,0.0,1000.0,1000.0,2000.0,4000.0,0,0,1,0,0,1,0,-inf,6.907755278982137,6.907755278982137,7.600902459542082,8.294049640102028,0.0,0.6931471805599454
1941,Temse,Belgium,51.13,4.22,10,river north sea,True,True,2000.0,2000.0,1000.0,2000.0,2000.0,1,0,0,0,0,1,0,7.600902459542082,7.600902459542082,6.907755278982137,7.600902459542082,7.600902459542082,-0.6931471805599454,0.6931471805599454
1952,Tiel,Netherlands,51.9,5.42,7,river north sea,True,True,3000.0,3000.0,2000.0,3000.0,2000.0,1,0,0,0,0,1,0,8.006367567650246,8.006367567650246,7.600902459542082,8.006367567650246,7.600902459542082,-0.4054651081081637,0.4054651081081637
1953,Tielt,Belgium,51.0,3.32,43,land north sea,True,True,1000.0,1000.0,1000.0,1000.0,2000.0,0,0,1,0,0,1,0,6.907755278982137,6.907755278982137,6.907755278982137,6.907755278982137,7.600902459542082,0.0,0.0
1954,Tienen,Belgium,50.8,4.95,56,land north sea,True,True,4000.0,5000.0,3000.0,9000.0,4000.0,0,0,1,0,0,1,0,8.294049640102028,8.517193191416238,8.006367567650246,9.104979856318357,8.294049640102028,-0.5108256237659923,1.098612288668111
1955,Tilburg,Netherlands,51.57,5.08,14,land north sea,True,True,1000.0,1000.0,1000.0,2000.0,4000.0,0,0,1,0,0,1,0,6.907755278982137,6.907755278982137,6.907755278982137,7.600902459542082,8.294049640102028,0.0,0.6931471805599454
1964,Toenning,Germany,54.32,8.93,2,north sea,True,True,1000.0,1000.0,1000.0,2000.0,2000.0,0,1,0,0,0,1,0,6.907755278982137,6.907755278982137,6.907755278982137,7.600902459542082,7.600902459542082,0.0,0.6931471805599454
1971,Tongeren,Belgium,50.78,5.47,107,river north sea,True,True,4000.0,5000.0,3000.0,8000.0,6000.0,1,0,0,0,0,1,0,8.294049640102028,8.517193191416238,8.006367567650246,8.987196820661973,8.699514748210191,-0.5108256237659923,0.9808292530117271
1974,Torgau,Germany,51.57,13.0,78,river north sea,True,True,2000.0,1000.0,2000.0,3000.0,6000.0,1,0,0,0,0,1,0,7.600902459542082,6.907755278982137,7.600902459542082,8.006367567650246,8.699514748210191,0.6931471805599454,0.4054651081081637
1975,Torhout,Belgium,51.07,3.1,17,land north sea,True,True,2000.0,2000.0,1000.0,1000.0,1000.0,0,0,1,0,0,1,0,7.600902459542082,7.600902459542082,6.907755278982137,6.907755278982137,6.907755278982137,-0.6931471805599454,0.0
1993,Tournai,Belgium,50.6,3.38,41,river north sea,True,True,17000.0,20000.0,40000.0,35000.0,20000.0,1,0,0,0,0,1,0,9.740968623038354,9.903487552536127,10.596634733096073,10.46310334047155,9.903487552536127,0.6931471805599454,-0.13353139262452274
2003,Trier,Germany,49.75,6.63,50,river north sea,True,True,13000.0,11000.0,10000.0,8000.0,5000.0,1,0,0,0,0,1,0,9.472704636443673,9.305650551780507,9.210340371976184,8.987196820661973,8.517193191416238,-0.09531017980432388,-0.2231435513142106
2014,Tuebingen,Germany,48.52,9.07,341,river north sea,True,True,1000.0,2000.0,1000.0,4000.0,4000.0,1,0,0,0,0,1,0,6.907755278982137,7.600902459542082,6.907755278982137,8.294049640102028,8.294049640102028,-0.6931471805599454,1.3862943611198908
2020,Turnhout,Belgium,51.32,4.95,30,land north sea,True,True,1000.0,2000.0,1000.0,2000.0,4000.0,0,0,1,0,0,1,0,6.907755278982137,7.600902459542082,6.907755278982137,7.600902459542082,8.294049640102028,-0.6931471805599454,0.6931471805599454
2029,Ulm,Germany,48.4,10.0,585,river black sea,True,True,2000.0,7000.0,9000.0,16000.0,21000.0,1,0,0,0,0,0,0,7.600902459542082,8.85366542803745,9.104979856318357,9.680344001221918,9.95227771670556,0.25131442828090655,0.5753641449035616
2032,Unna,Germany,51.53,7.68,100,land north sea,True,True,2000.0,2000.0,1000.0,3000.0,5000.0,0,0,1,0,0,1,0,7.600902459542082,7.600902459542082,6.907755278982137,8.006367567650246,8.517193191416238,-0.6931471805599454,1.0986122886681091
2038,Utrecht,Netherlands,52.08,5.13,1,river north sea,True,True,3000.0,6000.0,13000.0,25000.0,30000.0,1,0,0,0,0,1,0,8.006367567650246,8.699514748210191,9.472704636443673,10.126631103850338,10.308952660644293,0.7731898882334818,0.6539264674066647
2062,Velbert,Germany,51.37,7.03,230,land north sea,True,True,2000.0,2000.0,1000.0,1000.0,2000.0,0,0,1,0,0,1,0,7.600902459542082,7.600902459542082,6.907755278982137,6.907755278982137,7.600902459542082,-0.6931471805599454,0.0
2073,Venlo,Netherlands,51.4,6.17,21,river north sea,True,True,0.0,1000.0,1000.0,3000.0,5000.0,1,0,0,0,0,1,0,-inf,6.907755278982137,6.907755278982137,8.006367567650246,8.517193191416238,0.0,1.0986122886681091
2077,Verden,Germany,52.92,9.22,20,river north sea,True,True,2000.0,2000.0,1000.0,2000.0,4000.0,1,0,0,0,0,1,0,7.600902459542082,7.600902459542082,6.907755278982137,7.600902459542082,8.294049640102028,-0.6931471805599454,0.6931471805599454
2083,Verviers,Belgium,50.58,5.87,250,river north sea,True,True,1000.0,1000.0,1000.0,3000.0,4000.0,1,0,0,0,0,1,0,6.907755278982137,6.907755278982137,6.907755278982137,8.006367567650246,8.294049640102028,0.0,1.0986122886681091
2086,Veurne,Belgium,51.07,2.67,3,land north sea,True,True,1000.0,2000.0,1000.0,2000.0,2000.0,0,0,1,0,0,1,0,6.907755278982137,7.600902459542082,6.907755278982137,7.600902459542082,7.600902459542082,-0.6931471805599454,0.6931471805599454
2087,Vevey,Switzerland,46.47,6.85,383,river mediterranean,True,True,2000.0,2000.0,1000.0,2000.0,3000.0,1,0,0,0,0,0,1,7.600902459542082,7.600902459542082,6.907755278982137,7.600902459542082,8.006367567650246,-0.6931471805599454,0.6931471805599454
2096,Viersen,Germany,51.25,6.38,41,land north sea,True,True,0.0,1000.0,1000.0,2000.0,3000.0,0,0,1,0,0,1,0,-inf,6.907755278982137,6.907755278982137,7.600902459542082,8.006367567650246,0.0,0.6931471805599454
2136,Vlaardingen,Netherlands,51.9,4.35,1,north sea + river,True,True,1000.0,2000.0,1000.0,2000.0,2000.0,1,1,0,0,0,1,0,6.907755278982137,7.600902459542082,6.907755278982137,7.600902459542082,7.600902459542082,-0.6931471805599454,0.6931471805599454
2158,Warburg,Germany,51.48,9.17,230,river north sea,True,True,2000.0,2000.0,1000.0,2000.0,5000.0,1,0,0,0,0,1,0,7.600902459542082,7.600902459542082,6.907755278982137,7.600902459542082,8.517193191416238,-0.6931471805599454,0.6931471805599454
2159,Waregem,Belgium,50.88,3.42,17,land north sea,True,True,1000.0,1000.0,1000.0,1000.0,1000.0,0,0,1,0,0,1,0,6.907755278982137,6.907755278982137,6.907755278982137,6.907755278982137,6.907755278982137,0.0,0.0
2165,Wavre,Belgium,50.72,4.62,20,river north sea,True,True,1000.0,1000.0,1000.0,1000.0,2000.0,1,0,0,0,0,1,0,6.907755278982137,6.907755278982137,6.907755278982137,6.907755278982137,7.600902459542082,0.0,0.0
2166,Weert,Netherlands,51.25,5.72,35,land north sea,True,True,1000.0,1000.0,1000.0,5000.0,5000.0,0,0,1,0,0,1,0,6.907755278982137,6.907755278982137,6.907755278982137,8.517193191416238,8.517193191416238,0.0,1.6094379124341014
2167,Weimar,Germany,50.98,11.32,208,river north sea,True,True,1000.0,2000.0,1000.0,2000.0,4000.0,1,0,0,0,0,1,0,6.907755278982137,7.600902459542082,6.907755278982137,7.600902459542082,8.294049640102028,-0.6931471805599454,0.6931471805599454
2168,Weissenfels,Germany,51.2,11.97,100,river north sea,True,True,1000.0,2000.0,1000.0,1000.0,2000.0,1,0,0,0,0,1,0,6.907755278982137,7.600902459542082,6.907755278982137,6.907755278982137,7.600902459542082,-0.6931471805599454,0.0
2170,Wels,Austria,48.17,14.03,317,river black sea,True,True,2000.0,2000.0,1000.0,4000.0,5000.0,1,0,0,0,0,0,0,7.600902459542082,7.600902459542082,6.907755278982137,8.294049640102028,8.517193191416238,-0.6931471805599454,1.3862943611198908
2171,Werden,Germany,51.38,7.0,58,river north sea,True,True,2000.0,2000.0,1000.0,2000.0,2000.0,1,0,0,0,0,1,0,7.600902459542082,7.600902459542082,6.907755278982137,7.600902459542082,7.600902459542082,-0.6931471805599454,0.6931471805599454
2172,Wesel,Germany,51.67,6.63,23,river north sea,True,True,2000.0,3000.0,6000.0,6000.0,6000.0,1,0,0,0,0,1,0,7.600902459542082,8.006367567650246,8.699514748210191,8.699514748210191,8.699514748210191,0.6931471805599454,0.0
2175,Wetteren,Belgium,51.0,3.88,16,land north sea,True,True,1000.0,1000.0,1000.0,1000.0,2000.0,0,0,1,0,0,1,0,6.907755278982137,6.907755278982137,6.907755278982137,6.907755278982137,7.600902459542082,0.0,0.0
2176,Wetzlar,Germany,50.55,8.55,148,river north sea,True,True,4000.0,6000.0,4000.0,2000.0,3000.0,1,0,0,0,0,1,0,8.294049640102028,8.699514748210191,8.294049640102028,7.600902459542082,8.006367567650246,-0.4054651081081637,-0.6931471805599454
2180,Wien,Austria,48.22,16.33,170,river black sea,True,True,17000.0,20000.0,20000.0,20000.0,50000.0,1,0,0,0,0,0,0,9.740968623038354,9.903487552536127,9.903487552536127,9.903487552536127,10.819778284410283,0.0,0.0
2181,Wiener Neustadt,Austria,47.82,16.25,265,land black sea,True,True,1000.0,3000.0,7000.0,4000.0,4000.0,0,0,1,0,0,0,0,6.907755278982137,8.006367567650246,8.85366542803745,8.294049640102028,8.294049640102028,0.8472978603872043,-0.5596157879354227
2182,Wiesbaden,Germany,50.08,8.23,117,river north sea,True,True,1000.0,1000.0,1000.0,1000.0,1000.0,1,0,0,0,0,1,0,6.907755278982137,6.907755278982137,6.907755278982137,6.907755278982137,6.907755278982137,0.0,0.0
2186,Wingene,Belgium,51.07,3.27,16,land north sea,True,True,2000.0,2000.0,1000.0,1000.0,2000.0,0,0,1,0,0,1,0,7.600902459542082,7.600902459542082,6.907755278982137,6.907755278982137,7.600902459542082,-0.6931471805599454,0.0
2187,Winterswijk,Netherlands,51.97,6.73,37,land north sea,True,True,1000.0,1000.0,1000.0,1000.0,2000.0,0,0,1,0,0,1,0,6.907755278982137,6.907755278982137,6.907755278982137,6.907755278982137,7.600902459542082,0.0,0.0
2188,Winterthur,Switzerland,47.5,8.72,439,river north sea,True,True,2000.0,2000.0,1000.0,2000.0,2000.0,1,0,0,0,0,1,0,7.600902459542082,7.600902459542082,6.907755278982137,7.600902459542082,7.600902459542082,-0.6931471805599454,0.6931471805599454
2189,Wismar,Germany,53.88,11.47,13,baltic,True,True,3000.0,8000.0,6000.0,9000.0,3000.0,0,1,0,0,1,0,0,8.006367567650246,8.987196820661973,8.699514748210191,9.104979856318357,8.006367567650246,-0.2876820724517817,0.4054651081081655
2191,Wittenberg,Germany,51.87,12.65,75,river north sea,True,True,2000.0,3000.0,2000.0,2000.0,3000.0,1,0,0,0,0,1,0,7.600902459542082,8.006367567650246,7.600902459542082,7.600902459542082,8.006367567650246,-0.4054651081081637,0.0
2192,Wolfenbuettel,Germany,52.17,10.53,77,land north sea,True,True,2000.0,2000.0,1000.0,2000.0,4000.0,0,0,1,0,0,1,0,7.600902459542082,7.600902459542082,6.907755278982137,7.600902459542082,8.294049640102028,-0.6931471805599454,0.6931471805599454
2200,Worms,Germany,49.63,8.37,96,river north sea,True,True,12000.0,17000.0,10000.0,6000.0,10000.0,1,0,0,0,0,1,0,9.392661928770137,9.740968623038354,9.210340371976184,8.699514748210191,9.210340371976184,-0.5306282510621703,-0.5108256237659923
2203,Wuelfrath,Germany,51.28,7.03,262,land north sea,True,True,1000.0,1000.0,1000.0,1000.0,1000.0,0,0,1,0,0,1,0,6.907755278982137,6.907755278982137,6.907755278982137,6.907755278982137,6.907755278982137,0.0,0.0
2204,Wuerzburg,Germany,49.8,9.93,186,river north sea,True,True,5000.0,7000.0,6000.0,7000.0,10000.0,1,0,0,0,0,1,0,8.517193191416238,8.85366542803745,8.699514748210191,8.85366542803745,9.210340371976184,-0.15415067982725894,0.15415067982725894
2213,Zaandam,Netherlands,52.43,4.82,-2,river north sea,True,True,0.0,1000.0,1000.0,3000.0,5000.0,1,0,0,0,0,1,0,-inf,6.907755278982137,6.907755278982137,8.006367567650246,8.517193191416238,0.0,1.0986122886681091
2225,Zeitz,Germany,51.05,12.13,160,river north sea,True,True,1000.0,2000.0,1000.0,2000.0,2000.0,1,0,0,0,0,1,0,6.907755278982137,7.600902459542082,6.907755278982137,7.600902459542082,7.600902459542082,-0.6931471805599454,0.6931471805599454
2226,Zele,Belgium,51.07,4.03,6,land north sea,True,True,1000.0,2000.0,1000.0,1000.0,2000.0,0,0,1,0,0,1,0,6.907755278982137,7.600902459542082,6.907755278982137,6.907755278982137,7.600902459542082,-0.6931471805599454,0.0
2229,Zerbst,Germany,51.97,12.1,67,river north sea,True,True,4000.0,9000.0,5000.0,6000.0,7000.0,1,0,0,0,0,1,0,8.294049640102028,9.104979856318357,8.517193191416238,8.699514748210191,8.85366542803745,-0.5877866649021186,0.18232155679395312
2233,Zierikzee,Netherlands,51.63,3.92,7,north sea,True,True,1000.0,2000.0,1000.0,4000.0,7000.0,0,1,0,0,0,1,0,6.907755278982137,7.600902459542082,6.907755278982137,8.294049640102028,8.85366542803745,-0.6931471805599454,1.3862943611198908
2235,Zittau,Germany,50.9,14.83,242,river baltic,True,True,1000.0,2000.0,5000.0,5000.0,6000.0,1,0,0,0,1,0,0,6.907755278982137,7.600902459542082,8.517193191416238,8.517193191416238,8.699514748210191,0.916290731874156,0.0
2243,Zomergem,Belgium,51.12,3.55,5,land north sea,True,True,1000.0,2000.0,1000.0,1000.0,3000.0,0,0,1,0,0,1,0,6.907755278982137,7.600902459542082,6.907755278982137,6.907755278982137,8.006367567650246,-0.6931471805599454,0.0
2245,Zuerich,Switzerland,47.38,8.53,449,river north sea,True,True,5000.0,6000.0,5000.0,5000.0,8000.0,1,0,0,0,0,1,0,8.517193191416238,8.699514748210191,8.517193191416238,8.517193191416238,8.987196820661973,-0.18232155679395312,0.0
2246,Zutphen,Netherlands,52.13,6.2,10,river north sea,True,True,3000.0,4000.0,6000.0,3000.0,5000.0,1,0,0,0,0,1,0,8.006367567650246,8.294049640102028,8.699514748210191,8.006367567650246,8.517193191416238,0.4054651081081637,-0.6931471805599454
2247,Zweibruecken,Germany,49.25,7.35,300,land north sea,True,True,1000.0,1000.0,1000.0,1000.0,1000.0,0,0,1,0,0,1,0,6.907755278982137,6.907755278982137,6.907755278982137,6.907755278982137,6.907755278982137,0.0,0.0
2248,Zwickau,Germany,50.73,12.48,267,river north sea,True,True,2000.0,3000.0,2000.0,4000.0,6000.0,1,0,0,0,0,1,0,7.600902459542082,8.006367567650246,7.600902459542082,8.294049640102028,8.699514748210191,-0.4054651081081637,0.6931471805599454
2249,Zwolle,Netherlands,52.5,6.08,1,river north sea,True,True,2000.0,3000.0,3000.0,7000.0,9000.0,1,0,0,0,0,1,0,7.600902459542082,8.006367567650246,8.006367567650246,8.85366542803745,9.104979856318357,0.0,0.8472978603872043
2251,la Chaux de Fonds,Switzerland,47.1,6.83,1039,land north sea,True,True,0.0,1000.0,1000.0,1000.0,2000.0,0,0,1,0,0,1,0,-inf,6.907755278982137,6.907755278982137,6.907755278982137,7.600902459542082,0.0,0.0
2258,le Locle,Switzerland,47.05,6.75,1047,land north sea,True,True,1000.0,1000.0,1000.0,1000.0,1000.0,0,0,1,0,0,1,0,6.907755278982137,6.907755278982137,6.907755278982137,6.907755278982137,6.907755278982137,0.0,0.0
2260,s Gravenhage,Netherlands,52.08,4.27,1,river north sea,True,True,1000.0,4000.0,3000.0,7000.0,15000.0,1,0,0,0,0,1,0,6.907755278982137,8.294049640102028,8.006367567650246,8.85366542803745,9.615805480084347,-0.2876820724517817,0.8472978603872043
2261,s Hertogenbosch,Netherlands,51.7,5.3,3,river north sea,True,True,2000.0,3000.0,9000.0,16000.0,13000.0,1,0,0,0,0,1,0,7.600902459542082,8.006367567650246,9.104979856318357,9.680344001221918,9.472704636443673,1.098612288668111,0.5753641449035616
