cid,pop1500_bur,pop1500_bai
0,18000.0,18000.0
2,5000.0,5000.0
6,3000.0,3000.0
9,3000.0,3000.0
18,10000.0,10000.0
24,13000.0,13000.0
32,8000.0,8000.0
34,8000.0,8000.0
35,2000.0,2000.0
36,6000.0,6000.0
39,20000.0,20000.0
40,3000.0,3000.0
45,8000.0,8000.0
49,3000.0,3000.0
50,5000.0,5000.0
56,9000.0,30000.0
59,6000.0,6000.0
61,3000.0,3000.0
62,2000.0,2000.0
63,1000.0,1000.0
65,2000.0,2000.0
69,7000.0,7000.0
70,20000.0,20000.0
71,12000.0,15000.0
76,5000.0,5000.0
79,13000.0,13000.0
83,4000.0,4000.0
84,2000.0,2000.0
87,10000.0,10000.0
89,30000.0,30000.0
93,10000.0,10000.0
100,12000.0,12000.0
102,6000.0,6000.0
107,4000.0,4000.0
108,4000.0,4000.0
109,10000.0,10000.0
110,2000.0,2000.0
114,6000.0,6000.0
117,11000.0,11000.0
126,4000.0,4000.0
127,8000.0,8000.0
128,7000.0,7000.0
131,5000.0,5000.0
137,30000.0,30000.0
143,4000.0,4000.0
147,18000.0,18000.0
148,10000.0,10000.0
160,14000.0,14000.0
161,14000.0,14000.0
173,7000.0,7000.0
179,2000.0,2000.0
180,20000.0,20000.0
181,8000.0,8000.0
182,8000.0,8000.0
186,10000.0,10000.0
187,3000.0,3000.0
191,5000.0,5000.0
194,2000.0,2000.0
198,10000.0,10000.0
202,6000.0,6000.0
207,1000.0,1000.0
223,18000.0,18000.0
224,7000.0,7000.0
229,9000.0,9000.0
230,3000.0,3000.0
232,3000.0,3000.0
234,9000.0,9000.0
238,6000.0,6000.0
241,3000.0,3000.0
242,2000.0,2000.0
248,1000.0,3000.0
252,3000.0,3000.0
255,6000.0,6000.0
261,1000.0,1000.0
265,50000.0,50000.0
271,50000.0,50000.0
281,2000.0,2000.0
284,5000.0,5000.0
285,32000.0,32000.0
290,4000.0,4000.0
294,3000.0,3000.0
297,18000.0,18000.0
300,18000.0,18000.0
302,49000.0,49000.0
304,1000.0,1000.0
308,4000.0,4000.0
318,1000.0,1000.0
319,35000.0,35000.0
320,33000.0,33000.0
322,12000.0,12000.0
328,8000.0,8000.0
339,4000.0,4000.0
342,2000.0,2000.0
343,13000.0,25000.0
344,4000.0,4000.0
353,8000.0,8000.0
359,7000.0,7000.0
363,3000.0,3000.0
383,7000.0,7000.0
384,3000.0,3000.0
387,4000.0,4000.0
396,7000.0,7000.0
398,4000.0,4000.0
399,4000.0,4000.0
407,14000.0,14000.0
417,1000.0,1000.0
425,7000.0,7000.0
429,8000.0,8000.0
431,2000.0,2000.0
437,10000.0,10000.0
444,4000.0,4000.0
472,6000.0,6000.0
478,3000.0,3000.0
482,3000.0,3000.0
484,6000.0,6000.0
486,8000.0,8000.0
491,10000.0,10000.0
503,3000.0,3000.0
504,35000.0,35000.0
505,4000.0,4000.0
506,5000.0,5000.0
510,5000.0,5000.0
516,4000.0,4000.0
519,12000.0,12000.0
520,40000.0,40000.0
525,13000.0,13000.0
541,9000.0,9000.0
542,12000.0,12000.0
543,5000.0,5000.0
547,2000.0,2000.0
548,7000.0,7000.0
549,3000.0,20000.0
550,5000.0,5000.0
552,13000.0,13000.0
556,3000.0,3000.0
560,2000.0,2000.0
565,10000.0,10000.0
568,8000.0,8000.0
569,10000.0,10000.0
575,5000.0,5000.0
576,8000.0,8000.0
579,8000.0,8000.0
582,3000.0,3000.0
583,2000.0,2000.0
588,7000.0,7000.0
590,2000.0,2000.0
594,17000.0,17000.0
595,4000.0,4000.0
603,7000.0,7000.0
605,4000.0,4000.0
607,9000.0,9000.0
612,10000.0,10000.0
618,9000.0,9000.0
620,5000.0,5000.0
623,5000.0,5000.0
624,4000.0,4000.0
629,19000.0,19000.0
633,3000.0,3000.0
634,7000.0,7000.0
637,4000.0,4000.0
644,13000.0,13000.0
651,4000.0,4000.0
658,19000.0,42000.0
663,55000.0,55000.0
664,3000.0,3000.0
674,4000.0,4000.0
678,1000.0,1000.0
680,12000.0,12000.0
682,8000.0,8000.0
683,6000.0,6000.0
684,5000.0,5000.0
694,1000.0,1000.0
704,30000.0,30000.0
709,12000.0,12000.0
710,58000.0,58000.0
711,45000.0,55000.0
715,6000.0,6000.0
723,9000.0,9000.0
729,1000.0,1000.0
736,3000.0,3000.0
738,8000.0,11000.0
740,1000.0,1000.0
741,7000.0,7000.0
742,4000.0,4000.0
746,12000.0,12000.0
748,3000.0,3000.0
749,11000.0,11000.0
752,23000.0,70000.0
756,10000.0,10000.0
758,5000.0,5000.0
763,2000.0,2000.0
764,2000.0,2000.0
767,14000.0,14000.0
768,2000.0,2000.0
771,4000.0,4000.0
775,4000.0,4000.0
778,7000.0,7000.0
779,4000.0,4000.0
784,12000.0,12000.0
786,6000.0,6000.0
793,7000.0,8000.0
794,30000.0,15000.0
799,1000.0,1000.0
800,6000.0,6000.0
810,3000.0,3000.0
812,8000.0,8000.0
813,6000.0,6000.0
824,10000.0,10000.0
830,12000.0,12000.0
833,6000.0,6000.0
840,7000.0,7000.0
848,1000.0,4000.0
849,10000.0,10000.0
856,5000.0,5000.0
857,4000.0,4000.0
858,4000.0,4000.0
863,2000.0,2000.0
877,23000.0,23000.0
882,9000.0,9000.0
886,10000.0,10000.0
889,1000.0,1000.0
894,1000.0,5000.0
895,9000.0,9000.0
898,2000.0,2000.0
903,7000.0,7000.0
910,4000.0,5000.0
914,15000.0,15000.0
927,3000.0,2000.0
940,1000.0,1000.0
942,4000.0,4000.0
947,45000.0,45000.0
952,5000.0,5000.0
963,6000.0,6000.0
972,22000.0,22000.0
996,3000.0,3000.0
999,6000.0,6000.0
1005,2000.0,2000.0
1009,10000.0,10000.0
1014,3000.0,3000.0
1026,15000.0,15000.0
1027,4000.0,4000.0
1031,4000.0,4000.0
1033,2000.0,2000.0
1035,14000.0,14000.0
1036,7000.0,10000.0
1037,3000.0,3000.0
1040,5000.0,5000.0
1044,4000.0,4000.0
1046,17000.0,17000.0
1055,20000.0,20000.0
1057,5000.0,5000.0
1058,26000.0,26000.0
1066,1000.0,1000.0
1067,3000.0,3000.0
1069,3000.0,3000.0
1071,65000.0,65000.0
1074,1000.0,1000.0
1080,8000.0,8000.0
1089,7000.0,7000.0
1093,2000.0,2000.0
1098,30000.0,30000.0
1099,2000.0,2000.0
1103,25000.0,25000.0
1108,2000.0,2000.0
1113,3000.0,3000.0
1115,35000.0,50000.0
1118,10000.0,10000.0
1120,6000.0,6000.0
1123,13000.0,13000.0
1124,18000.0,18000.0
1129,6000.0,6000.0
1132,8000.0,42000.0
1135,5000.0,5000.0
1146,25000.0,25000.0
1157,6000.0,6000.0
1158,21000.0,45000.0
1161,5000.0,5000.0
1164,5000.0,5000.0
1168,10000.0,10000.0
1171,2000.0,2000.0
1177,25000.0,25000.0
1179,16000.0,16000.0
1180,21000.0,21000.0
1181,2000.0,2000.0
1182,2000.0,2000.0
1187,5000.0,5000.0
1189,2000.0,2000.0
1192,10000.0,10000.0
1195,25000.0,25000.0
1196,3000.0,3000.0
1197,15000.0,15000.0
1202,7000.0,7000.0
1206,100000.0,100000.0
1211,4000.0,4000.0
1212,7000.0,7000.0
1221,3000.0,3000.0
1222,18000.0,18000.0
1236,5000.0,5000.0
1239,15000.0,15000.0
1240,3000.0,3000.0
1250,6000.0,6000.0
1255,4000.0,4000.0
1256,4000.0,4000.0
1261,6000.0,6000.0
1268,2000.0,2000.0
1269,5000.0,5000.0
1282,13000.0,13000.0
1283,10000.0,10000.0
1285,8000.0,8000.0
1286,10000.0,25000.0
1300,8000.0,8000.0
1301,3000.0,1000.0
1302,14000.0,14000.0
1304,125000.0,125000.0
1305,2000.0,2000.0
1306,5000.0,5000.0
1310,5000.0,5000.0
1318,4000.0,4000.0
1334,16000.0,16000.0
1336,6000.0,6000.0
1339,12000.0,12000.0
1341,6000.0,6000.0
1352,6000.0,6000.0
1356,5000.0,5000.0
1358,6000.0,6000.0
1359,1000.0,1000.0
1363,5000.0,5000.0
1365,7000.0,7000.0
1367,21000.0,42000.0
1381,38000.0,38000.0
1386,3000.0,3000.0
1389,9000.0,9000.0
1393,1000.0,1000.0
1396,2000.0,2000.0
1399,5000.0,5000.0
1409,4000.0,4000.0
1416,5000.0,5000.0
1418,7000.0,7000.0
1420,20000.0,50000.0
1427,8000.0,8000.0
1431,6000.0,10000.0
1439,7000.0,7000.0
1442,2000.0,2000.0
1445,29000.0,29000.0
1451,14000.0,14000.0
1452,55000.0,55000.0
1453,13000.0,13000.0
1464,94000.0,225000.0
1465,16000.0,16000.0
1468,4000.0,4000.0
1470,6000.0,6000.0
1474,16000.0,16000.0
1485,8000.0,8000.0
1489,7000.0,7000.0
1491,12000.0,12000.0
1504,25000.0,25000.0
1514,10000.0,10000.0
1516,5000.0,5000.0
1520,25000.0,25000.0
1521,1000.0,1000.0
1523,4000.0,4000.0
1526,11000.0,30000.0
1533,20000.0,20000.0
1546,4000.0,4000.0
1549,6000.0,6000.0
1551,14000.0,14000.0
1554,1000.0,1000.0
1556,9000.0,32000.0
1560,7000.0,7000.0
1573,10000.0,15000.0
1575,20000.0,29000.0
1578,7000.0,7000.0
1583,5000.0,5000.0
1597,8000.0,8000.0
1598,5000.0,5000.0
1604,22000.0,22000.0
1606,9000.0,9000.0
1608,12000.0,12000.0
1610,1000.0,1000.0
1612,13000.0,13000.0
1616,2000.0,2000.0
1617,5000.0,5000.0
1621,3000.0,3000.0
1624,7000.0,7000.0
1627,10000.0,10000.0
1637,7000.0,7000.0
1639,55000.0,55000.0
1643,7000.0,7000.0
1644,2000.0,2000.0
1648,10000.0,10000.0
1655,5000.0,5000.0
1656,2000.0,2000.0
1657,40000.0,40000.0
1659,2000.0,2000.0
1666,3000.0,15000.0
1672,1000.0,1000.0
1679,12000.0,12000.0
1682,5000.0,5000.0
1691,7000.0,7000.0
1702,4000.0,4000.0
1718,1000.0,1000.0
1719,10000.0,10000.0
1720,5000.0,5000.0
1727,13000.0,13000.0
1730,5000.0,5000.0
1734,4000.0,4000.0
1735,4000.0,4000.0
1738,2000.0,6000.0
1739,3000.0,3000.0
1743,17000.0,17000.0
1751,2000.0,2000.0
1755,14000.0,14000.0
1766,3000.0,3000.0
1771,6000.0,6000.0
1773,45000.0,45000.0
1788,3000.0,3000.0
1789,16000.0,16000.0
1791,4000.0,10000.0
1797,10000.0,10000.0
1806,4000.0,4000.0
1808,50000.0,50000.0
1811,10000.0,10000.0
1821,3000.0,3000.0
1823,3000.0,3000.0
1825,5000.0,5000.0
1836,13000.0,13000.0
1838,12000.0,12000.0
1847,3000.0,3000.0
1849,5000.0,5000.0
1857,4000.0,4000.0
1861,11000.0,11000.0
1878,6000.0,6000.0
1881,6000.0,6000.0
1882,7000.0,7000.0
1886,11000.0,11000.0
1887,20000.0,20000.0
1911,9000.0,9000.0
1912,7000.0,7000.0
1920,5000.0,5000.0
1926,12000.0,12000.0
1929,4000.0,10000.0
1932,4000.0,4000.0
1937,7000.0,7000.0
1942,3000.0,3000.0
1953,1000.0,1000.0
1954,9000.0,9000.0
1966,32000.0,32000.0
1969,3000.0,3000.0
1971,8000.0,8000.0
1974,3000.0,3000.0
1976,15000.0,15000.0
1977,8000.0,8000.0
1983,5000.0,5000.0
1986,11000.0,12000.0
1990,3000.0,3000.0
1991,30000.0,30000.0
1993,35000.0,35000.0
1995,16000.0,60000.0
1999,15000.0,15000.0
2002,12000.0,12000.0
2003,8000.0,8000.0
2010,1000.0,1000.0
2011,11000.0,20000.0
2012,8000.0,8000.0
2014,4000.0,4000.0
2019,2000.0,2000.0
2025,20000.0,20000.0
2026,13000.0,13000.0
2029,16000.0,16000.0
2032,3000.0,3000.0
2033,1000.0,1000.0
2038,25000.0,20000.0
2039,8000.0,8000.0
2044,75000.0,42000.0
2045,15000.0,15000.0
2046,4000.0,4000.0
2049,30000.0,30000.0
2053,5000.0,5000.0
2059,1000.0,1000.0
2067,4000.0,20000.0
2072,100000.0,100000.0
2081,39000.0,50000.0
2086,2000.0,2000.0
2091,17000.0,21000.0
2096,2000.0,2000.0
2099,6000.0,6000.0
2100,5000.0,5000.0
2115,1000.0,1000.0
2125,3000.0,3000.0
2127,12000.0,12000.0
2139,4000.0,4000.0
2148,3000.0,4000.0
2159,1000.0,1000.0
2167,2000.0,2000.0
2180,20000.0,20000.0
2188,2000.0,2000.0
2189,9000.0,9000.0
2190,5000.0,5000.0
2191,2000.0,2000.0
2200,6000.0,8000.0
2201,25000.0,25000.0
2204,7000.0,7000.0
2218,6000.0,6000.0
2220,5000.0,5000.0
2223,20000.0,20000.0
2229,6000.0,6000.0
2232,2000.0,2000.0
2233,4000.0,4000.0
2245,5000.0,5000.0
2249,7000.0,7000.0
2261,16000.0,16000.0
